# Blender v2.79 (sub 0) OBJ File: ''
# www.blender.org
o f16
v -0.766528 0.015134 0.103501
v -0.585698 0.047422 0.098752
v -0.767250 0.040925 0.088363
v -0.585698 0.026201 0.115571
v -0.287549 0.076906 0.077575
v -0.287549 0.049355 0.107251
v -0.585698 0.070402 0.070046
v -0.766770 0.078788 0.048924
v -0.585698 0.086552 0.049706
v -0.766770 0.065675 0.067658
v -0.766624 -0.015800 0.103499
v -0.585704 -0.011380 0.171425
v -0.767107 -0.010612 0.171100
v -0.585692 -0.019992 0.111005
v -0.287172 0.008388 0.172020
v 0.146468 0.032872 0.122182
v -0.287499 0.033879 0.125234
v 0.131137 -0.012670 0.212001
v 0.148240 0.045787 0.100580
v 0.147758 0.065670 0.081490
v 0.147760 0.090078 0.059385
v -0.287464 0.092159 0.052107
v 0.264404 -0.008385 0.189481
v 0.264780 -0.015809 0.174671
v 0.675124 0.033084 0.077414
v 0.718994 0.049905 0.066660
v 0.675206 0.054268 0.068508
v 0.718994 0.028304 0.075969
v -0.438649 -0.003443 0.212000
v -0.292895 0.008083 0.212000
v -0.438481 -0.003622 0.171773
v -0.287174 -0.014735 0.172019
v -0.292547 -0.013976 0.212000
v 0.131137 -0.019340 0.164880
v -0.359431 -0.004516 0.709709
v -0.440726 -0.001219 0.709709
v 0.147600 0.126366 0.000000
v 0.261879 0.125526 0.021402
v 0.261717 0.135782 0.010149
v 0.261717 0.138946 0.000000
v -0.878763 0.028316 0.070784
v -0.858139 0.009792 0.083393
v -0.858500 0.030577 0.074149
v -0.878745 0.008671 0.078885
v -0.858260 0.048804 0.059984
v -0.878763 0.069185 0.000002
v -0.858260 0.070452 0.023136
v -0.858342 0.073319 0.000000
v -0.878745 0.066377 0.021066
v -0.878745 -0.091433 0.021219
v -0.858342 -0.098165 -0.000000
v -0.858260 -0.095330 0.022659
v -0.878763 -0.094281 -0.000002
v -0.878763 -0.083332 0.040864
v -0.858260 -0.086354 0.043776
v -0.878745 -0.070255 0.057819
v -0.858260 -0.072609 0.061695
v -0.766770 -0.080805 0.080885
v -0.858260 -0.054537 0.075318
v -0.766770 -0.057100 0.097187
v -0.878745 -0.033614 0.078926
v -0.858260 -0.034460 0.082752
v -0.878763 -0.053417 0.070782
v -0.878763 -0.012551 0.081733
v -0.858260 -0.013205 0.085857
v -0.948980 -0.002930 0.172288
v -0.948981 -0.002928 0.107856
v -0.766668 0.010312 0.170891
v -0.512623 0.101172 0.020850
v -0.287180 0.128686 0.004324
v -0.513997 0.166159 0.013861
v -0.287335 0.108807 0.006542
v -0.981068 0.483077 0.004567
v -1.033390 0.456094 0.006514
v -0.968489 0.460040 0.004777
v -1.033620 0.480994 0.006266
v -0.766824 0.091726 0.017499
v -0.767220 0.164400 0.009815
v -0.878716 0.084030 0.013410
v -0.888956 0.161592 0.007555
v -0.888998 0.090467 0.013410
v -0.888995 0.130914 0.009794
v -0.766934 0.091230 0.000000
v -0.766770 0.088056 0.028972
v -0.585698 0.096449 0.029365
v -0.585698 0.099707 0.019869
v -0.287379 0.103053 0.026639
v -0.077461 -0.011251 0.729722
v -0.087597 0.006309 0.723037
v -0.077461 0.006309 0.729722
v -0.087597 -0.011251 0.723037
v -0.467624 -0.001651 0.709715
v -0.467622 0.006799 0.732923
v -0.467624 0.006798 0.709715
v -0.467622 -0.011251 0.732923
v -0.467624 -0.011590 0.718618
v -0.364142 0.006309 0.709655
v -0.364142 0.004285 0.709709
v -0.181375 0.006309 0.709710
v -0.241292 -0.000300 0.709709
v -0.181375 -0.000300 0.709710
v -0.181372 0.006309 0.732919
v -0.362655 -0.011251 0.732922
v -0.181372 -0.011251 0.732919
v -0.362685 0.006619 0.732921
v -0.078419 0.006309 0.732916
v -0.078419 -0.011251 0.732916
v -0.364489 -0.105727 0.077980
v -0.422610 -0.206383 0.114124
v -0.441795 -0.109950 0.070540
v -0.515410 -0.092018 0.084660
v -0.585695 -0.096272 0.074812
v -0.578241 -0.177352 0.102896
v -0.586029 -0.102037 0.067257
v -0.766771 -0.098051 0.058365
v -0.585702 -0.090008 0.082991
v -0.587140 -0.119578 -0.000000
v -0.766770 -0.111489 0.030205
v -0.766934 -0.114402 -0.000000
v -0.587139 -0.115357 0.032162
v 0.547339 -0.009519 0.130198
v 0.445577 0.018208 0.109695
v 0.435033 -0.007526 0.152486
v 0.547339 0.009589 0.105445
v -0.585698 0.009586 0.171317
v -0.287174 -0.128958 -0.000000
v -0.364407 -0.124498 0.032531
v -0.364407 -0.128162 -0.000000
v -0.287174 -0.125475 0.032651
v -0.441833 -0.095395 0.086062
v -0.287190 -0.099336 0.088080
v -0.364522 -0.111115 0.071371
v -0.287156 -0.113966 0.070136
v -0.585698 -0.037449 0.105992
v -0.766770 -0.036986 0.098698
v -0.585698 -0.063276 0.100708
v 0.547339 -0.031603 0.041181
v 0.521620 -0.032625 -0.000000
v 0.547339 -0.033358 -0.000000
v 0.485619 -0.028989 0.054500
v -0.184338 0.112298 0.000000
v 0.147923 0.105929 0.038829
v -0.995632 0.000459 0.173809
v -0.993445 -0.014246 0.398599
v -0.847619 -0.014223 0.432237
v -0.636643 0.000344 0.171220
v -0.959214 -0.011322 0.432237
v -0.959214 -0.017124 0.432237
v -0.584555 0.164687 0.012170
v -0.584555 0.170606 0.008712
v -0.514001 0.172520 0.000000
v -0.287161 0.131081 0.000000
v -0.902315 0.161597 0.007555
v -0.902354 0.130919 0.006522
v 0.261558 0.107066 0.045872
v 0.348402 0.083683 0.066783
v 0.348487 0.104956 0.050803
v 0.261724 0.088054 0.064352
v 0.261877 0.027382 0.117374
v 0.348587 0.129976 0.036525
v 0.261729 0.065674 0.081489
v 0.547339 0.046796 0.082146
v 0.630704 0.058702 0.070386
v 0.547339 0.068695 0.072276
v 0.630704 0.037923 0.078877
v 0.630704 -0.033345 0.057825
v 0.547339 -0.029239 0.064632
v 0.630704 -0.036071 0.034972
v 0.630704 -0.010818 0.114275
v 0.547339 -0.014943 0.120487
v 0.630704 -0.017885 0.106924
v 0.630704 -0.026364 0.094912
v 0.547339 -0.022965 0.104721
v 0.630704 0.000069 0.101997
v 0.630704 -0.037571 -0.000000
v 0.462449 0.102190 0.057267
v 0.547339 0.090594 0.062406
v 0.459561 0.078078 0.069899
v 0.419951 -0.025264 0.087335
v 0.433811 -0.015088 0.139506
v 0.430242 -0.021269 0.127719
v 0.131137 -0.132744 -0.000000
v 0.131137 -0.130245 0.033301
v 0.131137 -0.119822 0.069801
v 0.131137 -0.099611 0.089228
v -0.287174 -0.067006 0.100030
v 0.131137 -0.068271 0.101653
v -0.287174 -0.038163 0.107577
v 0.131137 -0.038721 0.108015
v 0.265663 -0.134761 0.033510
v 0.265663 -0.136944 -0.000000
v 0.265663 -0.135852 0.016755
v 0.265663 -0.124437 0.069489
v 0.265663 -0.129599 0.051500
v 0.265666 -0.026248 0.112653
v 0.265555 -0.036571 0.108415
v 0.131137 -0.026652 0.113221
v 0.265207 -0.019752 0.154678
v 0.457689 0.120903 0.052463
v 0.480690 0.112548 0.054903
v 0.529609 0.103340 0.057473
v 0.552847 0.099705 0.057375
v 0.693769 0.087814 0.053471
v 0.719007 0.068947 0.057712
v 0.719029 0.086547 0.048244
v 0.675587 0.088276 0.056031
v 0.675283 0.074100 0.060409
v 0.588381 0.094918 0.057226
v 0.630704 0.079481 0.061896
v 0.625562 0.092139 0.057070
v 0.653741 0.088806 0.056951
v 0.304946 0.143759 0.000000
v 0.306647 0.143201 0.006963
v 0.312377 0.141114 0.015048
v 0.322758 0.137085 0.025380
v 0.814535 -0.045006 0.042527
v 0.905208 -0.053338 0.018565
v 0.905208 -0.050699 0.034258
v 0.814535 -0.047639 0.025002
v 0.719046 -0.038706 0.051017
v 0.762195 -0.044056 0.028289
v 0.762195 -0.041423 0.047407
v 0.719044 -0.041257 0.030665
v 0.762195 -0.046080 -0.000000
v 0.719042 -0.043246 -0.000000
v 0.814535 -0.049610 -0.000000
v 0.905208 -0.054739 -0.000000
v 0.814537 -0.019763 0.083875
v 0.905208 -0.033996 0.069225
v 0.903517 -0.024702 0.071328
v 0.814536 -0.028374 0.080981
v 0.719017 -0.014701 0.100355
v 0.762195 -0.025274 0.087843
v 0.762195 -0.016827 0.092752
v 0.719033 -0.022606 0.093545
v 0.719043 -0.030264 0.082179
v 0.762195 -0.032786 0.077531
v 0.905208 -0.040992 0.061879
v 0.814536 -0.035847 0.071970
v 0.762179 0.044367 0.064845
v 0.762179 0.062244 0.054705
v 0.902642 0.024241 0.055233
v 0.814540 0.054559 0.050965
v 0.814539 0.038483 0.062474
v 0.902531 0.039969 0.044580
v 0.814540 0.070745 0.036311
v 0.903420 0.048682 0.031026
v 0.907949 0.055135 0.000000
v 0.814549 0.080993 0.015485
v 0.906914 0.053614 0.015905
v 0.814554 0.081607 0.007944
v 0.902647 0.001276 0.066158
v 0.963526 0.013560 0.049661
v 0.963671 -0.006809 0.058235
v 0.814538 0.013158 0.073130
v 0.965559 0.038393 0.013867
v 0.964233 0.034063 0.027128
v 1.034040 0.015660 0.021950
v 1.034040 0.019321 0.011195
v 1.034040 0.020553 0.000000
v 0.966405 0.039748 0.000000
v 1.034040 -0.000520 0.040535
v 0.963634 0.026492 0.039175
v 1.034040 0.009603 0.031877
v 0.963894 -0.027866 0.062699
v 1.034040 -0.031729 0.051182
v 1.034040 -0.016347 0.047470
v 1.034040 -0.054806 0.021444
v 0.963965 -0.055935 0.014647
v 1.034040 -0.057039 0.010660
v 0.964071 -0.053362 0.028953
v 0.963892 -0.056872 -0.000000
v 1.034040 -0.057696 -0.000000
v 0.964018 -0.037758 0.060858
v 0.964076 -0.044152 0.053790
v 1.034050 -0.045982 0.044315
v 1.034040 -0.040349 0.050226
v 0.905208 -0.046817 0.048770
v 0.814535 -0.041378 0.057927
v 0.762195 -0.037965 0.063264
v 0.719046 -0.035395 0.067141
v 0.964101 -0.049397 0.042578
v 1.034040 -0.051120 0.033086
v 0.674967 -0.007334 0.101174
v 0.674950 -0.011656 0.107301
v 0.674839 -0.040406 -0.000000
v 0.674846 -0.038662 0.032820
v 0.762179 0.021524 0.074469
v 0.674856 -0.036024 0.054423
v 0.674917 -0.020248 0.100227
v 0.674886 -0.028315 0.088544
v 0.674869 -0.032625 0.071754
v 0.762192 -0.002634 0.084244
v 0.718994 0.006425 0.084492
v 0.814556 0.081808 0.000000
v 0.814541 0.079953 0.022221
v 0.762189 0.084467 0.039324
v 0.675040 0.011504 0.086045
v 0.453037 0.033873 0.094489
v 0.547339 0.026135 0.090924
v 0.348223 0.038680 0.097828
v 0.348161 0.023073 0.113767
v 0.261734 0.042646 0.100583
v 0.630704 0.016627 0.087611
v 0.347987 -0.020513 0.141156
v 0.347966 -0.025723 0.099147
v 0.348037 -0.007964 0.171348
v 0.348007 -0.015454 0.157357
v 0.348310 0.060474 0.081952
v 0.456673 0.053965 0.082531
v -0.888998 0.090467 0.000000
v -0.878716 0.084030 0.000000
v -0.888995 0.130914 0.000000
v -0.902354 0.130919 0.000000
v -0.766824 0.091730 0.000000
v -0.902315 0.164215 0.000000
v -0.888956 0.164209 0.000000
v 0.265747 -0.113251 0.079810
v 0.265831 -0.102066 0.090131
v 0.265845 -0.068840 0.100897
v 0.265700 -0.052706 0.104656
v 0.265838 -0.085453 0.095514
v 1.152060 -0.038694 0.023659
v 1.152050 -0.043095 0.023217
v 1.152060 -0.045396 0.020484
v 1.152060 -0.048996 0.009912
v 1.152050 -0.049908 0.004927
v 1.152060 -0.050176 -0.000000
v 1.152060 -0.019313 0.010146
v 1.152060 -0.017818 0.005175
v 1.152060 -0.017315 -0.000000
v 1.152060 -0.025922 0.018737
v 1.152060 -0.021787 0.014735
v 1.152060 -0.032394 0.021943
v 1.152060 -0.047492 0.015294
v 1.176900 -0.039516 0.015024
v 1.176900 -0.042099 0.014743
v 1.176900 -0.043445 0.013008
v 1.176900 -0.045546 0.006295
v 1.176900 -0.046078 0.003129
v 1.176900 -0.046235 -0.000000
v 1.176900 -0.028133 0.006443
v 1.176900 -0.027255 0.003286
v 1.176900 -0.026959 -0.000000
v 1.176900 -0.032016 0.011899
v 1.176900 -0.029587 0.009357
v 1.176900 -0.035816 0.013934
v 1.176900 -0.044668 0.009712
v 1.189320 -0.039645 0.009137
v 1.189320 -0.041113 0.008966
v 1.189320 -0.041878 0.007911
v 1.189320 -0.043072 0.003828
v 1.189320 -0.043375 0.001903
v 1.189320 -0.043463 -0.000000
v 1.189320 -0.032675 0.001998
v 1.189320 -0.033175 0.003918
v 1.189320 -0.032507 -0.000000
v 1.189320 -0.034001 0.005691
v 1.189320 -0.035381 0.007236
v 1.189320 -0.037541 0.008474
v 1.189320 -0.042573 0.005906
v -0.585698 -0.000674 0.171346
v -0.287174 -0.024808 0.113084
v -0.840367 0.467756 0.000000
v -0.899249 0.486320 0.001921
v -0.878506 0.465510 0.002369
v -0.862324 0.487618 0.000000
v -0.767392 0.166764 0.007395
v -1.051050 0.479047 0.000000
v -1.050800 0.457669 0.006514
v -1.051020 0.479095 0.006266
v -1.050820 0.457621 0.000000
v -1.033420 0.456039 0.000000
v -0.968473 0.460010 0.000993
v -1.033640 0.480939 0.000000
v -0.899249 0.486320 0.000000
v -0.132690 -0.000300 0.719279
v -0.132690 0.006309 0.719279
v -0.098242 -0.011251 0.719936
v -0.121196 0.006309 0.720305
v -0.098242 0.006309 0.719936
v -0.121196 -0.011251 0.720305
v -0.181374 0.008736 0.712053
v -0.181373 0.008736 0.730598
v -0.133018 0.008736 0.721580
v -0.080163 0.008736 0.730652
v -0.121280 0.008736 0.722627
v -0.098555 0.008736 0.722262
v -0.088582 0.008736 0.725167
v -0.362834 0.008736 0.730601
v -0.363997 0.008736 0.711975
v -0.465301 0.008736 0.730602
v -0.465303 0.008736 0.712034
v -0.241292 -0.011764 0.718965
v -0.359431 -0.011794 0.718912
v -0.440726 -0.011816 0.718876
v -0.181375 -0.011764 0.718934
v -0.132780 -0.011259 0.720202
v -0.359431 -0.013572 0.722725
v -0.362651 -0.013572 0.730601
v -0.440726 -0.013572 0.722714
v -0.465301 -0.013572 0.730602
v -0.465303 -0.013572 0.722714
v -0.241291 -0.013572 0.722741
v -0.088582 -0.013572 0.725167
v -0.080163 -0.013572 0.730652
v -0.181374 -0.013572 0.722710
v -0.132790 -0.013572 0.722718
v -0.181372 -0.013572 0.730598
v -0.121168 -0.013572 0.722625
v -0.098555 -0.013572 0.722262
v -0.858260 0.062015 0.042555
v 0.786821 0.083873 0.030947
v 0.799770 0.084710 0.023059
v 0.807318 0.085336 0.015799
v 0.809146 0.085333 0.008057
v 0.809366 0.085333 0.000000
v 0.451003 -0.063302 0.097922
v 0.453552 -0.067602 0.097085
v 0.453552 -0.066781 0.100445
v 0.453552 -0.063302 0.101691
v 0.453552 -0.059823 0.100445
v 0.453552 -0.059002 0.098429
v 0.459706 -0.068221 0.101280
v 0.459706 -0.069383 0.096310
v 0.459706 -0.063302 0.103042
v 0.459706 -0.058382 0.101280
v 0.459706 -0.057221 0.098429
v 0.500321 -0.068221 0.098922
v 0.500321 -0.069383 0.096070
v 0.500321 -0.063302 0.100993
v 0.500321 -0.058382 0.099231
v 0.500321 -0.057221 0.097422
v 0.506475 -0.066781 0.098086
v 0.506475 -0.067602 0.096070
v 0.506475 -0.063302 0.099642
v 0.506475 -0.059823 0.098396
v 0.506475 -0.059002 0.096952
v 0.509024 -0.063302 0.096380
v 0.855532 0.020797 0.068898
v 0.858262 0.020539 0.068178
v 0.857898 0.021519 0.067654
v 0.856887 0.022284 0.067403
v 0.855499 0.022630 0.067491
v 0.849020 0.022333 0.068087
v 0.848847 0.020870 0.069017
v 0.848676 0.019413 0.069896
v 0.855466 0.018809 0.069849
v 0.856858 0.018975 0.069445
v 0.857881 0.019608 0.068834
v 0.860004 0.022037 0.066040
v 0.860707 0.020145 0.067052
v 0.858050 0.023516 0.065554
v 0.855370 0.024185 0.065724
v 0.849192 0.023795 0.066652
v 0.848475 0.017714 0.070424
v 0.855305 0.016803 0.070280
v 0.857995 0.017123 0.069500
v 0.859972 0.018346 0.068318
v 0.861706 0.022318 0.064165
v 0.862701 0.019641 0.065596
v 0.858944 0.024409 0.063478
v 0.855153 0.025354 0.063718
v 0.849341 0.025056 0.064849
v 0.848268 0.015964 0.070520
v 0.855062 0.014914 0.070161
v 0.858865 0.015367 0.069058
v 0.861661 0.017097 0.067387
v 0.862889 0.022340 0.062157
v 0.864107 0.019062 0.063909
v 0.859505 0.024901 0.061315
v 0.854863 0.026059 0.061610
v 0.849447 0.025916 0.062802
v 0.848076 0.014352 0.070096
v 0.854751 0.013272 0.069501
v 0.859409 0.013827 0.068149
v 0.862833 0.015946 0.066103
v 0.863472 0.022102 0.060153
v 0.864831 0.018447 0.062107
v 0.859698 0.024959 0.059214
v 0.854519 0.026251 0.059542
v 0.849329 0.026209 0.060694
v 0.847918 0.013003 0.069024
v 0.854395 0.011989 0.068344
v 0.859590 0.012608 0.066836
v 0.863410 0.014971 0.064553
v 0.863415 0.021622 0.058289
v 0.864821 0.017837 0.060312
v 0.859507 0.024579 0.057317
v 0.854146 0.025917 0.057657
v 0.849456 0.025879 0.058698
v 0.847791 0.012115 0.067527
v 0.854017 0.011152 0.066769
v 0.859396 0.011792 0.065208
v 0.863350 0.014240 0.062845
v 0.836053 0.024243 0.062612
v 0.819507 0.020936 0.068797
v 0.836251 0.024317 0.063678
v 0.819044 0.020808 0.068415
v 0.820687 0.021033 0.069101
v 0.836552 0.024133 0.065501
v 0.822486 0.021066 0.069223
v 0.836667 0.023369 0.066661
v 0.824781 0.021032 0.069155
v 0.836769 0.022483 0.067832
v 0.827415 0.020933 0.068901
v 0.836838 0.021649 0.068775
v 0.836842 0.021000 0.069232
v 0.836827 0.020319 0.069596
v 0.836741 0.019245 0.069830
v 0.836620 0.018010 0.069968
v 0.836488 0.016860 0.069989
v 0.836176 0.015719 0.068984
v 0.835974 0.015171 0.068210
v 1.201740 -0.039506 -0.000000
v -0.515408 -0.107434 0.069654
v -0.878745 0.045270 0.057706
v -0.878763 0.058234 0.040869
v -0.766528 0.015134 -0.103501
v -0.585698 0.047422 -0.098752
v -0.585698 0.026201 -0.115571
v -0.767250 0.040925 -0.088363
v -0.287549 0.076906 -0.077575
v -0.585698 0.070402 -0.070046
v -0.287549 0.049355 -0.107251
v -0.766770 0.078788 -0.048924
v -0.766770 0.065675 -0.067658
v -0.585698 0.086552 -0.049706
v -0.766624 -0.015800 -0.103499
v -0.585704 -0.011380 -0.171425
v -0.585692 -0.019992 -0.111005
v -0.767107 -0.010612 -0.171100
v -0.287172 0.008388 -0.172020
v 0.146468 0.032872 -0.122182
v 0.131137 -0.012670 -0.212001
v -0.287499 0.033879 -0.125234
v 0.148240 0.045787 -0.100580
v 0.147758 0.065670 -0.081490
v 0.147760 0.090078 -0.059385
v -0.287464 0.092159 -0.052107
v 0.264404 -0.008385 -0.189481
v 0.264780 -0.015809 -0.174671
v 0.675124 0.033084 -0.077414
v 0.718994 0.049905 -0.066660
v 0.718994 0.028304 -0.075969
v 0.675206 0.054268 -0.068508
v -0.438649 -0.003443 -0.212000
v -0.438481 -0.003622 -0.171773
v -0.292895 0.008083 -0.212000
v -0.287174 -0.014735 -0.172019
v 0.131137 -0.019340 -0.164880
v -0.292547 -0.013976 -0.212000
v -0.359431 -0.004516 -0.709709
v -0.440726 -0.001219 -0.709709
v 0.261717 0.135782 -0.010149
v 0.261879 0.125526 -0.021402
v -0.878763 0.028321 -0.070782
v -0.858139 0.009792 -0.083393
v -0.878745 0.008518 -0.078926
v -0.858500 0.030577 -0.074149
v -0.858260 0.048804 -0.059984
v -0.858260 0.070452 -0.023136
v -0.878745 0.066336 -0.021219
v -0.878745 -0.091474 -0.021066
v -0.858260 -0.095330 -0.022659
v -0.878763 -0.083330 -0.040869
v -0.858260 -0.086354 -0.043776
v -0.878745 -0.070367 -0.057706
v -0.858260 -0.072609 -0.061695
v -0.766770 -0.080805 -0.080885
v -0.858260 -0.054537 -0.075318
v -0.766770 -0.057100 -0.097187
v -0.878745 -0.033767 -0.078885
v -0.878763 -0.053413 -0.070784
v -0.858260 -0.034460 -0.082752
v -0.878763 -0.012546 -0.081733
v -0.858260 -0.013205 -0.085857
v -0.948980 -0.002930 -0.172288
v -0.766668 0.010312 -0.170891
v -0.948981 -0.002928 -0.107856
v -0.512623 0.101172 -0.020850
v -0.287180 0.128686 -0.004324
v -0.287335 0.108807 -0.006542
v -0.513997 0.164830 -0.013861
v -0.981068 0.483077 -0.004567
v -1.033390 0.456094 -0.006514
v -1.033620 0.480994 -0.006266
v -0.968489 0.460040 -0.004777
v -0.767220 0.164400 -0.009815
v -0.766824 0.091726 -0.017499
v -0.888956 0.161592 -0.007555
v -0.878716 0.084030 -0.013410
v -0.888995 0.130914 -0.009794
v -0.888998 0.090467 -0.013410
v -0.766770 0.088056 -0.028972
v -0.585698 0.096449 -0.029365
v -0.585698 0.099707 -0.019869
v -0.287379 0.103053 -0.026639
v -0.077461 -0.011251 -0.729722
v -0.087597 0.006309 -0.723037
v -0.087597 -0.011251 -0.723037
v -0.077461 0.006309 -0.729722
v -0.467624 0.006798 -0.709715
v -0.467622 0.006799 -0.732923
v -0.467624 -0.001651 -0.709715
v -0.467622 -0.011251 -0.732923
v -0.467624 -0.011590 -0.718618
v -0.364142 0.004285 -0.709709
v -0.364142 0.006309 -0.709655
v -0.241292 -0.000300 -0.709709
v -0.181375 -0.000300 -0.709710
v -0.181375 0.006309 -0.709710
v -0.181372 0.006309 -0.732919
v -0.362655 -0.011251 -0.732922
v -0.362685 0.006619 -0.732921
v -0.181372 -0.011251 -0.732919
v -0.078419 0.006309 -0.732916
v -0.078419 -0.011251 -0.732916
v -0.364489 -0.105727 -0.077980
v -0.441795 -0.109950 -0.070540
v -0.422610 -0.206383 -0.114124
v -0.515410 -0.092018 -0.084660
v -0.578241 -0.177352 -0.102896
v -0.585695 -0.096272 -0.074812
v -0.766771 -0.098051 -0.058365
v -0.586029 -0.102037 -0.067257
v -0.585702 -0.090008 -0.082991
v -0.766770 -0.111489 -0.030205
v -0.587139 -0.115357 -0.032162
v 0.547339 -0.009519 -0.130198
v 0.445577 0.018208 -0.109695
v 0.547339 0.009589 -0.105445
v 0.435033 -0.007526 -0.152486
v -0.585698 0.009586 -0.171317
v -0.364407 -0.124498 -0.032531
v -0.287174 -0.125475 -0.032651
v -0.287190 -0.099336 -0.088080
v -0.441833 -0.095395 -0.086062
v -0.364522 -0.111115 -0.071371
v -0.287156 -0.113966 -0.070136
v -0.585698 -0.037449 -0.105992
v -0.585698 -0.063276 -0.100708
v -0.766770 -0.036986 -0.098698
v 0.547339 -0.031603 -0.041181
v 0.485619 -0.028989 -0.054500
v 0.147923 0.105929 -0.038829
v -0.995632 0.000459 -0.173809
v -0.993445 -0.014246 -0.398599
v -0.636643 0.000344 -0.171220
v -0.847619 -0.014223 -0.432237
v -0.959214 -0.011322 -0.432237
v -0.959214 -0.017124 -0.432237
v -0.584555 0.164687 -0.012170
v -0.584555 0.170606 -0.008712
v -0.902315 0.161597 -0.007555
v -0.902354 0.130919 -0.006522
v 0.348487 0.104956 -0.050803
v 0.459561 0.078078 -0.069899
v 0.348402 0.083683 -0.066783
v 0.462449 0.102190 -0.057267
v 0.261558 0.107066 -0.045872
v 0.261877 0.027382 -0.117374
v 0.348587 0.129976 -0.036525
v 0.261724 0.088054 -0.064352
v 0.261729 0.065674 -0.081489
v 0.547339 0.046796 -0.082146
v 0.630704 0.058702 -0.070386
v 0.630704 0.037923 -0.078877
v 0.547339 0.068695 -0.072276
v 0.630704 -0.033345 -0.057825
v 0.630704 -0.036071 -0.034972
v 0.547339 -0.029239 -0.064632
v 0.630704 -0.010818 -0.114275
v 0.547339 -0.014943 -0.120487
v 0.630704 -0.017885 -0.106924
v 0.630704 -0.026364 -0.094912
v 0.547339 -0.022965 -0.104721
v 0.630704 0.000069 -0.101997
v 0.547339 0.090594 -0.062406
v 0.419951 -0.025264 -0.087335
v 0.433811 -0.015088 -0.139506
v 0.430242 -0.021269 -0.127719
v 0.131137 -0.130245 -0.033301
v 0.131137 -0.119822 -0.069801
v 0.131137 -0.099611 -0.089228
v -0.287174 -0.067006 -0.100030
v 0.131137 -0.068271 -0.101653
v -0.287174 -0.038163 -0.107577
v 0.131137 -0.038721 -0.108015
v 0.265663 -0.134761 -0.033510
v 0.265663 -0.135852 -0.016755
v 0.265663 -0.124437 -0.069489
v 0.265663 -0.129599 -0.051500
v 0.265666 -0.026248 -0.112653
v 0.131137 -0.026652 -0.113221
v 0.265555 -0.036571 -0.108415
v 0.265207 -0.019752 -0.154678
v 0.457689 0.120903 -0.052463
v 0.480690 0.112548 -0.054903
v 0.529609 0.103340 -0.057473
v 0.552847 0.099705 -0.057375
v 0.719029 0.086547 -0.048244
v 0.719007 0.068947 -0.057712
v 0.693769 0.087814 -0.053471
v 0.675283 0.074100 -0.060409
v 0.675587 0.088276 -0.056031
v 0.625562 0.092139 -0.057070
v 0.630704 0.079481 -0.061896
v 0.588381 0.094918 -0.057226
v 0.653741 0.088806 -0.056951
v 0.306647 0.143201 -0.006963
v 0.312377 0.141114 -0.015048
v 0.322758 0.137085 -0.025380
v 0.814535 -0.045006 -0.042527
v 0.905208 -0.053338 -0.018565
v 0.814535 -0.047639 -0.025002
v 0.905208 -0.050699 -0.034258
v 0.719046 -0.038706 -0.051017
v 0.762195 -0.044056 -0.028289
v 0.719044 -0.041257 -0.030665
v 0.762195 -0.041423 -0.047407
v 0.814537 -0.019763 -0.083875
v 0.905208 -0.033996 -0.069225
v 0.814536 -0.028374 -0.080981
v 0.903517 -0.024702 -0.071328
v 0.719017 -0.014701 -0.100355
v 0.762195 -0.025274 -0.087843
v 0.719033 -0.022606 -0.093545
v 0.762195 -0.016827 -0.092752
v 0.719043 -0.030264 -0.082179
v 0.762195 -0.032786 -0.077531
v 0.905208 -0.040992 -0.061879
v 0.814536 -0.035847 -0.071970
v 0.762179 0.044367 -0.064845
v 0.762179 0.062244 -0.054705
v 0.902642 0.024241 -0.055233
v 0.814540 0.054559 -0.050965
v 0.902531 0.039969 -0.044580
v 0.814539 0.038483 -0.062474
v 0.814540 0.070745 -0.036311
v 0.903420 0.048682 -0.031026
v 0.814549 0.080993 -0.015485
v 0.814554 0.081607 -0.007944
v 0.906914 0.053614 -0.015905
v 0.902647 0.001276 -0.066158
v 0.963526 0.013560 -0.049661
v 0.963671 -0.006809 -0.058235
v 0.814538 0.013158 -0.073130
v 0.965559 0.038393 -0.013867
v 0.964233 0.034063 -0.027128
v 1.034040 0.015660 -0.021950
v 1.034040 0.019321 -0.011195
v 1.034040 -0.000520 -0.040535
v 0.963634 0.026492 -0.039175
v 1.034040 0.009603 -0.031877
v 0.963894 -0.027866 -0.062699
v 1.034040 -0.031729 -0.051182
v 1.034040 -0.016347 -0.047470
v 1.034040 -0.054806 -0.021444
v 0.963965 -0.055935 -0.014647
v 0.964071 -0.053362 -0.028953
v 1.034040 -0.057039 -0.010660
v 0.964018 -0.037758 -0.060858
v 0.964076 -0.044152 -0.053790
v 1.034050 -0.045982 -0.044315
v 1.034040 -0.040349 -0.050226
v 0.905208 -0.046817 -0.048770
v 0.814535 -0.041378 -0.057927
v 0.762195 -0.037965 -0.063264
v 0.719046 -0.035395 -0.067141
v 0.964101 -0.049397 -0.042578
v 1.034040 -0.051120 -0.033086
v 0.674950 -0.011656 -0.107301
v 0.674967 -0.007334 -0.101174
v 0.674846 -0.038662 -0.032820
v 0.762179 0.021524 -0.074469
v 0.674856 -0.036024 -0.054423
v 0.674917 -0.020248 -0.100227
v 0.674886 -0.028315 -0.088544
v 0.674869 -0.032625 -0.071754
v 0.762192 -0.002634 -0.084244
v 0.718994 0.006425 -0.084492
v 0.814541 0.079953 -0.022221
v 0.762189 0.084467 -0.039324
v 0.675040 0.011504 -0.086045
v 0.453037 0.033873 -0.094489
v 0.547339 0.026135 -0.090924
v 0.348223 0.038680 -0.097828
v 0.348161 0.023073 -0.113767
v 0.261734 0.042646 -0.100583
v 0.630704 0.016627 -0.087611
v 0.347987 -0.020513 -0.141156
v 0.347966 -0.025723 -0.099147
v 0.348007 -0.015454 -0.157357
v 0.348037 -0.007964 -0.171348
v 0.348310 0.060474 -0.081952
v 0.456673 0.053965 -0.082531
v 0.265831 -0.102066 -0.090131
v 0.265747 -0.113251 -0.079810
v 0.265845 -0.068840 -0.100897
v 0.265700 -0.052706 -0.104656
v 0.265838 -0.085453 -0.095514
v 1.152060 -0.038694 -0.023659
v 1.152050 -0.043095 -0.023217
v 1.152060 -0.045396 -0.020484
v 1.152060 -0.048996 -0.009912
v 1.152050 -0.049908 -0.004927
v 1.152060 -0.019313 -0.010146
v 1.152060 -0.017818 -0.005175
v 1.152060 -0.025922 -0.018737
v 1.152060 -0.021787 -0.014735
v 1.152060 -0.032394 -0.021943
v 1.152060 -0.047492 -0.015294
v 1.176900 -0.039516 -0.015024
v 1.176900 -0.042099 -0.014743
v 1.176900 -0.043445 -0.013008
v 1.176900 -0.045546 -0.006295
v 1.176900 -0.046078 -0.003129
v 1.176900 -0.028133 -0.006443
v 1.176900 -0.027255 -0.003286
v 1.176900 -0.032016 -0.011899
v 1.176900 -0.029587 -0.009357
v 1.176900 -0.035816 -0.013934
v 1.176900 -0.044668 -0.009712
v 1.189320 -0.039645 -0.009137
v 1.189320 -0.041113 -0.008966
v 1.189320 -0.041878 -0.007911
v 1.189320 -0.043072 -0.003828
v 1.189320 -0.043375 -0.001903
v 1.189320 -0.032675 -0.001998
v 1.189320 -0.033175 -0.003918
v 1.189320 -0.034001 -0.005691
v 1.189320 -0.035381 -0.007236
v 1.189320 -0.037541 -0.008474
v 1.189320 -0.042573 -0.005906
v -0.585698 -0.000674 -0.171346
v -0.287174 -0.024808 -0.113084
v -0.899249 0.486320 -0.001921
v -0.878506 0.465510 -0.002369
v -0.767392 0.166764 -0.007395
v -1.050800 0.457669 -0.006514
v -1.051020 0.479095 -0.006266
v -0.968473 0.460010 -0.000993
v -0.132690 -0.000300 -0.719279
v -0.132690 0.006309 -0.719279
v -0.098242 -0.011251 -0.719936
v -0.121196 0.006309 -0.720305
v -0.121196 -0.011251 -0.720305
v -0.098242 0.006309 -0.719936
v -0.133018 0.008736 -0.721580
v -0.181373 0.008736 -0.730598
v -0.181374 0.008736 -0.712053
v -0.121280 0.008736 -0.722627
v -0.098555 0.008736 -0.722262
v -0.088582 0.008736 -0.725167
v -0.080163 0.008736 -0.730652
v -0.362834 0.008736 -0.730601
v -0.363997 0.008736 -0.711975
v -0.465301 0.008736 -0.730602
v -0.465303 0.008736 -0.712034
v -0.241292 -0.011764 -0.718965
v -0.359431 -0.011794 -0.718912
v -0.440726 -0.011816 -0.718876
v -0.181375 -0.011764 -0.718934
v -0.132780 -0.011259 -0.720202
v -0.440726 -0.013572 -0.722714
v -0.362651 -0.013572 -0.730601
v -0.359431 -0.013572 -0.722725
v -0.465303 -0.013572 -0.722714
v -0.465301 -0.013572 -0.730602
v -0.241291 -0.013572 -0.722741
v -0.088582 -0.013572 -0.725167
v -0.080163 -0.013572 -0.730652
v -0.181374 -0.013572 -0.722710
v -0.132790 -0.013572 -0.722718
v -0.181372 -0.013572 -0.730598
v -0.121168 -0.013572 -0.722625
v -0.098555 -0.013572 -0.722262
v -0.858260 0.062015 -0.042555
v 0.786821 0.083873 -0.030947
v 0.799770 0.084710 -0.023059
v 0.807318 0.085336 -0.015799
v 0.809146 0.085333 -0.008057
v 0.451003 -0.063302 -0.097922
v 0.453552 -0.066781 -0.100445
v 0.453552 -0.067602 -0.097085
v 0.453552 -0.063302 -0.101691
v 0.453552 -0.059823 -0.100445
v 0.453552 -0.059002 -0.098429
v 0.459706 -0.068221 -0.101280
v 0.459706 -0.069383 -0.096310
v 0.459706 -0.063302 -0.103042
v 0.459706 -0.058382 -0.101280
v 0.459706 -0.057221 -0.098429
v 0.500321 -0.068221 -0.098922
v 0.500321 -0.069383 -0.096070
v 0.500321 -0.063302 -0.100993
v 0.500321 -0.058382 -0.099231
v 0.500321 -0.057221 -0.097421
v 0.506475 -0.066781 -0.098086
v 0.506475 -0.067602 -0.096070
v 0.506475 -0.063302 -0.099642
v 0.506475 -0.059823 -0.098396
v 0.506475 -0.059002 -0.096952
v 0.509024 -0.063302 -0.096380
v 0.855532 0.020797 -0.068898
v 0.857898 0.021519 -0.067654
v 0.858262 0.020539 -0.068178
v 0.856887 0.022284 -0.067403
v 0.855499 0.022630 -0.067491
v 0.849020 0.022333 -0.068087
v 0.848847 0.020870 -0.069017
v 0.848676 0.019413 -0.069896
v 0.855466 0.018809 -0.069849
v 0.856858 0.018975 -0.069445
v 0.857881 0.019608 -0.068834
v 0.860004 0.022037 -0.066040
v 0.860707 0.020145 -0.067052
v 0.858050 0.023516 -0.065554
v 0.855370 0.024185 -0.065724
v 0.849192 0.023795 -0.066652
v 0.848475 0.017714 -0.070424
v 0.855305 0.016803 -0.070280
v 0.857995 0.017123 -0.069500
v 0.859972 0.018346 -0.068318
v 0.861706 0.022318 -0.064165
v 0.862701 0.019641 -0.065596
v 0.858944 0.024409 -0.063478
v 0.855153 0.025354 -0.063718
v 0.849341 0.025056 -0.064849
v 0.848268 0.015964 -0.070520
v 0.855062 0.014914 -0.070161
v 0.858865 0.015367 -0.069058
v 0.861661 0.017097 -0.067387
v 0.862889 0.022340 -0.062157
v 0.864107 0.019062 -0.063909
v 0.859505 0.024901 -0.061315
v 0.854863 0.026059 -0.061610
v 0.849447 0.025916 -0.062802
v 0.848076 0.014352 -0.070096
v 0.854751 0.013272 -0.069501
v 0.859409 0.013827 -0.068149
v 0.862833 0.015946 -0.066103
v 0.863472 0.022102 -0.060153
v 0.864831 0.018447 -0.062107
v 0.859698 0.024959 -0.059214
v 0.854519 0.026251 -0.059542
v 0.849329 0.026209 -0.060694
v 0.847918 0.013003 -0.069024
v 0.854395 0.011989 -0.068344
v 0.859590 0.012608 -0.066836
v 0.863410 0.014971 -0.064553
v 0.863415 0.021622 -0.058289
v 0.864821 0.017837 -0.060312
v 0.859507 0.024579 -0.057317
v 0.854146 0.025917 -0.057657
v 0.849456 0.025879 -0.058698
v 0.847791 0.012115 -0.067527
v 0.854017 0.011152 -0.066769
v 0.859396 0.011792 -0.065208
v 0.863350 0.014240 -0.062845
v 0.836053 0.024243 -0.062612
v 0.819507 0.020936 -0.068797
v 0.819044 0.020808 -0.068415
v 0.836251 0.024317 -0.063678
v 0.820687 0.021033 -0.069101
v 0.836552 0.024133 -0.065501
v 0.822486 0.021066 -0.069223
v 0.836667 0.023369 -0.066661
v 0.824781 0.021032 -0.069155
v 0.836769 0.022483 -0.067832
v 0.827415 0.020933 -0.068901
v 0.836838 0.021649 -0.068775
v 0.836842 0.021000 -0.069232
v 0.836827 0.020319 -0.069596
v 0.836741 0.019245 -0.069830
v 0.836620 0.018010 -0.069968
v 0.836488 0.016860 -0.069989
v 0.836176 0.015719 -0.068984
v 0.835974 0.015171 -0.068210
v -0.515408 -0.107434 -0.069654
v -0.878745 0.045158 -0.057819
v -0.878763 0.058236 -0.040864
v -0.261303 0.112053 -0.003968
v -0.284563 0.156613 0.000000
v -0.276949 0.156613 -0.001347
v -0.277168 0.112053 0.000000
v -0.276949 0.156613 0.001347
v -0.261303 0.112053 0.003968
v -0.269336 0.156613 0.000000
v -0.245438 0.112053 0.000000
v -0.980187 0.018201 -0.053252
v -0.998607 0.005345 -0.053945
v -0.998653 0.016334 -0.050018
v -0.980141 0.005422 -0.057920
v -0.961721 0.020068 -0.056485
v -0.961721 0.033141 -0.046454
v -0.961675 0.008568 -0.061005
v -0.980187 0.025294 -0.047365
v -0.980187 0.027300 -0.045826
v -0.998653 0.022936 -0.044952
v -0.961675 0.003608 -0.061655
v -0.980141 0.002642 -0.058049
v -0.961675 0.032271 -0.045316
v -0.980187 -0.012545 -0.061493
v -0.998607 -0.024025 -0.055665
v -0.998653 -0.012545 -0.057759
v -0.980141 -0.025946 -0.059146
v -0.961721 -0.012545 -0.065226
v -0.961721 0.003793 -0.063076
v -0.961675 -0.024764 -0.063391
v -0.980187 -0.000951 -0.059611
v -0.980187 -0.003459 -0.059942
v -0.998653 -0.004295 -0.056673
v -0.961675 -0.029384 -0.061474
v -0.980141 -0.028418 -0.057867
v -0.980187 0.040707 -0.030742
v -0.998607 0.029920 -0.037770
v -0.998653 0.037473 -0.028875
v -0.980141 0.031974 -0.041174
v -0.961721 0.043940 -0.032609
v -0.961721 0.050246 -0.017385
v -0.961675 0.036241 -0.042273
v -0.980187 0.043906 -0.022098
v -0.980187 0.044874 -0.019761
v -0.998653 0.040658 -0.021187
v -0.980141 0.029631 -0.042676
v -0.961675 0.048924 -0.016834
v -0.980187 0.048943 0.000005
v -0.998607 0.043115 -0.011475
v -0.998653 0.045209 0.000005
v -0.980141 0.046596 -0.013396
v -0.961721 0.052677 0.000005
v -0.961721 0.050526 0.016343
v -0.961675 0.050841 -0.012214
v -0.980187 0.047392 0.009091
v -0.980187 0.047061 0.011599
v -0.998653 0.044123 0.008255
v -0.980141 0.045318 -0.015868
v -0.961675 0.049105 0.016158
v -0.980187 0.040702 0.030751
v -0.998607 0.041395 0.017895
v -0.998653 0.037468 0.028884
v -0.980141 0.045370 0.017972
v -0.961721 0.043935 0.032617
v -0.961721 0.033904 0.045691
v -0.961675 0.048455 0.021118
v -0.980187 0.034815 0.037844
v -0.980187 0.033276 0.039850
v -0.998653 0.032402 0.035486
v -0.980141 0.045499 0.015192
v -0.961675 0.032766 0.044821
v -0.980187 0.018192 0.053257
v -0.998607 0.025220 0.042470
v -0.998653 0.016325 0.050023
v -0.980141 0.028624 0.044524
v -0.961721 0.020059 0.056490
v -0.961721 0.004835 0.062796
v -0.961675 0.029723 0.048791
v -0.980187 0.009548 0.056456
v -0.980187 0.007211 0.057424
v -0.998653 0.008637 0.053208
v -0.980141 0.030126 0.042181
v -0.961675 0.004284 0.061474
v -0.980187 -0.012555 0.061493
v -0.998607 -0.001075 0.055665
v -0.998653 -0.012555 0.057759
v -0.980141 0.000846 0.059146
v -0.961721 -0.012555 0.065226
v -0.961721 -0.028893 0.063076
v -0.961675 -0.000336 0.063391
v -0.980187 -0.021641 0.059942
v -0.980187 -0.024149 0.059611
v -0.998653 -0.020805 0.056673
v -0.980141 0.003318 0.057867
v -0.961675 -0.028708 0.061655
v -0.980187 -0.043301 0.053252
v -0.998607 -0.030445 0.053945
v -0.998653 -0.041434 0.050018
v -0.980141 -0.030522 0.057920
v -0.961721 -0.045167 0.056485
v -0.961721 -0.058241 0.046454
v -0.961675 -0.033668 0.061005
v -0.980187 -0.052400 0.045826
v -0.980187 -0.050394 0.047365
v -0.998653 -0.048036 0.044952
v -0.980141 -0.027742 0.058049
v -0.961675 -0.057371 0.045316
v -0.980187 -0.065807 0.030742
v -0.998607 -0.055020 0.037770
v -0.998653 -0.062573 0.028875
v -0.980141 -0.057074 0.041174
v -0.961721 -0.069040 0.032609
v -0.961721 -0.075346 0.017385
v -0.961675 -0.061341 0.042273
v -0.980187 -0.069974 0.019761
v -0.980187 -0.069006 0.022098
v -0.998653 -0.065758 0.021187
v -0.980141 -0.054731 0.042676
v -0.961675 -0.074024 0.016834
v -0.980187 -0.074043 -0.000005
v -0.998607 -0.068215 0.011475
v -0.998653 -0.070309 -0.000005
v -0.980141 -0.071696 0.013396
v -0.961721 -0.077776 -0.000005
v -0.961721 -0.075626 -0.016343
v -0.961675 -0.075941 0.012214
v -0.980187 -0.072161 -0.011599
v -0.980187 -0.072491 -0.009091
v -0.998653 -0.069223 -0.008255
v -0.980141 -0.070418 0.015868
v -0.961675 -0.074205 -0.016158
v -0.980187 -0.065802 -0.030751
v -0.998607 -0.066495 -0.017895
v -0.998653 -0.062568 -0.028884
v -0.980141 -0.070470 -0.017972
v -0.961721 -0.069035 -0.032617
v -0.961721 -0.059004 -0.045691
v -0.961675 -0.073555 -0.021118
v -0.980187 -0.058376 -0.039850
v -0.980187 -0.059915 -0.037844
v -0.998653 -0.057502 -0.035486
v -0.980141 -0.070599 -0.015192
v -0.961675 -0.057866 -0.044821
v -0.980187 -0.043292 -0.053257
v -0.998607 -0.050321 -0.042470
v -0.998653 -0.041425 -0.050023
v -0.980141 -0.053724 -0.044524
v -0.961721 -0.045159 -0.056490
v -0.961721 -0.029934 -0.062796
v -0.961675 -0.054823 -0.048791
v -0.980187 -0.032311 -0.057424
v -0.980187 -0.034648 -0.056456
v -0.998653 -0.033737 -0.053208
v -0.980141 -0.055226 -0.042181
v -0.980229 0.005081 -0.056821
v -0.998345 0.005005 -0.052921
v -0.998390 0.015785 -0.049069
v -0.980275 0.024576 -0.046466
v -0.980275 0.026544 -0.044956
v -0.998390 0.022262 -0.044099
v -0.962113 0.003301 -0.060485
v -0.980229 0.002353 -0.056947
v -0.962113 0.031420 -0.044456
v -0.980229 -0.025692 -0.058023
v -0.998345 -0.023807 -0.054608
v -0.998390 -0.012545 -0.056663
v -0.980275 -0.003631 -0.058804
v -0.980275 -0.001171 -0.058480
v -0.998390 -0.004451 -0.055597
v -0.962113 -0.029065 -0.060307
v -0.980229 -0.028117 -0.056769
v -0.980229 0.031129 -0.040393
v -0.998345 0.029114 -0.037053
v -0.998390 0.036524 -0.028327
v -0.980275 0.042835 -0.021678
v -0.980275 0.043784 -0.019386
v -0.998390 0.039648 -0.020785
v -0.980229 0.028830 -0.041866
v -0.962113 0.047757 -0.016515
v -0.980229 0.045473 -0.013142
v -0.998345 0.042059 -0.011257
v -0.998390 0.044112 0.000005
v -0.980275 0.046254 0.008919
v -0.980275 0.045930 0.011379
v -0.998390 0.043047 0.008099
v -0.980229 0.044219 -0.015567
v -0.962113 0.047935 0.015851
v -0.980229 0.044271 0.017631
v -0.998345 0.040371 0.017555
v -0.998390 0.036519 0.028335
v -0.980275 0.033916 0.037126
v -0.980275 0.032406 0.039094
v -0.998390 0.031549 0.034812
v -0.980229 0.044397 0.014903
v -0.962113 0.031906 0.043970
v -0.980229 0.027843 0.043679
v -0.998345 0.024504 0.041664
v -0.998390 0.015777 0.049074
v -0.980275 0.009128 0.055385
v -0.980275 0.006836 0.056334
v -0.998390 0.008235 0.052198
v -0.980229 0.029316 0.041380
v -0.980229 0.000592 0.058023
v -0.998345 -0.001293 0.054608
v -0.998390 -0.012555 0.056663
v -0.980275 -0.021469 0.058804
v -0.980275 -0.023928 0.058480
v -0.998390 -0.020649 0.055597
v -0.962113 0.003965 0.060307
v -0.980229 0.003017 0.056769
v -0.962113 -0.028401 0.060485
v -0.980229 -0.030180 0.056821
v -0.998345 -0.030105 0.052921
v -0.998390 -0.040885 0.049069
v -0.980275 -0.049675 0.046466
v -0.980275 -0.051644 0.044956
v -0.998390 -0.047362 0.044099
v -0.980229 -0.027453 0.056947
v -0.962113 -0.056520 0.044456
v -0.980229 -0.056229 0.040393
v -0.998345 -0.054214 0.037053
v -0.998390 -0.061624 0.028327
v -0.980275 -0.067935 0.021678
v -0.980275 -0.068884 0.019386
v -0.998390 -0.064748 0.020785
v -0.980229 -0.053930 0.041866
v -0.962113 -0.072857 0.016515
v -0.980229 -0.070573 0.013142
v -0.998345 -0.067158 0.011257
v -0.998390 -0.069212 -0.000005
v -0.980275 -0.071354 -0.008919
v -0.980275 -0.071030 -0.011379
v -0.998390 -0.068147 -0.008099
v -0.980229 -0.069319 0.015567
v -0.962113 -0.073035 -0.015851
v -0.980229 -0.069371 -0.017630
v -0.998345 -0.065471 -0.017555
v -0.998390 -0.061619 -0.028335
v -0.980275 -0.059016 -0.037125
v -0.980275 -0.057506 -0.039094
v -0.998390 -0.056649 -0.034812
v -0.980229 -0.069497 -0.014903
v -0.962113 -0.057006 -0.043970
v -0.980229 -0.052943 -0.043679
v -0.998345 -0.049603 -0.041664
v -0.998390 -0.040877 -0.049074
v -0.980275 -0.034228 -0.055385
v -0.980275 -0.031936 -0.056334
v -0.998390 -0.033335 -0.052198
v -0.980229 -0.054416 -0.041380
v -0.941084 0.004551 -0.065251
v -0.941084 0.020976 -0.058057
v -0.941084 0.034885 -0.047959
v -0.941084 -0.030366 -0.065059
v -0.941084 -0.012544 -0.067042
v -0.941084 0.045513 -0.033516
v -0.941084 0.052509 -0.017816
v -0.941084 0.054492 0.000006
v -0.941084 0.052701 0.017101
v -0.941084 0.045507 0.033526
v -0.941084 0.035409 0.047435
v -0.941084 0.020966 0.058063
v -0.941084 0.005266 0.065059
v -0.941084 -0.012556 0.067042
v -0.941084 -0.029651 0.065251
v -0.941084 -0.046076 0.058057
v -0.941084 -0.059985 0.047959
v -0.941084 -0.070613 0.033516
v -0.941084 -0.077610 0.017816
v -0.941084 -0.079592 -0.000006
v -0.941084 -0.077801 -0.017100
v -0.941084 -0.070607 -0.033526
v -0.941084 -0.060509 -0.047435
v -0.941084 -0.046066 -0.058063
v -0.882566 0.005600 0.067724
v -0.996203 -0.012546 0.053933
v -0.996203 0.001413 0.052096
v -0.882566 -0.012546 0.070113
v -0.882566 0.022510 0.060719
v -0.996203 0.014420 0.046708
v -0.882566 0.037031 0.049577
v -0.996203 0.025590 0.038137
v -0.882566 0.048173 0.035056
v -0.996203 0.034161 0.026967
v -0.882566 0.055177 0.018146
v -0.996203 0.039549 0.013959
v -0.882566 0.057566 0.000000
v -0.996203 0.041387 0.000000
v -0.882566 -0.080270 0.018146
v -0.996203 -0.066480 -0.000000
v -0.996203 -0.064642 0.013959
v -0.882566 -0.082659 -0.000000
v -0.882566 -0.073266 0.035056
v -0.996203 -0.059254 0.026967
v -0.882566 -0.062123 0.049577
v -0.996203 -0.050683 0.038137
v -0.882566 -0.047603 0.060719
v -0.996203 -0.039513 0.046708
v -0.882566 -0.030693 0.067724
v -0.996203 -0.026505 0.052096
v -0.882566 -0.012546 -0.070113
v -0.996203 0.001413 -0.052096
v -0.996203 -0.012546 -0.053933
v -0.882566 0.005600 -0.067724
v -0.996203 0.014420 -0.046708
v -0.882566 0.022510 -0.060719
v -0.996203 0.025590 -0.038137
v -0.882566 0.037031 -0.049577
v -0.996203 0.034161 -0.026967
v -0.882566 0.048173 -0.035056
v -0.996203 0.039549 -0.013959
v -0.882566 0.055177 -0.018146
v -0.996203 -0.064642 -0.013959
v -0.882566 -0.080270 -0.018146
v -0.996203 -0.059254 -0.026967
v -0.882566 -0.073266 -0.035056
v -0.996203 -0.050683 -0.038137
v -0.882566 -0.062123 -0.049577
v -0.996203 -0.039513 -0.046708
v -0.882566 -0.047603 -0.060719
v -0.996203 -0.026505 -0.052096
v -0.882566 -0.030693 -0.067724
v -0.996203 -0.012546 0.054977
v -0.996203 0.001683 0.053104
v -0.996203 0.014942 0.047611
v -0.996203 0.026328 0.038875
v -0.996203 0.035065 0.027489
v -0.996203 0.040557 0.014229
v -0.996203 0.042431 0.000000
v -0.996203 -0.067524 -0.000000
v -0.996203 -0.065650 0.014229
v -0.996203 -0.060158 0.027489
v -0.996203 -0.051421 0.038875
v -0.996203 -0.040035 0.047611
v -0.996203 -0.026776 0.053104
v -0.996203 0.001683 -0.053104
v -0.996203 -0.012546 -0.054977
v -0.996203 0.014942 -0.047611
v -0.996203 0.026328 -0.038875
v -0.996203 0.035065 -0.027489
v -0.996203 0.040557 -0.014229
v -0.996203 -0.065650 -0.014229
v -0.996203 -0.060158 -0.027489
v -0.996203 -0.051421 -0.038875
v -0.996203 -0.040035 -0.047611
v -0.996203 -0.026776 -0.053104
v 0.485751 -0.129425 0.030621
v 0.509194 -0.125743 0.037254
v 0.485751 -0.127526 0.038184
v 0.509194 -0.127593 0.029888
v 0.532642 -0.125200 0.028662
v 0.532642 -0.123429 0.035719
v 0.532642 -0.119159 0.049756
v 0.509194 -0.121273 0.051911
v 0.485751 -0.122927 0.053245
v 0.510068 -0.073154 0.093395
v 0.533837 -0.079061 0.088792
v 0.534440 -0.073248 0.090815
v 0.509769 -0.079296 0.091330
v 0.485752 -0.073071 0.094501
v 0.485752 -0.079459 0.092437
v 0.485752 -0.086352 0.089940
v 0.509577 -0.086027 0.088728
v 0.533437 -0.085555 0.086147
v 0.485753 -0.062802 0.096470
v 0.511827 -0.059427 0.095297
v 0.485754 -0.057910 0.097243
v 0.511205 -0.063807 0.094842
v 0.536662 -0.065031 0.091749
v 0.537875 -0.061264 0.091904
v 0.347923 -0.036657 0.096511
v 0.485745 -0.037991 0.050361
v 0.521603 -0.039232 -0.000000
v 0.532642 -0.126242 0.021526
v 0.509194 -0.128672 0.022445
v 0.485751 -0.130523 0.022991
v 0.485751 -0.131917 0.007664
v 0.509194 -0.130059 0.007482
v 0.509193 -0.104375 0.077452
v 0.533037 -0.092049 0.083501
v 0.509385 -0.092757 0.086125
v 0.532639 -0.103164 0.074835
v 0.485751 -0.105258 0.078902
v 0.485751 -0.093244 0.087443
v 0.485751 -0.115504 0.066817
v 0.509194 -0.114150 0.065310
v 0.528036 -0.041136 0.066951
v 0.569737 -0.044577 0.075113
v 0.569737 -0.044573 0.058071
v 0.525572 -0.042861 0.080193
v 0.485769 -0.041058 0.084378
v 0.485785 -0.039067 0.073377
v 0.485761 -0.044907 0.091568
v 0.518905 -0.047115 0.089306
v 0.551850 -0.049975 0.085781
v 0.419949 -0.036971 0.083539
v 0.514156 -0.052044 0.094025
v 0.542455 -0.054694 0.090313
v 0.485756 -0.049896 0.096359
v 0.536347 -0.040830 -0.000000
v 0.529266 -0.040849 0.042316
v 0.569737 -0.044573 0.038714
v 0.569737 -0.044573 -0.000000
v 0.419964 -0.038776 0.090941
v 0.347970 -0.039609 0.102945
v 0.419956 -0.042488 0.098782
v 0.419964 -0.040650 0.095288
v 0.347970 -0.043722 0.104899
v 0.419964 -0.046181 0.101731
v 0.347974 -0.049683 0.103900
v 0.419949 -0.054058 0.101251
v 0.348206 -0.107496 0.083642
v 0.348189 -0.094072 0.091628
v 0.419950 -0.094138 0.090254
v 0.419950 -0.107054 0.082100
v 0.419949 -0.086804 0.092515
v 0.348171 -0.086283 0.094044
v 0.348235 -0.133986 0.033002
v 0.348228 -0.131943 0.041435
v 0.419950 -0.133131 0.032233
v 0.419950 -0.131127 0.040283
v 0.419950 -0.126242 0.056377
v 0.348211 -0.126912 0.058434
v 0.419950 -0.135968 -0.000000
v 0.348244 -0.136334 0.008234
v 0.348245 -0.136647 -0.000000
v 0.419950 -0.135626 0.008059
v 0.419950 -0.134255 0.024177
v 0.348239 -0.135084 0.024702
v 0.348027 -0.056690 0.102226
v 0.419949 -0.060083 0.099848
v 0.348205 -0.123617 0.066201
v 0.348204 -0.118763 0.072503
v 0.419950 -0.123014 0.063885
v 0.419950 -0.118217 0.070316
v 0.569737 -0.045506 -0.000000
v 0.569737 -0.045506 0.038187
v 0.532717 -0.124633 0.028167
v 0.532717 -0.122893 0.035112
v 0.532716 -0.118694 0.048932
v 0.546818 -0.052363 0.086761
v 0.542419 -0.055199 0.088928
v 0.546909 -0.051764 0.088088
v 0.516410 -0.048934 0.091766
v 0.569737 -0.045506 0.057280
v 0.569737 -0.045508 0.073992
v 0.551710 -0.050642 0.084514
v 0.533126 -0.091826 0.082208
v 0.532712 -0.102833 0.073665
v 0.533541 -0.085406 0.084811
v 0.532642 -0.116403 0.056525
v 0.509194 -0.118375 0.058924
v 0.532641 -0.112404 0.062795
v 0.532716 -0.115972 0.055599
v 0.532715 -0.112007 0.061783
v 0.537915 -0.061577 0.090476
v 0.536734 -0.065240 0.090323
v 0.532642 -0.127935 -0.000000
v 0.509194 -0.130405 -0.000000
v 0.532642 -0.127597 0.007175
v 0.532717 -0.127320 -0.000000
v 0.532717 -0.126987 0.007050
v 0.532717 -0.125657 0.021151
v 0.485751 -0.129425 -0.030621
v 0.419950 -0.131127 -0.040283
v 0.485751 -0.127526 -0.038185
v 0.419950 -0.133131 -0.032233
v 0.419950 -0.126242 -0.056377
v 0.485751 -0.122927 -0.053245
v 0.485751 -0.105258 -0.078902
v 0.419950 -0.094138 -0.090252
v 0.485751 -0.093241 -0.087443
v 0.419950 -0.107054 -0.082100
v 0.419949 -0.086803 -0.092511
v 0.485752 -0.086348 -0.089942
v 0.347923 -0.036657 -0.096511
v 0.419969 -0.036728 -0.086086
v 0.485745 -0.037991 -0.050361
v 0.485751 -0.132265 -0.000000
v 0.419950 -0.135626 -0.008059
v 0.485751 -0.131917 -0.007664
v 0.419950 -0.134255 -0.024177
v 0.485751 -0.130523 -0.022991
v 0.485751 -0.119922 -0.060403
v 0.419950 -0.118217 -0.070316
v 0.485751 -0.115504 -0.066817
v 0.419950 -0.123014 -0.063885
v 0.419956 -0.042488 -0.098782
v 0.485761 -0.044907 -0.091568
v 0.485759 -0.046701 -0.094124
v 0.419964 -0.040650 -0.095288
v 0.419964 -0.038776 -0.090941
v 0.485769 -0.041058 -0.084378
v 0.419964 -0.046181 -0.101731
v 0.485754 -0.057909 -0.097242
v 0.419949 -0.054058 -0.101249
v 0.485756 -0.049896 -0.096359
v 0.485785 -0.039044 -0.073625
v 0.347970 -0.039609 -0.102945
v 0.347970 -0.043722 -0.104899
v 0.347974 -0.049683 -0.103900
v 0.348189 -0.094072 -0.091628
v 0.348207 -0.107496 -0.083642
v 0.348171 -0.086283 -0.094044
v 0.348228 -0.131943 -0.041435
v 0.348235 -0.133986 -0.033002
v 0.348211 -0.126912 -0.058434
v 0.348244 -0.136334 -0.008234
v 0.348239 -0.135084 -0.024702
v 0.419949 -0.060083 -0.099844
v 0.348027 -0.056690 -0.102226
v 0.348204 -0.118763 -0.072503
v 0.348205 -0.123617 -0.066201
v 0.569737 -0.044573 -0.038714
v 0.569737 -0.045506 -0.038187
v 0.529266 -0.040849 -0.042316
v 0.532642 -0.116403 -0.056525
v 0.509194 -0.121273 -0.051911
v 0.509194 -0.118375 -0.058924
v 0.532642 -0.119159 -0.049756
v 0.532716 -0.115972 -0.055599
v 0.532716 -0.118694 -0.048932
v 0.532717 -0.122893 -0.035112
v 0.532642 -0.123429 -0.035719
v 0.509194 -0.125743 -0.037254
v 0.546818 -0.052363 -0.086761
v 0.542456 -0.054694 -0.090313
v 0.546909 -0.051764 -0.088088
v 0.542419 -0.055199 -0.088928
v 0.514156 -0.052044 -0.094025
v 0.516410 -0.048934 -0.091766
v 0.551850 -0.049975 -0.085781
v 0.551710 -0.050642 -0.084514
v 0.518905 -0.047115 -0.089306
v 0.569737 -0.044577 -0.075113
v 0.569737 -0.045508 -0.073992
v 0.532641 -0.112404 -0.062795
v 0.509194 -0.114150 -0.065310
v 0.509193 -0.104375 -0.077452
v 0.532639 -0.103164 -0.074835
v 0.532715 -0.112007 -0.061783
v 0.532712 -0.102833 -0.073665
v 0.534062 -0.073249 -0.089801
v 0.533447 -0.079055 -0.089085
v 0.533986 -0.073241 -0.091157
v 0.533527 -0.078981 -0.087754
v 0.533255 -0.085402 -0.085038
v 0.533178 -0.085551 -0.086342
v 0.509460 -0.086023 -0.088796
v 0.509594 -0.079291 -0.091432
v 0.509864 -0.073147 -0.093515
v 0.536448 -0.065236 -0.090550
v 0.537745 -0.061262 -0.092002
v 0.537772 -0.061575 -0.090590
v 0.536403 -0.065027 -0.091944
v 0.511088 -0.063803 -0.094910
v 0.511769 -0.059426 -0.095331
v 0.532642 -0.127597 -0.007175
v 0.509194 -0.130059 -0.007482
v 0.509194 -0.128672 -0.022445
v 0.532642 -0.126242 -0.021526
v 0.532717 -0.126987 -0.007050
v 0.532717 -0.125657 -0.021151
v 0.485752 -0.073065 -0.094503
v 0.419949 -0.066108 -0.098437
v 0.485752 -0.067683 -0.095701
v 0.419949 -0.072462 -0.096817
v 0.485753 -0.062799 -0.096469
v 0.466840 -0.045968 0.056232
v 0.463848 -0.047857 0.077841
v 0.457865 -0.051748 0.083570
v 0.364049 -0.048758 0.076595
v 0.364020 -0.052853 0.082626
v 0.364063 -0.046765 0.055185
v 0.448352 -0.124982 0.020765
v 0.448352 -0.123977 0.027652
v 0.448352 -0.126288 0.006922
v 0.363986 -0.124307 0.020378
v 0.363986 -0.125589 0.006793
v 0.363986 -0.123321 0.027137
v 0.448351 -0.118146 0.048037
v 0.448351 -0.115475 0.054583
v 0.448351 -0.122268 0.034470
v 0.363986 -0.117599 0.047142
v 0.363986 -0.121644 0.033828
v 0.363986 -0.114977 0.053566
v 0.448556 -0.092385 0.080679
v 0.448349 -0.102575 0.072318
v 0.448351 -0.111582 0.060653
v 0.363986 -0.102318 0.070970
v 0.363986 -0.111157 0.059523
v 0.363986 -0.092944 0.079150
v 0.534562 -0.073255 0.089403
v 0.448971 -0.081010 0.085737
v 0.449275 -0.075692 0.087678
v 0.533956 -0.078986 0.087413
v 0.448764 -0.086698 0.083208
v 0.363986 -0.087989 0.081606
v 0.363986 -0.083034 0.084061
v 0.363987 -0.078129 0.085953
v 0.453211 -0.056085 0.087703
v 0.455413 -0.053506 0.085877
v 0.364003 -0.056972 0.086478
v 0.364009 -0.054648 0.084992
v 0.466840 -0.046024 0.037488
v 0.466840 -0.046108 -0.000000
v 0.364063 -0.046820 0.036790
v 0.364063 -0.046902 -0.000000
v 0.450956 -0.062689 0.088796
v 0.450363 -0.066900 0.088619
v 0.363993 -0.068561 0.086916
v 0.363996 -0.063801 0.087115
v 0.450885 -0.061679 -0.089099
v 0.453211 -0.056085 -0.087703
v 0.364003 -0.056972 -0.086478
v 0.363997 -0.061783 -0.087609
v 0.449558 -0.068081 -0.089354
v 0.449026 -0.072157 -0.088741
v 0.535124 -0.068898 -0.090510
v 0.450221 -0.064880 -0.089226
v 0.363994 -0.064524 -0.087903
v 0.363992 -0.067265 -0.088197
v 0.363989 -0.071064 -0.087681
v 0.569737 -0.045506 -0.057280
v 0.463848 -0.047857 -0.077841
v 0.466840 -0.045968 -0.056232
v 0.466840 -0.046024 -0.037488
v 0.364063 -0.046820 -0.036790
v 0.364063 -0.046765 -0.055185
v 0.364049 -0.048758 -0.076595
v 0.457865 -0.051748 -0.083570
v 0.455413 -0.053506 -0.085877
v 0.364020 -0.052853 -0.082626
v 0.364009 -0.054648 -0.084992
v 0.532717 -0.124633 -0.028167
v 0.448351 -0.122268 -0.034470
v 0.448352 -0.123977 -0.027652
v 0.448351 -0.118146 -0.048037
v 0.363986 -0.121644 -0.033828
v 0.363986 -0.117599 -0.047142
v 0.363986 -0.123321 -0.027137
v 0.532983 -0.091824 -0.082322
v 0.448349 -0.102575 -0.072318
v 0.448485 -0.091375 -0.080983
v 0.448621 -0.084677 -0.083815
v 0.363988 -0.083952 -0.082593
v 0.363987 -0.090925 -0.079643
v 0.363986 -0.102318 -0.070970
v 0.448351 -0.111582 -0.060653
v 0.448351 -0.115475 -0.054583
v 0.363986 -0.111157 -0.059523
v 0.363986 -0.114977 -0.053566
v 0.448352 -0.126288 -0.006922
v 0.448352 -0.126614 -0.000000
v 0.448352 -0.124982 -0.020765
v 0.363986 -0.125589 -0.006793
v 0.363986 -0.124307 -0.020378
v 0.363986 -0.125909 -0.000000
v 0.485759 -0.046701 0.094124
v 0.419949 -0.079470 0.094777
v 0.419949 -0.072463 0.096825
v 0.485751 -0.119922 0.060403
v 0.525572 -0.042861 -0.080193
v 0.528036 -0.041136 -0.066951
v 0.485752 -0.079454 -0.092439
v 0.509326 -0.092755 -0.086159
v 0.532908 -0.092047 -0.083599
v 0.509194 -0.127593 -0.029888
v 0.532642 -0.125200 -0.028662
v 0.510583 -0.068187 0.094387
v 0.485753 -0.067687 0.095700
v 0.535449 -0.068799 0.091593
v 0.348153 -0.078493 0.096461
v 0.348126 -0.070899 0.098692
v 0.348081 -0.063697 0.100551
v 0.419949 -0.066109 0.098444
v 0.535552 -0.068903 0.090169
v 0.419949 -0.079469 -0.094771
v 0.348153 -0.078493 -0.096461
v 0.348126 -0.070899 -0.098692
v 0.348081 -0.063697 -0.100551
v 0.569737 -0.044573 -0.058071
v 0.535060 -0.068793 -0.091886
v 0.510408 -0.068181 -0.094489
v 0.449771 -0.071112 0.088443
v 0.363990 -0.073320 0.086716
v 0.448758 -0.077980 -0.086648
v 0.363988 -0.076979 -0.085542
v 0.364002 -0.084830 -0.000174
v 0.426999 0.027314 -0.118656
v 0.448084 0.025097 -0.109708
v 0.446462 0.024738 -0.116477
v 0.427033 0.027525 -0.110937
v 0.427126 0.026333 -0.102561
v 0.450295 0.024102 -0.102599
v 0.470663 0.021106 -0.103406
v 0.465760 0.022216 -0.108661
v 0.463923 0.021459 -0.113896
v 0.494370 0.014125 -0.107328
v 0.485397 0.017812 -0.104718
v 0.464174 0.013703 -0.123938
v 0.497456 0.009951 -0.112024
v 0.494621 0.006378 -0.117340
v 0.463406 0.018261 -0.119473
v 0.427272 0.018901 -0.129623
v 0.448568 0.010177 -0.129001
v 0.427553 0.011551 -0.131808
v 0.446726 0.016589 -0.127049
v 0.466192 0.008871 -0.125837
v 0.471228 0.003628 -0.125796
v 0.450975 0.003101 -0.129688
v 0.427879 0.003223 -0.132806
v 0.381856 0.029096 -0.121527
v 0.381417 0.028949 -0.113767
v 0.380876 0.027360 -0.105251
v 0.382117 0.021212 -0.132133
v 0.427083 0.024297 -0.125062
v 0.382094 0.026359 -0.127778
v 0.381596 0.006073 -0.135145
v 0.381913 0.014127 -0.134209
v 0.335477 0.025353 -0.110757
v 0.337290 0.025902 -0.116605
v 0.314765 0.023449 -0.116520
v 0.336176 0.025398 -0.122376
v 0.299837 0.021590 -0.122217
v 0.299960 0.018646 -0.127914
v 0.335864 0.023545 -0.126806
v 0.336357 0.020378 -0.130139
v 0.294888 0.020401 -0.125451
v 0.336010 0.011155 -0.134224
v 0.315093 0.015092 -0.131303
v 0.337657 0.015931 -0.132619
v 0.485827 0.004495 -0.121805
v 0.446017 0.021672 -0.122565
v 0.358127 0.027711 -0.115075
v 0.357777 0.026678 -0.107327
v 0.358418 0.027622 -0.122070
v 0.358592 0.025289 -0.127558
v 0.358644 0.021000 -0.131483
v 0.358569 0.015043 -0.133789
v 0.358430 0.008253 -0.135284
v 0.306324 0.142834 0.000122
v 0.308075 0.141906 -0.006358
v 0.307919 0.142462 -0.006311
v 0.306383 0.142384 0.000266
v 0.457689 0.120900 0.046849
v 0.348530 0.126959 0.032616
v 0.322758 0.134066 0.022664
v 0.312377 0.138095 0.013438
v 0.306647 0.140182 0.006218
v 0.304946 0.140740 0.000000
v 0.529609 0.099636 0.052992
v 0.480690 0.108843 0.052992
v 0.552847 0.096000 0.052992
v 0.706742 0.083460 0.047449
v 0.675587 0.084572 0.052992
v 0.719029 0.082843 0.045073
v 0.653741 0.085102 0.052992
v 0.625562 0.088435 0.052992
v 0.786821 0.080169 0.028913
v 0.762189 0.080762 0.036740
v 0.588381 0.091214 0.052992
v 0.799770 0.081005 0.021543
v 0.807318 0.081631 0.014759
v 0.809146 0.081628 0.007525
v 0.809366 0.081629 0.000000
v 0.728503 0.109026 0.008703
v 0.742277 0.104584 0.021895
v 0.742875 0.104445 0.008703
v 0.728503 0.109026 0.025401
v 0.799312 0.081221 0.013830
v 0.785811 0.080673 0.020733
v 0.764849 0.098077 0.008703
v 0.764632 0.098128 0.013839
v 0.798854 0.081436 0.000000
v 0.719029 0.082843 0.035868
v 0.762189 0.080762 0.028063
v 0.775056 0.093660 0.009297
v 0.775033 0.093665 0.008702
v 0.752484 0.091581 0.028067
v 0.723055 0.095574 0.034265
v 0.775953 0.088068 0.019281
v 0.788177 0.086733 0.012903
v 0.795564 0.083056 0.000000
v 0.788040 0.086787 0.008703
v 0.695169 0.102431 0.034265
v 0.707190 0.087057 0.035868
v 0.695151 0.116232 0.008703
v 0.695151 0.116232 0.025401
v 0.710814 0.095929 0.032349
v 0.711870 0.099947 0.008703
v 0.710976 0.096544 0.008703
v 0.711680 0.099224 0.028206
v 0.725779 0.098683 0.029833
v 0.747380 0.094743 0.024981
v 0.770293 0.090396 0.016560
v 0.781616 0.088521 0.011100
v 0.781531 0.088548 0.008703
v 0.695162 0.106413 0.029833
v 0.713767 0.107166 0.008703
v 0.713767 0.107166 0.024127
v 0.695228 0.101501 0.032349
v 0.705975 0.088611 0.033727
v 0.695164 0.105223 0.028206
v 0.695153 0.114260 0.024127
v 0.695153 0.114260 0.008703
v 0.707132 0.083460 0.033548
v 0.708355 0.087600 0.033150
v 0.323055 0.134937 0.000000
v 0.456951 0.112191 0.046849
v 0.348590 0.129118 0.000000
v 0.457263 0.112190 0.000000
v 0.480692 0.108840 0.000000
v 0.511775 0.102107 0.052992
v 0.511775 0.103206 0.000000
v 0.788040 0.086787 0.000000
v 0.728503 0.109026 0.000000
v 0.742875 0.104445 0.000000
v 0.708535 0.087524 0.008703
v 0.707433 0.083460 0.000000
v 0.707433 0.083460 0.008703
v 0.708535 0.087524 0.000000
v 0.710976 0.096544 0.000000
v 0.711870 0.099947 0.000000
v 0.713767 0.107166 0.000000
v 0.775033 0.093665 0.000000
v 0.781531 0.088548 0.000000
v 0.695153 0.114260 0.000000
v 0.764849 0.098077 0.000000
v 0.695151 0.116232 0.000000
v 0.457689 0.120900 -0.046849
v 0.348530 0.126959 -0.032616
v 0.322758 0.134066 -0.022664
v 0.312377 0.138095 -0.013438
v 0.306647 0.140182 -0.006218
v 0.529609 0.099636 -0.052992
v 0.480690 0.108843 -0.052992
v 0.552847 0.096000 -0.052992
v 0.706742 0.083460 -0.047449
v 0.675587 0.084572 -0.052992
v 0.719029 0.082843 -0.045073
v 0.653741 0.085102 -0.052992
v 0.625562 0.088435 -0.052992
v 0.786821 0.080169 -0.028913
v 0.762189 0.080762 -0.036740
v 0.588381 0.091214 -0.052992
v 0.799770 0.081005 -0.021543
v 0.807318 0.081631 -0.014759
v 0.809146 0.081628 -0.007525
v 0.728503 0.109026 -0.008703
v 0.742277 0.104584 -0.021895
v 0.728503 0.109026 -0.025401
v 0.742875 0.104445 -0.008703
v 0.799312 0.081221 -0.013830
v 0.785811 0.080673 -0.020733
v 0.764849 0.098077 -0.008703
v 0.764632 0.098128 -0.013839
v 0.719029 0.082843 -0.035868
v 0.762189 0.080762 -0.028063
v 0.775056 0.093660 -0.009297
v 0.775033 0.093665 -0.008702
v 0.752484 0.091581 -0.028067
v 0.723055 0.095574 -0.034265
v 0.775953 0.088068 -0.019281
v 0.788177 0.086733 -0.012903
v 0.788040 0.086787 -0.008703
v 0.695169 0.102431 -0.034265
v 0.707190 0.087057 -0.035868
v 0.695151 0.116232 -0.008703
v 0.695151 0.116232 -0.025401
v 0.710814 0.095929 -0.032349
v 0.711870 0.099947 -0.008703
v 0.711680 0.099224 -0.028206
v 0.710976 0.096544 -0.008703
v 0.725779 0.098683 -0.029833
v 0.747380 0.094743 -0.024981
v 0.770293 0.090396 -0.016560
v 0.781616 0.088521 -0.011100
v 0.781531 0.088548 -0.008703
v 0.695162 0.106413 -0.029833
v 0.713767 0.107166 -0.008703
v 0.713767 0.107166 -0.024127
v 0.695228 0.101501 -0.032349
v 0.705975 0.088611 -0.033727
v 0.695164 0.105223 -0.028206
v 0.695153 0.114260 -0.024127
v 0.695153 0.114260 -0.008703
v 0.707132 0.083460 -0.033548
v 0.708355 0.087600 -0.033150
v 0.456951 0.112191 -0.046849
v 0.511774 0.102107 -0.052992
v 0.708535 0.087524 -0.008703
v 0.707433 0.083460 -0.008703
v -0.859357 -0.059250 -0.000000
v -0.859357 0.032566 0.012088
v -0.859357 0.034158 0.000000
v -0.859357 0.027901 0.023352
v -0.859357 0.020478 0.033025
v -0.859357 0.010806 0.040447
v -0.859357 -0.000458 0.045113
v -0.859357 -0.012546 0.046704
v -0.859357 -0.024634 0.045113
v -0.859357 -0.035898 0.040447
v -0.859357 -0.045571 0.033025
v -0.859357 -0.052993 0.023352
v -0.859357 -0.057659 0.012088
v -0.859357 0.027901 -0.023352
v -0.859357 0.032566 -0.012088
v -0.859357 0.020478 -0.033025
v -0.859357 0.010806 -0.040447
v -0.859357 -0.000458 -0.045113
v -0.859357 -0.012546 -0.046704
v -0.859357 -0.024634 -0.045113
v -0.859357 -0.035898 -0.040447
v -0.859357 -0.045571 -0.033025
v -0.859357 -0.052993 -0.023352
v -0.859357 -0.057659 -0.012088
v 0.466367 0.137076 0.048253
v 0.478534 0.112132 0.054903
v 0.524111 0.123389 0.053357
v 0.521150 0.141293 0.049002
v 0.527453 0.102924 0.057473
v 0.550691 0.099289 0.057375
v 0.549856 0.123703 0.053739
v 0.549116 0.142067 0.049705
v 0.716873 0.137322 0.019286
v 0.716873 0.132905 0.027870
v 0.760053 0.109508 0.025383
v 0.760055 0.112936 0.017643
v 0.716873 0.127406 0.035170
v 0.760033 0.104445 0.032201
v 0.784665 0.083457 0.030947
v 0.797614 0.084294 0.023059
v 0.805163 0.084920 0.015799
v 0.760037 0.096978 0.036998
v 0.716873 0.121810 0.040166
v 0.716873 0.113482 0.044169
v 0.547658 0.176149 0.021196
v 0.547531 0.179386 0.010827
v 0.514828 0.177930 0.010628
v 0.515332 0.174850 0.020829
v 0.547488 0.180543 0.000000
v 0.514655 0.179028 0.000000
v 0.452933 0.173986 0.000000
v 0.453278 0.172894 0.010368
v 0.454287 0.169871 0.020357
v 0.451285 0.136907 0.047676
v 0.448061 0.148749 0.042924
v 0.346431 0.129560 0.036525
v 0.445652 0.157176 0.037123
v 0.548165 0.164025 0.038705
v 0.517347 0.163156 0.038134
v 0.518954 0.154068 0.044168
v 0.548567 0.154935 0.044875
v 0.458316 0.158484 0.037462
v 0.461531 0.149524 0.043389
v 0.455934 0.165166 0.029586
v 0.516156 0.170004 0.030176
v 0.547866 0.171063 0.030650
v 0.689918 0.123487 0.047991
v 0.690698 0.108621 0.051099
v 0.716873 0.101343 0.046652
v 0.670889 0.129522 0.049658
v 0.672058 0.112884 0.053188
v 0.673431 0.087860 0.056031
v 0.691614 0.087398 0.053471
v 0.716873 0.086131 0.048244
v 0.649890 0.134288 0.050483
v 0.650670 0.116784 0.054068
v 0.622981 0.138907 0.050644
v 0.623178 0.121003 0.054205
v 0.623406 0.091723 0.057070
v 0.651585 0.088390 0.056951
v 0.688293 0.152230 0.020322
v 0.688640 0.147215 0.029419
v 0.668472 0.160498 0.020870
v 0.668987 0.155200 0.030235
v 0.669563 0.148462 0.038334
v 0.689028 0.140884 0.037253
v 0.622548 0.172780 0.021337
v 0.622640 0.166915 0.030912
v 0.648610 0.161337 0.030712
v 0.648263 0.167019 0.021193
v 0.622745 0.159500 0.039175
v 0.648998 0.154173 0.038952
v 0.649379 0.145956 0.045493
v 0.622847 0.150953 0.045694
v 0.670127 0.140644 0.044758
v 0.689407 0.133610 0.043409
v 0.760033 0.084051 0.039324
v 0.586221 0.153503 0.045435
v 0.586225 0.140969 0.050319
v 0.586215 0.162376 0.039072
v 0.586205 0.175219 0.021352
v 0.586210 0.169674 0.030893
v 0.760056 0.115204 0.009038
v 0.716873 0.140260 0.009855
v 0.806990 0.084917 0.008057
v 0.807210 0.084918 0.000000
v 0.760056 0.116045 0.000000
v 0.716873 0.141359 0.000000
v 0.622480 0.176676 0.010888
v 0.586202 0.178832 0.010903
v 0.622452 0.178132 0.000000
v 0.586200 0.180155 0.000000
v 0.648008 0.170789 0.010812
v 0.668092 0.163991 0.010649
v 0.667936 0.165287 0.000000
v 0.647904 0.172196 0.000000
v 0.688037 0.155556 0.010374
v 0.687932 0.156796 0.000000
v 0.455533 0.120487 0.052463
v 0.320602 0.136669 0.025380
v 0.443848 0.163351 0.029188
v 0.442571 0.167755 0.019914
v 0.310221 0.140698 0.015048
v 0.441743 0.170865 0.010093
v 0.304491 0.142785 0.006963
v 0.302790 0.143343 0.000000
v 0.441441 0.172097 0.000000
v 0.586226 0.122694 0.054058
v 0.586225 0.094502 0.057226
v 0.466367 0.137076 -0.048253
v 0.521150 0.141293 -0.049002
v 0.524111 0.123389 -0.053357
v 0.478534 0.112132 -0.054903
v 0.527453 0.102924 -0.057473
v 0.550691 0.099289 -0.057375
v 0.549856 0.123703 -0.053739
v 0.549116 0.142067 -0.049705
v 0.716873 0.137322 -0.019286
v 0.760055 0.112936 -0.017643
v 0.760053 0.109508 -0.025383
v 0.716873 0.132905 -0.027870
v 0.716873 0.127406 -0.035170
v 0.760033 0.104445 -0.032201
v 0.784665 0.083457 -0.030947
v 0.797614 0.084294 -0.023059
v 0.805163 0.084920 -0.015799
v 0.760037 0.096978 -0.036998
v 0.716872 0.121810 -0.040166
v 0.716873 0.113482 -0.044169
v 0.547658 0.176149 -0.021196
v 0.515332 0.174850 -0.020829
v 0.514828 0.177930 -0.010628
v 0.547531 0.179386 -0.010827
v 0.453278 0.172894 -0.010368
v 0.454287 0.169871 -0.020357
v 0.451285 0.136907 -0.047676
v 0.346431 0.129560 -0.036525
v 0.448061 0.148749 -0.042924
v 0.445652 0.157176 -0.037123
v 0.548164 0.164025 -0.038705
v 0.548567 0.154935 -0.044875
v 0.518954 0.154068 -0.044168
v 0.517347 0.163156 -0.038134
v 0.458316 0.158484 -0.037462
v 0.461531 0.149524 -0.043389
v 0.516156 0.170004 -0.030176
v 0.455934 0.165166 -0.029586
v 0.547866 0.171063 -0.030650
v 0.716872 0.101343 -0.046652
v 0.690698 0.108621 -0.051099
v 0.689918 0.123487 -0.047991
v 0.670889 0.129522 -0.049658
v 0.672058 0.112884 -0.053188
v 0.673431 0.087860 -0.056031
v 0.691613 0.087398 -0.053471
v 0.716873 0.086131 -0.048244
v 0.650670 0.116784 -0.054068
v 0.649890 0.134288 -0.050483
v 0.622981 0.138907 -0.050644
v 0.623178 0.121003 -0.054205
v 0.623406 0.091723 -0.057070
v 0.651585 0.088390 -0.056951
v 0.688640 0.147215 -0.029419
v 0.688293 0.152230 -0.020322
v 0.668472 0.160498 -0.020870
v 0.668987 0.155200 -0.030235
v 0.669563 0.148462 -0.038334
v 0.689027 0.140884 -0.037253
v 0.622548 0.172780 -0.021337
v 0.648263 0.167019 -0.021193
v 0.648610 0.161337 -0.030712
v 0.622640 0.166915 -0.030912
v 0.622745 0.159500 -0.039175
v 0.648998 0.154173 -0.038952
v 0.622847 0.150953 -0.045694
v 0.649379 0.145956 -0.045493
v 0.670127 0.140644 -0.044758
v 0.689407 0.133610 -0.043409
v 0.760033 0.084051 -0.039324
v 0.586225 0.140969 -0.050319
v 0.586221 0.153503 -0.045435
v 0.586215 0.162376 -0.039072
v 0.586210 0.169674 -0.030893
v 0.586205 0.175219 -0.021352
v 0.716873 0.140260 -0.009855
v 0.760056 0.115204 -0.009038
v 0.806990 0.084917 -0.008057
v 0.586202 0.178832 -0.010903
v 0.622480 0.176676 -0.010888
v 0.648008 0.170789 -0.010812
v 0.668092 0.163991 -0.010649
v 0.688037 0.155556 -0.010374
v 0.455533 0.120487 -0.052463
v 0.320602 0.136669 -0.025380
v 0.310221 0.140698 -0.015048
v 0.442571 0.167755 -0.019914
v 0.443848 0.163351 -0.029188
v 0.304491 0.142785 -0.006963
v 0.441743 0.170865 -0.010093
v 0.586226 0.122694 -0.054058
v 0.586225 0.094502 -0.057226
vt 0.258139 0.911523
vt 0.258937 0.839553
vt 0.264164 0.911810
vt 0.251038 0.839553
vt 0.268457 0.720887
vt 0.256646 0.720887
vt 0.272419 0.839553
vt 0.279861 0.911619
vt 0.281972 0.839553
vt 0.272404 0.911619
vt 0.615798 0.083469
vt 0.588068 0.155211
vt 0.588896 0.083017
vt 0.612114 0.155448
vt 0.230868 0.720738
vt 0.250703 0.548148
vt 0.249489 0.720868
vt 0.214955 0.554248
vt 0.259301 0.547441
vt 0.266899 0.547634
vt 0.275697 0.547633
vt 0.278594 0.720854
vt 0.577607 0.493471
vt 0.569158 0.440347
vt 0.583500 0.493679
vt 0.268521 0.337741
vt 0.272801 0.320280
vt 0.272066 0.337708
vt 0.269096 0.320280
vt 0.214955 0.781026
vt 0.214955 0.723016
vt 0.230966 0.780959
vt 0.586682 0.274020
vt 0.570810 0.271727
vt 0.587912 0.440528
vt 0.373221 0.243190
vt 0.571352 0.213582
vt 0.373259 0.210851
vt 0.299332 0.547697
vt 0.290814 0.502213
vt 0.295293 0.502277
vt 0.299332 0.502277
vt 0.613465 0.769935
vt 0.597185 0.755107
vt 0.613655 0.755351
vt 0.597259 0.769938
vt 0.269821 0.948128
vt 0.275458 0.948032
vt 0.678574 0.769905
vt 0.661667 0.755148
vt 0.678576 0.755205
vt 0.662355 0.769894
vt 0.889995 0.770013
vt 0.873695 0.755334
vt 0.890265 0.755273
vt 0.873693 0.770027
vt 0.906173 0.770019
vt 0.906899 0.755267
vt 0.922479 0.769997
vt 0.923244 0.755256
vt 0.640385 0.083995
vt 0.631986 0.047181
vt 0.643023 0.047432
vt 0.629344 0.083948
vt 0.954979 0.769969
vt 0.939589 0.755242
vt 0.955090 0.755227
vt 0.938664 0.769997
vt 0.971174 0.769966
vt 0.987424 0.755107
vt 0.987499 0.769938
vt 0.970688 0.755211
vt 0.230761 0.984140
vt 0.256405 0.984140
vt 0.231317 0.911579
vt 0.908682 0.135222
vt 0.851981 0.131219
vt 0.908713 0.125603
vt 0.614767 0.010878
vt 0.589124 0.010629
vt 0.226706 0.087076
vt 0.316433 0.098026
vt 0.226159 0.112412
vt 0.316371 0.090114
vt 0.040263 0.239075
vt 0.019438 0.228336
vt 0.045270 0.229907
vt 0.019348 0.238246
vt 0.125533 0.084285
vt 0.125375 0.112241
vt 0.081000 0.080253
vt 0.076924 0.112165
vt 0.076907 0.082815
vt 0.076908 0.098913
vt 0.894363 0.170022
vt 0.885354 0.171008
vt 0.888922 0.169110
vt 0.292368 0.911641
vt 0.287645 0.839553
vt 0.291424 0.839553
vt 0.287801 0.911619
vt 0.291034 0.810468
vt 0.288730 0.720820
vt 0.296729 0.720802
vt 0.556283 0.080615
vt 0.559707 0.078751
vt 0.559616 0.080766
vt 0.556374 0.078600
vt 0.576994 0.080066
vt 0.572596 0.081684
vt 0.576994 0.081670
vt 0.572596 0.078257
vt 0.575307 0.078184
vt 0.561307 0.011653
vt 0.562082 0.026213
vt 0.561697 0.026196
vt 0.561456 0.006557
vt 0.563059 0.006630
vt 0.560518 0.060809
vt 0.559776 0.049411
vt 0.559263 0.060752
vt 0.552519 0.060064
vt 0.550737 0.025599
vt 0.549186 0.059913
vt 0.554129 0.025746
vt 0.551638 0.079551
vt 0.548305 0.079401
vt 0.107002 0.883405
vt 0.086013 0.926374
vt 0.076503 0.885206
vt 0.179937 0.883856
vt 0.207859 0.884612
vt 0.204428 0.918274
vt 0.648913 0.155933
vt 0.651604 0.084041
vt 0.645153 0.156044
vt 0.641584 0.156076
vt 0.675986 0.155598
vt 0.663964 0.084119
vt 0.675986 0.084040
vt 0.663402 0.155604
vt 0.247513 0.388599
vt 0.255673 0.429101
vt 0.238642 0.433297
vt 0.257365 0.388599
vt 0.231148 0.839553
vt 0.675986 0.274986
vt 0.663909 0.244243
vt 0.675986 0.244247
vt 0.663863 0.274980
vt 0.641648 0.213346
vt 0.645430 0.244055
vt 0.641481 0.274882
vt 0.648790 0.244060
vt 0.649591 0.274851
vt 0.619330 0.155764
vt 0.621588 0.083680
vt 0.629726 0.156050
vt 0.089324 0.557791
vt 0.073068 0.567865
vt 0.073068 0.557793
vt 0.094566 0.581947
vt 0.299332 0.679809
vt 0.283878 0.547568
vt 0.837750 0.875697
vt 0.928704 0.874618
vt 0.838620 0.965163
vt 0.740992 0.876524
vt 0.773211 0.980540
vt 0.689241 0.876655
vt 0.994196 0.280697
vt 0.996088 0.280697
vt 0.995142 0.317103
vt 0.995150 0.269530
vt 0.817626 0.980540
vt 0.980629 0.874666
vt 0.896660 0.978552
vt 0.832120 0.877685
vt 0.831250 0.967151
vt 0.852244 0.978552
vt 0.198077 0.112355
vt 0.197622 0.086493
vt 0.198077 0.114710
vt 0.226158 0.115473
vt 0.316440 0.098979
vt 0.071607 0.112167
vt 0.071591 0.098915
vt 0.275424 0.273525
vt 0.359325 0.250935
vt 0.359407 0.271487
vt 0.275585 0.255158
vt 0.281075 0.502341
vt 0.223918 0.501208
vt 0.252617 0.502214
vt 0.284795 0.467703
vt 0.279112 0.467743
vt 0.273720 0.502274
vt 0.266899 0.502273
vt 0.266638 0.388599
vt 0.271318 0.355420
vt 0.270566 0.388599
vt 0.267939 0.355420
vt 0.095905 0.525106
vt 0.098639 0.557783
vt 0.086823 0.525119
vt 0.120342 0.525058
vt 0.121609 0.557765
vt 0.116454 0.525095
vt 0.126004 0.557766
vt 0.110724 0.525091
vt 0.114609 0.557761
vt 0.253851 0.355420
vt 0.258737 0.355420
vt 0.073067 0.525123
vt 0.792574 0.556249
vt 0.870350 0.520557
vt 0.870825 0.542792
vt 0.789296 0.531139
vt 0.107497 0.607492
vt 0.128161 0.602306
vt 0.133963 0.601842
vt 0.123231 0.603641
vt 0.649038 0.213311
vt 0.675986 0.441476
vt 0.663560 0.441461
vt 0.649804 0.441317
vt 0.639031 0.441251
vt 0.628780 0.274717
vt 0.625628 0.440988
vt 0.616953 0.274425
vt 0.613690 0.440665
vt 0.663129 0.494953
vt 0.676086 0.494945
vt 0.669608 0.494949
vt 0.649144 0.494900
vt 0.656137 0.494926
vt 0.608179 0.494270
vt 0.611705 0.494072
vt 0.608471 0.440727
vt 0.591456 0.493925
vt 0.278452 0.424280
vt 0.276540 0.422386
vt 0.277481 0.415125
vt 0.809555 0.565501
vt 0.854667 0.555777
vt 0.876160 0.552291
vt 0.278051 0.330319
vt 0.276363 0.320274
vt 0.280131 0.320266
vt 0.277032 0.337556
vt 0.275289 0.337677
vt 0.909026 0.547609
vt 0.947937 0.531969
vt 0.943415 0.544583
vt 0.969477 0.541259
vt 0.989231 0.527124
vt 0.989723 0.540730
vt 0.299332 0.485072
vt 0.296561 0.484395
vt 0.293343 0.482114
vt 0.289231 0.477983
vt 0.089622 0.452817
vt 0.080113 0.417236
vt 0.086121 0.417230
vt 0.082788 0.452826
vt 0.093124 0.490391
vt 0.084135 0.473415
vt 0.091650 0.473408
vt 0.085097 0.490397
vt 0.073069 0.473418
vt 0.073070 0.490401
vt 0.073075 0.452827
vt 0.073077 0.417236
vt 0.109555 0.452624
vt 0.101108 0.417164
vt 0.104847 0.417603
vt 0.106046 0.452772
vt 0.115267 0.490335
vt 0.108849 0.473370
vt 0.112630 0.473301
vt 0.111191 0.490366
vt 0.105812 0.490370
vt 0.103879 0.473383
vt 0.097225 0.417201
vt 0.101525 0.452790
vt 0.273524 0.303093
vt 0.277559 0.303093
vt 0.150601 0.373866
vt 0.157213 0.406630
vt 0.150739 0.406266
vt 0.157034 0.374680
vt 0.163693 0.407679
vt 0.162338 0.374777
vt 0.172787 0.373859
vt 0.169027 0.408333
vt 0.167711 0.374240
vt 0.170694 0.408356
vt 0.141765 0.372748
vt 0.152214 0.351323
vt 0.144565 0.349734
vt 0.132504 0.370912
vt 0.141304 0.405602
vt 0.129113 0.405032
vt 0.167667 0.352061
vt 0.162881 0.352311
vt 0.164709 0.326377
vt 0.168820 0.326599
vt 0.172932 0.326667
vt 0.172428 0.351817
vt 0.155864 0.325191
vt 0.157970 0.352114
vt 0.160549 0.325987
vt 0.137126 0.347802
vt 0.144527 0.321945
vt 0.149911 0.323668
vt 0.081005 0.366695
vt 0.078527 0.394173
vt 0.076960 0.366720
vt 0.083946 0.394120
vt 0.073079 0.394204
vt 0.073073 0.366723
vt 0.097579 0.394017
vt 0.093938 0.394053
vt 0.090446 0.366572
vt 0.093690 0.366431
vt 0.097015 0.365952
vt 0.101500 0.393753
vt 0.091791 0.417219
vt 0.095716 0.452804
vt 0.097967 0.473395
vt 0.099574 0.490380
vt 0.089273 0.394086
vt 0.085600 0.366655
vt 0.128057 0.441420
vt 0.130608 0.457458
vt 0.127988 0.457619
vt 0.073074 0.507783
vt 0.085966 0.507776
vt 0.143614 0.425062
vt 0.154367 0.440708
vt 0.145938 0.440921
vt 0.152438 0.425195
vt 0.094513 0.507764
vt 0.113832 0.507717
vt 0.118176 0.507645
vt 0.108266 0.507734
vt 0.101442 0.507758
vt 0.134319 0.424969
vt 0.128409 0.425075
vt 0.137525 0.441020
vt 0.172742 0.408351
vt 0.168058 0.408251
vt 0.283681 0.303088
vt 0.139204 0.457177
vt 0.261725 0.426132
vt 0.263144 0.388599
vt 0.260396 0.467848
vt 0.254053 0.467873
vt 0.259300 0.502271
vt 0.264463 0.355420
vt 0.596518 0.526923
vt 0.613184 0.527088
vt 0.584502 0.526826
vt 0.590070 0.526869
vt 0.231135 0.467922
vt 0.275595 0.211289
vt 0.359236 0.228512
vt 0.275590 0.233536
vt 0.359152 0.207457
vt 0.266485 0.424685
vt 0.147542 0.457124
vt 0.920732 0.164144
vt 0.917535 0.159974
vt 0.920732 0.159974
vt 0.917535 0.164144
vt 0.512053 0.061367
vt 0.509970 0.055540
vt 0.512883 0.055540
vt 0.509826 0.061367
vt 0.955524 0.165415
vt 0.955524 0.159974
vt 0.509682 0.067193
vt 0.512595 0.066735
vt 0.904958 0.163020
vt 0.904958 0.159974
vt 0.076924 0.112165
vt 0.071607 0.112167
vt 0.644184 0.494993
vt 0.639076 0.494938
vt 0.624868 0.494494
vt 0.618286 0.494283
vt 0.631836 0.494665
vt 0.084650 0.319697
vt 0.083013 0.320145
vt 0.081681 0.320236
vt 0.077181 0.320403
vt 0.075072 0.320455
vt 0.073074 0.320458
vt 0.169018 0.282101
vt 0.170876 0.282150
vt 0.172738 0.282167
vt 0.165128 0.281729
vt 0.167156 0.282004
vt 0.160457 0.280290
vt 0.162646 0.281086
vt 0.079482 0.320322
vt 0.080229 0.310033
vt 0.079296 0.310428
vt 0.078430 0.310509
vt 0.075632 0.310613
vt 0.074345 0.310639
vt 0.073069 0.310631
vt 0.170225 0.272597
vt 0.171475 0.272641
vt 0.172732 0.272653
vt 0.167735 0.272305
vt 0.169004 0.272515
vt 0.165009 0.271271
vt 0.166265 0.271835
vt 0.077037 0.310571
vt 0.077355 0.305223
vt 0.076870 0.305522
vt 0.076356 0.305585
vt 0.074651 0.305671
vt 0.073856 0.305693
vt 0.073061 0.305689
vt 0.171905 0.267842
vt 0.171106 0.267792
vt 0.172736 0.267857
vt 0.170352 0.267713
vt 0.169607 0.267553
vt 0.168791 0.267223
vt 0.168123 0.266824
vt 0.075511 0.305635
vt 0.894363 0.169110
vt 0.087022 0.013392
vt 0.048973 0.011387
vt 0.087021 0.010626
vt 0.009869 0.014260
vt 0.610137 0.274247
vt 0.641395 0.184054
vt 0.096262 0.232978
vt 0.072827 0.240365
vt 0.081083 0.232084
vt 0.087523 0.240883
vt 0.125307 0.113181
vt 0.988259 0.257995
vt 0.986800 0.262848
vt 0.986838 0.257989
vt 0.988277 0.262853
vt 0.988249 0.266799
vt 0.987059 0.281512
vt 0.986772 0.266794
vt 0.987917 0.281522
vt 0.987823 0.223576
vt 0.986838 0.254043
vt 0.987224 0.242128
vt 0.988259 0.254048
vt 0.045276 0.229895
vt 0.019429 0.228314
vt 0.988259 0.215204
vt 0.988259 0.223576
vt 0.987457 0.301918
vt 0.357364 0.091503
vt 0.551634 0.005730
vt 0.555061 0.005885
vt 0.558841 0.070105
vt 0.560096 0.070162
vt 0.556467 0.076541
vt 0.559996 0.072352
vt 0.559801 0.076692
vt 0.556663 0.072201
vt 0.573037 0.062478
vt 0.569513 0.062438
vt 0.571122 0.071638
vt 0.569284 0.081652
vt 0.570898 0.073864
vt 0.570918 0.078179
vt 0.570344 0.080066
vt 0.569906 0.027989
vt 0.573447 0.027809
vt 0.570127 0.008536
vt 0.573656 0.008576
vt 0.559986 0.027012
vt 0.557594 0.049445
vt 0.558599 0.027082
vt 0.559290 0.011693
vt 0.559563 0.006600
vt 0.557081 0.060786
vt 0.556761 0.070007
vt 0.569075 0.012895
vt 0.567142 0.028392
vt 0.567325 0.012959
vt 0.568896 0.028354
vt 0.566417 0.028398
vt 0.564927 0.027770
vt 0.566595 0.012965
vt 0.565149 0.008282
vt 0.566648 0.008299
vt 0.574502 0.076933
vt 0.573882 0.073593
vt 0.574502 0.073599
vt 0.573882 0.076927
vt 0.570745 0.080277
vt 0.569453 0.082186
vt 0.569690 0.008105
vt 0.574100 0.008156
vt 0.573887 0.027805
vt 0.560977 0.060863
vt 0.562539 0.026294
vt 0.554534 0.025703
vt 0.552982 0.060051
vt 0.552116 0.079210
vt 0.560558 0.070153
vt 0.560262 0.076687
vt 0.560457 0.072390
vt 0.569463 0.028028
vt 0.568848 0.081997
vt 0.560175 0.078616
vt 0.566876 0.050820
vt 0.566158 0.050826
vt 0.564478 0.081895
vt 0.565366 0.079812
vt 0.565770 0.079985
vt 0.564305 0.081398
vt 0.567432 0.007851
vt 0.564715 0.007818
vt 0.566752 0.062195
vt 0.566034 0.062201
vt 0.550297 0.025547
vt 0.551175 0.006116
vt 0.566406 0.071414
vt 0.565927 0.071425
vt 0.547881 0.079018
vt 0.548747 0.059860
vt 0.566382 0.077971
vt 0.565919 0.073631
vt 0.566362 0.073613
vt 0.565939 0.077925
vt 0.574286 0.073137
vt 0.547586 0.064304
vt 0.546194 0.055064
vt 0.547693 0.055081
vt 0.547578 0.066511
vt 0.547598 0.070804
vt 0.547024 0.072691
vt 0.545964 0.074277
vt 0.546586 0.020649
vt 0.548075 0.021277
vt 0.547816 0.043706
vt 0.282395 0.948032
vt 0.615076 0.046759
vt 0.623469 0.047015
vt 0.947528 0.511211
vt 0.271512 0.423534
vt 0.290124 0.948032
vt 0.290488 0.282252
vt 0.287015 0.293284
vt 0.284881 0.282252
vt 0.279048 0.282252
vt 0.159750 0.425213
vt 0.290155 0.288131
vt 0.293170 0.282249
vt 0.293044 0.285127
vt 0.296171 0.282247
vt 0.296126 0.284398
vt 0.299332 0.282246
vt 0.299332 0.284311
vt 0.771167 0.084907
vt 0.773692 0.079196
vt 0.775329 0.081970
vt 0.775514 0.085369
vt 0.774926 0.088724
vt 0.773832 0.090341
vt 0.781290 0.080370
vt 0.780577 0.075468
vt 0.781400 0.085491
vt 0.781107 0.090651
vt 0.780625 0.093579
vt 0.822666 0.080031
vt 0.823147 0.077159
vt 0.822413 0.085370
vt 0.822680 0.090759
vt 0.822983 0.092875
vt 0.828853 0.081683
vt 0.829828 0.080052
vt 0.828384 0.085296
vt 0.828941 0.088942
vt 0.829688 0.090280
vt 0.832324 0.085213
vt 0.039688 0.930685
vt 0.041076 0.930636
vt 0.040950 0.931138
vt 0.040503 0.931545
vt 0.039833 0.931731
vt 0.036546 0.931689
vt 0.036394 0.930885
vt 0.036299 0.930104
vt 0.039694 0.929680
vt 0.040360 0.929804
vt 0.040862 0.930153
vt 0.042141 0.931676
vt 0.042399 0.930653
vt 0.041239 0.932475
vt 0.039914 0.932810
vt 0.036752 0.932644
vt 0.036231 0.929290
vt 0.039633 0.928753
vt 0.040960 0.928970
vt 0.041968 0.929670
vt 0.043199 0.932205
vt 0.043568 0.930701
vt 0.041897 0.933373
vt 0.039993 0.933870
vt 0.036983 0.933682
vt 0.036197 0.928466
vt 0.039586 0.927907
vt 0.041486 0.928237
vt 0.042939 0.929258
vt 0.044098 0.932702
vt 0.044555 0.930778
vt 0.042476 0.934209
vt 0.040096 0.934885
vt 0.037228 0.934727
vt 0.036190 0.927661
vt 0.039570 0.927116
vt 0.041961 0.927597
vt 0.043773 0.928928
vt 0.044859 0.933180
vt 0.045396 0.930880
vt 0.042980 0.934996
vt 0.040224 0.935851
vt 0.037363 0.935760
vt 0.036197 0.926779
vt 0.039614 0.926341
vt 0.042415 0.926986
vt 0.044516 0.928642
vt 0.045565 0.933718
vt 0.046241 0.931006
vt 0.043413 0.935808
vt 0.040348 0.936794
vt 0.037565 0.936753
vt 0.036151 0.925896
vt 0.039676 0.925477
vt 0.042880 0.926281
vt 0.045285 0.928303
vt 0.030366 0.934957
vt 0.021783 0.931323
vt 0.030442 0.934413
vt 0.021570 0.931359
vt 0.022286 0.931246
vt 0.030503 0.933475
vt 0.023108 0.931207
vt 0.030437 0.932763
vt 0.024212 0.931196
vt 0.030381 0.932010
vt 0.025515 0.931184
vt 0.030331 0.931431
vt 0.030301 0.931000
vt 0.030287 0.930573
vt 0.030285 0.930151
vt 0.030293 0.929557
vt 0.030315 0.928992
vt 0.030161 0.928225
vt 0.030021 0.927754
vt 0.073105 0.300674
vt 0.172735 0.262944
vt 0.988770 0.507316
vt 0.140452 0.473317
vt 0.148779 0.473336
vt 0.132385 0.473551
vt 0.126350 0.473631
vt 0.012420 0.237490
vt 0.012511 0.228963
vt 0.143193 0.930026
vt 0.120343 0.888019
vt 0.151025 0.885097
vt 0.087021 0.007974
vt 0.009868 0.008283
vt 0.047572 0.885530
vt 0.024352 0.917077
vt 0.019609 0.883573
vt 0.649017 0.184021
vt 0.266142 0.947984
vt 0.630432 0.755165
vt 0.629800 0.769910
vt 0.299332 0.911684
vt 0.299332 0.948065
vt 0.675986 0.047659
vt 0.665213 0.047733
vt 0.654417 0.047703
vt 0.935255 0.174374
vt 0.906733 0.165562
vt 0.935218 0.167224
vt 0.906762 0.175180
vt 0.646320 0.755155
vt 0.646014 0.769913
vt 0.848164 0.162481
vt 0.904852 0.166600
vt 0.848300 0.168988
vt 0.917261 0.143089
vt 0.917124 0.149595
vt 0.846067 0.146153
vt 0.100187 0.010362
vt 0.133791 0.007786
vt 0.133905 0.013193
vt 0.340526 0.911523
vt 0.339485 0.839553
vt 0.347116 0.839553
vt 0.334501 0.911810
vt 0.330207 0.720887
vt 0.326460 0.839553
vt 0.342019 0.720887
vt 0.318804 0.911619
vt 0.326261 0.911619
vt 0.317231 0.839553
vt 0.735922 0.083545
vt 0.763728 0.155258
vt 0.739682 0.155521
vt 0.762824 0.083064
vt 0.367797 0.720738
vt 0.347961 0.548148
vt 0.383709 0.554248
vt 0.349176 0.720868
vt 0.339364 0.547441
vt 0.331766 0.547634
vt 0.322968 0.547633
vt 0.320071 0.720854
vt 0.774545 0.493507
vt 0.768653 0.493721
vt 0.782938 0.440373
vt 0.330144 0.337741
vt 0.325863 0.320280
vt 0.329568 0.320280
vt 0.326599 0.337708
vt 0.383709 0.781026
vt 0.367699 0.780959
vt 0.383708 0.723015
vt 0.765240 0.274065
vt 0.764185 0.440575
vt 0.781178 0.271756
vt 0.979582 0.243011
vt 0.780578 0.213610
vt 0.979558 0.210657
vt 0.303372 0.502277
vt 0.307850 0.502213
vt 0.743682 0.769935
vt 0.759966 0.755107
vt 0.760012 0.769938
vt 0.743496 0.755351
vt 0.328844 0.948128
vt 0.323206 0.948032
vt 0.695484 0.755148
vt 0.694916 0.769894
vt 0.857516 0.770013
vt 0.857125 0.755273
vt 0.841213 0.770019
vt 0.840491 0.755267
vt 0.825031 0.769997
vt 0.824146 0.755256
vt 0.711563 0.084027
vt 0.720227 0.047207
vt 0.722401 0.083947
vt 0.709015 0.047498
vt 0.792532 0.769970
vt 0.807801 0.755242
vt 0.808722 0.769997
vt 0.792300 0.755227
vt 0.776212 0.769966
vt 0.776701 0.755211
vt 0.367904 0.984140
vt 0.367348 0.911579
vt 0.342259 0.984140
vt 0.849595 0.143697
vt 0.849565 0.134078
vt 0.906297 0.139694
vt 0.736877 0.010952
vt 0.762520 0.010677
vt 0.341617 0.032608
vt 0.251890 0.043559
vt 0.251952 0.035647
vt 0.342165 0.057944
vt 0.528060 0.184607
vt 0.548885 0.173869
vt 0.548976 0.183779
vt 0.523054 0.175438
vt 0.442948 0.057774
vt 0.442790 0.029817
vt 0.491399 0.057697
vt 0.487324 0.025786
vt 0.491415 0.044445
vt 0.491416 0.028347
vt 0.899804 0.169110
vt 0.903372 0.171008
vt 0.306297 0.911641
vt 0.311020 0.839553
vt 0.310863 0.911619
vt 0.307240 0.839553
vt 0.307631 0.810468
vt 0.301936 0.720802
vt 0.309935 0.720820
vt 0.537521 0.080183
vt 0.540945 0.078319
vt 0.537612 0.078168
vt 0.540854 0.080334
vt 0.513645 0.076562
vt 0.518042 0.076576
vt 0.513645 0.074958
vt 0.518042 0.073149
vt 0.515332 0.073076
vt 0.544297 0.006198
vt 0.542935 0.025764
vt 0.543319 0.025780
vt 0.542545 0.011220
vt 0.542693 0.006125
vt 0.541014 0.048978
vt 0.540501 0.060320
vt 0.541756 0.060376
vt 0.534368 0.061011
vt 0.532586 0.026547
vt 0.535978 0.026694
vt 0.531035 0.060861
vt 0.533488 0.080499
vt 0.530154 0.080348
vt 0.019678 0.938299
vt 0.050176 0.940100
vt 0.040667 0.981269
vt 0.146411 0.940167
vt 0.121793 0.974497
vt 0.118485 0.940823
vt 0.700409 0.084085
vt 0.703198 0.155953
vt 0.710416 0.156095
vt 0.706937 0.156072
vt 0.688008 0.084138
vt 0.688590 0.155615
vt 0.351152 0.388599
vt 0.342991 0.429101
vt 0.341300 0.388599
vt 0.360022 0.433297
vt 0.367517 0.839553
vt 0.688130 0.244239
vt 0.688177 0.274974
vt 0.710573 0.274889
vt 0.706785 0.244049
vt 0.710378 0.213356
vt 0.703450 0.244048
vt 0.702664 0.274831
vt 0.732455 0.155790
vt 0.721993 0.156055
vt 0.730267 0.083700
vt 0.056811 0.557788
vt 0.051573 0.581946
vt 0.314786 0.547568
vt 0.552647 0.978610
vt 0.553517 0.889143
vt 0.643600 0.979688
vt 0.456671 0.981198
vt 0.404921 0.981067
vt 0.488890 0.877182
vt 0.994155 0.254906
vt 0.995101 0.218500
vt 0.996048 0.254906
vt 0.995109 0.266073
vt 0.533305 0.877182
vt 0.695526 0.979640
vt 0.611557 0.875755
vt 0.547799 0.980037
vt 0.546929 0.890570
vt 0.567141 0.875755
vt 0.370246 0.057887
vt 0.370702 0.032025
vt 0.370246 0.060243
vt 0.342166 0.061005
vt 0.251883 0.044512
vt 0.496716 0.057699
vt 0.496732 0.044448
vt 0.319552 0.467743
vt 0.327153 0.423534
vt 0.325912 0.467776
vt 0.322125 0.422386
vt 0.317590 0.502341
vt 0.374746 0.501208
vt 0.346048 0.502214
vt 0.313870 0.467703
vt 0.324945 0.502274
vt 0.331765 0.502273
vt 0.332027 0.388599
vt 0.327346 0.355420
vt 0.330726 0.355420
vt 0.328098 0.388599
vt 0.050226 0.525106
vt 0.059308 0.525116
vt 0.047493 0.557783
vt 0.025749 0.525036
vt 0.024456 0.557746
vt 0.020149 0.557752
vt 0.029722 0.525088
vt 0.035432 0.525099
vt 0.031500 0.557762
vt 0.344814 0.355420
vt 0.339928 0.355420
vt 0.990438 0.488241
vt 0.912436 0.453254
vt 0.993566 0.463273
vt 0.912079 0.475445
vt 0.038437 0.607568
vt 0.017908 0.602290
vt 0.012106 0.601818
vt 0.022854 0.603636
vt 0.703192 0.213305
vt 0.688477 0.441443
vt 0.702453 0.441272
vt 0.713093 0.441271
vt 0.723097 0.274749
vt 0.726436 0.441058
vt 0.734957 0.274479
vt 0.738440 0.440761
vt 0.689085 0.494904
vt 0.682585 0.494924
vt 0.703190 0.494794
vt 0.696137 0.494849
vt 0.743974 0.494337
vt 0.743626 0.440795
vt 0.740491 0.494181
vt 0.760698 0.493975
vt 0.320213 0.424280
vt 0.321184 0.415125
vt 0.973475 0.497760
vt 0.928305 0.488323
vt 0.906801 0.484907
vt 0.318533 0.320266
vt 0.322302 0.320274
vt 0.320614 0.330319
vt 0.323375 0.337677
vt 0.321633 0.337556
vt 0.839511 0.477523
vt 0.834928 0.464916
vt 0.873918 0.480353
vt 0.813434 0.474314
vt 0.793628 0.460165
vt 0.793188 0.473875
vt 0.302103 0.484395
vt 0.305321 0.482114
vt 0.309434 0.477983
vt 0.056527 0.452814
vt 0.066050 0.417234
vt 0.063361 0.452825
vt 0.060052 0.417227
vt 0.053023 0.490389
vt 0.062006 0.473416
vt 0.061044 0.490400
vt 0.054495 0.473405
vt 0.036610 0.452629
vt 0.045028 0.417157
vt 0.040141 0.452771
vt 0.041277 0.417594
vt 0.030937 0.490340
vt 0.037345 0.473374
vt 0.034980 0.490361
vt 0.033570 0.473296
vt 0.040354 0.490369
vt 0.042298 0.473380
vt 0.048927 0.417190
vt 0.044649 0.452783
vt 0.325141 0.303093
vt 0.321105 0.303093
vt 0.194869 0.373849
vt 0.188332 0.406582
vt 0.188433 0.374662
vt 0.194790 0.406238
vt 0.182198 0.407694
vt 0.183036 0.374753
vt 0.176393 0.408363
vt 0.174697 0.408356
vt 0.177820 0.374261
vt 0.203712 0.372734
vt 0.193150 0.351324
vt 0.200843 0.349734
vt 0.212941 0.370888
vt 0.204190 0.405586
vt 0.216423 0.405030
vt 0.177294 0.352076
vt 0.182266 0.352323
vt 0.180955 0.326372
vt 0.176970 0.326602
vt 0.189659 0.325180
vt 0.187313 0.352122
vt 0.185033 0.325977
vt 0.208297 0.347801
vt 0.200964 0.321938
vt 0.195589 0.323657
vt 0.065141 0.366689
vt 0.067630 0.394170
vt 0.062210 0.394115
vt 0.069198 0.366715
vt 0.048558 0.394006
vt 0.052211 0.394043
vt 0.055752 0.366568
vt 0.052509 0.366425
vt 0.049178 0.365945
vt 0.044642 0.393739
vt 0.054379 0.417213
vt 0.050440 0.452798
vt 0.048188 0.473393
vt 0.046587 0.490382
vt 0.056885 0.394078
vt 0.060564 0.366642
vt 0.217375 0.441402
vt 0.217452 0.457568
vt 0.214841 0.457423
vt 0.060177 0.507777
vt 0.201854 0.425045
vt 0.191081 0.440683
vt 0.193027 0.425168
vt 0.199512 0.440915
vt 0.051630 0.507764
vt 0.032361 0.507719
vt 0.028017 0.507639
vt 0.037903 0.507733
vt 0.044705 0.507761
vt 0.211138 0.424963
vt 0.207929 0.441007
vt 0.217062 0.425072
vt 0.177624 0.408293
vt 0.314984 0.303088
vt 0.206266 0.457178
vt 0.336939 0.426132
vt 0.335521 0.388599
vt 0.338268 0.467848
vt 0.344612 0.467873
vt 0.339365 0.502271
vt 0.334202 0.355420
vt 0.755670 0.526978
vt 0.734602 0.556008
vt 0.738975 0.527234
vt 0.750674 0.559772
vt 0.760550 0.561572
vt 0.762117 0.526918
vt 0.767686 0.526869
vt 0.755380 0.561142
vt 0.367529 0.467922
vt 0.331949 0.467814
vt 0.332180 0.424685
vt 0.197935 0.457157
vt 0.920732 0.155804
vt 0.917535 0.155804
vt 0.507599 0.061367
vt 0.507057 0.055540
vt 0.955524 0.154533
vt 0.506769 0.066735
vt 0.904958 0.156929
vt 0.491399 0.057697
vt 0.496716 0.057699
vt 0.713184 0.494849
vt 0.708187 0.494821
vt 0.727299 0.494580
vt 0.733895 0.494381
vt 0.720323 0.494718
vt 0.061442 0.319658
vt 0.063075 0.320108
vt 0.064402 0.320205
vt 0.068967 0.320395
vt 0.071064 0.320448
vt 0.176458 0.282107
vt 0.174600 0.282156
vt 0.180346 0.281729
vt 0.178318 0.282007
vt 0.185016 0.280287
vt 0.182827 0.281084
vt 0.066642 0.320301
vt 0.065911 0.310004
vt 0.066841 0.310403
vt 0.067707 0.310487
vt 0.070506 0.310600
vt 0.071792 0.310632
vt 0.175241 0.272600
vt 0.173990 0.272643
vt 0.177734 0.272306
vt 0.176464 0.272518
vt 0.180461 0.271271
vt 0.179204 0.271835
vt 0.069099 0.310554
vt 0.068805 0.305196
vt 0.069287 0.305497
vt 0.069796 0.305561
vt 0.071486 0.305655
vt 0.072270 0.305683
vt 0.173567 0.267843
vt 0.174365 0.267793
vt 0.175119 0.267714
vt 0.175863 0.267554
vt 0.176679 0.267223
vt 0.177346 0.266824
vt 0.070634 0.305615
vt 0.054785 0.023573
vt 0.092834 0.021568
vt 0.131938 0.024440
vt 0.054787 0.020807
vt 0.741785 0.274316
vt 0.710615 0.184069
vt 0.472061 0.178510
vt 0.495496 0.185898
vt 0.480800 0.186415
vt 0.487240 0.177616
vt 0.443017 0.058714
vt 0.989754 0.262853
vt 0.989680 0.257984
vt 0.989225 0.281528
vt 0.988367 0.281525
vt 0.989725 0.266815
vt 0.988695 0.223576
vt 0.989680 0.254043
vt 0.989295 0.242128
vt 0.523047 0.175427
vt 0.548894 0.173847
vt 0.988531 0.301925
vt 0.210959 0.037036
vt 0.533483 0.006678
vt 0.536910 0.006833
vt 0.540079 0.069673
vt 0.541333 0.069729
vt 0.537705 0.076109
vt 0.541234 0.071920
vt 0.537901 0.071769
vt 0.541038 0.076259
vt 0.519736 0.068832
vt 0.521345 0.059632
vt 0.517821 0.059673
vt 0.519960 0.071058
vt 0.519940 0.075373
vt 0.520514 0.077260
vt 0.521574 0.078846
vt 0.520952 0.025183
vt 0.517411 0.025003
vt 0.520731 0.005730
vt 0.517203 0.005770
vt 0.523515 0.027164
vt 0.525534 0.049630
vt 0.523767 0.049559
vt 0.525268 0.027202
vt 0.540528 0.011261
vt 0.540801 0.006168
vt 0.538319 0.060354
vt 0.538832 0.049013
vt 0.537999 0.069575
vt 0.539837 0.026650
vt 0.541224 0.026580
vt 0.525816 0.011774
vt 0.527484 0.026579
vt 0.525994 0.027208
vt 0.525763 0.007108
vt 0.527261 0.007091
vt 0.517389 0.071167
vt 0.518008 0.067828
vt 0.518008 0.071161
vt 0.517389 0.067833
vt 0.520113 0.077471
vt 0.521405 0.079380
vt 0.521168 0.005300
vt 0.516758 0.005350
vt 0.543777 0.025862
vt 0.544644 0.006687
vt 0.542215 0.060431
vt 0.521788 0.059647
vt 0.521395 0.025223
vt 0.534830 0.060999
vt 0.533965 0.080157
vt 0.541795 0.069721
vt 0.541500 0.076254
vt 0.541694 0.071958
vt 0.522010 0.079192
vt 0.541413 0.078184
vt 0.526253 0.049636
vt 0.527933 0.080704
vt 0.527045 0.078622
vt 0.528105 0.080208
vt 0.526641 0.078795
vt 0.524978 0.006661
vt 0.527696 0.006627
vt 0.525085 0.011769
vt 0.525658 0.061005
vt 0.526377 0.061011
vt 0.532146 0.026494
vt 0.533025 0.007064
vt 0.526004 0.070223
vt 0.526484 0.070234
vt 0.529730 0.079966
vt 0.530596 0.060807
vt 0.526028 0.076781
vt 0.526491 0.072441
vt 0.526471 0.076735
vt 0.526048 0.072422
vt 0.517604 0.067372
vt 0.527876 0.060994
vt 0.316270 0.948032
vt 0.737193 0.046815
vt 0.728717 0.047053
vt 0.835235 0.444143
vt 0.308541 0.948032
vt 0.308176 0.282252
vt 0.313784 0.282252
vt 0.311650 0.293284
vt 0.319617 0.282252
vt 0.185752 0.425153
vt 0.308510 0.288131
vt 0.305495 0.282249
vt 0.305620 0.285127
vt 0.302494 0.282247
vt 0.302539 0.284398
vt 0.834130 0.059636
vt 0.829972 0.056697
vt 0.831609 0.053921
vt 0.829783 0.060096
vt 0.830365 0.063450
vt 0.831457 0.065069
vt 0.824015 0.055111
vt 0.824728 0.050178
vt 0.823893 0.060215
vt 0.824179 0.065354
vt 0.824658 0.068309
vt 0.782643 0.054859
vt 0.782167 0.051832
vt 0.782874 0.060211
vt 0.782603 0.065441
vt 0.782295 0.067538
vt 0.776450 0.056491
vt 0.775477 0.054692
vt 0.776905 0.060109
vt 0.776345 0.063590
vt 0.775596 0.064925
vt 0.772970 0.059851
vt 0.053018 0.930643
vt 0.051755 0.931092
vt 0.051629 0.930590
vt 0.052203 0.931500
vt 0.052872 0.931687
vt 0.056160 0.931703
vt 0.056308 0.930895
vt 0.056403 0.930097
vt 0.053013 0.929643
vt 0.052345 0.929761
vt 0.051844 0.930108
vt 0.050564 0.931629
vt 0.050306 0.930606
vt 0.051468 0.932430
vt 0.052792 0.932770
vt 0.055960 0.932648
vt 0.056471 0.929252
vt 0.053070 0.928721
vt 0.051742 0.928924
vt 0.050737 0.929623
vt 0.049507 0.932157
vt 0.049137 0.930653
vt 0.050810 0.933327
vt 0.052713 0.933830
vt 0.055728 0.933669
vt 0.056511 0.928399
vt 0.053123 0.927880
vt 0.051218 0.928189
vt 0.049765 0.929210
vt 0.048608 0.932653
vt 0.048151 0.930729
vt 0.050231 0.934162
vt 0.052610 0.934846
vt 0.055484 0.934713
vt 0.056518 0.927565
vt 0.053132 0.927092
vt 0.050742 0.927549
vt 0.048930 0.928880
vt 0.047848 0.933131
vt 0.047309 0.930831
vt 0.049727 0.934949
vt 0.052482 0.935811
vt 0.055347 0.935737
vt 0.056508 0.926691
vt 0.053088 0.926307
vt 0.050287 0.926938
vt 0.048187 0.928593
vt 0.047142 0.933668
vt 0.046464 0.930957
vt 0.049292 0.935760
vt 0.052356 0.936755
vt 0.055146 0.936731
vt 0.056550 0.925810
vt 0.053023 0.925438
vt 0.049822 0.926233
vt 0.047418 0.928254
vt 0.062339 0.934886
vt 0.070918 0.931238
vt 0.071132 0.931276
vt 0.062264 0.934345
vt 0.070415 0.931148
vt 0.062205 0.933410
vt 0.069596 0.931071
vt 0.062277 0.932710
vt 0.068495 0.931034
vt 0.062333 0.931967
vt 0.067197 0.931039
vt 0.062369 0.931341
vt 0.062401 0.930972
vt 0.062406 0.930618
vt 0.062411 0.930085
vt 0.062404 0.929477
vt 0.062387 0.928911
vt 0.062542 0.928140
vt 0.062682 0.927671
vt 0.793992 0.440342
vt 0.205151 0.473333
vt 0.196813 0.473398
vt 0.213256 0.473522
vt 0.219285 0.473544
vt 0.555903 0.183022
vt 0.555813 0.174495
vt 0.182973 0.986470
vt 0.175321 0.941521
vt 0.205989 0.944558
vt 0.054787 0.018155
vt 0.131939 0.018464
vt 0.079108 0.940424
vt 0.102327 0.971970
vt 0.107071 0.938467
vt 0.703182 0.184024
vt 0.332523 0.947984
vt 0.726719 0.755165
vt 0.727472 0.769910
vt 0.686614 0.047777
vt 0.697314 0.047794
vt 0.939865 0.174992
vt 0.968389 0.166181
vt 0.968359 0.175799
vt 0.939903 0.167842
vt 0.710831 0.755155
vt 0.711133 0.769913
vt 0.901281 0.156175
vt 0.901145 0.162681
vt 0.844593 0.160293
vt 0.845289 0.149870
vt 0.916483 0.152934
vt 0.845425 0.156377
vt 0.041620 0.020543
vt 0.008016 0.017967
vt 0.007903 0.023374
vt 0.581801 0.781852
vt 0.581777 0.751372
vt 0.581812 0.702476
vt 0.979617 0.290028
vt 0.764496 0.213849
vt 0.016855 0.751377
vt 0.016865 0.781852
vt 0.016874 0.702466
vt 0.373166 0.290229
vt 0.587363 0.213803
vt 0.980787 0.305554
vt 0.975742 0.314040
vt 0.977393 0.314040
vt 0.977346 0.305554
vt 0.981306 0.317508
vt 0.977022 0.324833
vt 0.978452 0.325659
vt 0.978326 0.315787
vt 0.975592 0.324008
vt 0.975346 0.314067
vt 0.984228 0.305554
vt 0.979045 0.314040
vt 0.978148 0.326415
vt 0.975672 0.326415
vt 0.976910 0.325177
vt 0.976910 0.327653
vt 0.743610 0.842936
vt 0.756222 0.856202
vt 0.743592 0.856227
vt 0.757449 0.842912
vt 0.743626 0.829645
vt 0.727882 0.829635
vt 0.755455 0.829620
vt 0.734267 0.842930
vt 0.731680 0.842929
vt 0.734615 0.856222
vt 0.760234 0.829624
vt 0.760237 0.842914
vt 0.727710 0.829602
vt 0.776135 0.842959
vt 0.788741 0.856224
vt 0.776114 0.856248
vt 0.789969 0.842936
vt 0.776135 0.829669
vt 0.760407 0.829657
vt 0.787976 0.829645
vt 0.764200 0.842950
vt 0.766786 0.842952
vt 0.767130 0.856242
vt 0.792754 0.829649
vt 0.792757 0.842938
vt 0.711090 0.842919
vt 0.723708 0.856184
vt 0.711080 0.856211
vt 0.724929 0.842892
vt 0.711100 0.829627
vt 0.695354 0.829622
vt 0.722930 0.829599
vt 0.701747 0.842917
vt 0.699160 0.842916
vt 0.702103 0.856209
vt 0.727718 0.842894
vt 0.695181 0.829590
vt 0.678570 0.842913
vt 0.691198 0.856174
vt 0.678570 0.856205
vt 0.692409 0.842881
vt 0.678571 0.829620
vt 0.662825 0.829622
vt 0.690401 0.829588
vt 0.669227 0.842914
vt 0.666640 0.842914
vt 0.669594 0.856206
vt 0.695198 0.842882
vt 0.662652 0.829590
vt 0.646050 0.842919
vt 0.658689 0.856175
vt 0.646060 0.856211
vt 0.659889 0.842882
vt 0.646042 0.829627
vt 0.630297 0.829634
vt 0.657871 0.829590
vt 0.636707 0.842923
vt 0.634120 0.842924
vt 0.637084 0.856215
vt 0.662678 0.842882
vt 0.630123 0.829602
vt 0.613531 0.842936
vt 0.626178 0.856187
vt 0.613548 0.856227
vt 0.627369 0.842895
vt 0.613515 0.829645
vt 0.597772 0.829656
vt 0.625344 0.829604
vt 0.604187 0.842942
vt 0.601600 0.842944
vt 0.604571 0.856233
vt 0.630158 0.842893
vt 0.597598 0.829623
vt 0.971255 0.842959
vt 0.983902 0.856207
vt 0.971276 0.856248
vt 0.985088 0.842916
vt 0.971233 0.829669
vt 0.955491 0.829681
vt 0.983059 0.829627
vt 0.961906 0.842966
vt 0.959319 0.842968
vt 0.962291 0.856255
vt 0.987837 0.829623
vt 0.987877 0.842914
vt 0.955317 0.829648
vt 0.938730 0.842982
vt 0.951382 0.856229
vt 0.938748 0.856270
vt 0.952568 0.842939
vt 0.938714 0.829694
vt 0.922976 0.829704
vt 0.950539 0.829652
vt 0.926799 0.842989
vt 0.929386 0.842987
vt 0.929767 0.856275
vt 0.955357 0.842937
vt 0.922803 0.829670
vt 0.906210 0.842999
vt 0.918855 0.856247
vt 0.906220 0.856286
vt 0.920049 0.842959
vt 0.906201 0.829712
vt 0.890464 0.829717
vt 0.918025 0.829673
vt 0.894279 0.843002
vt 0.896866 0.843001
vt 0.897239 0.856289
vt 0.922837 0.842957
vt 0.890291 0.829682
vt 0.873690 0.843005
vt 0.886326 0.856257
vt 0.873690 0.856292
vt 0.887529 0.842970
vt 0.873690 0.829718
vt 0.857954 0.829717
vt 0.885514 0.829684
vt 0.861760 0.843004
vt 0.864346 0.843004
vt 0.864708 0.856291
vt 0.890317 0.842969
vt 0.857781 0.829682
vt 0.841170 0.842999
vt 0.853795 0.856256
vt 0.841159 0.856286
vt 0.855008 0.842969
vt 0.841179 0.829712
vt 0.825442 0.829704
vt 0.853003 0.829682
vt 0.829239 0.842993
vt 0.831826 0.842995
vt 0.832178 0.856282
vt 0.857797 0.842969
vt 0.825269 0.829670
vt 0.808650 0.842982
vt 0.821266 0.856244
vt 0.808632 0.856270
vt 0.822489 0.842957
vt 0.808666 0.829694
vt 0.792927 0.829682
vt 0.820491 0.829668
vt 0.796720 0.842974
vt 0.799307 0.842976
vt 0.799652 0.856265
vt 0.825277 0.842958
vt 0.502066 0.573101
vt 0.500449 0.572952
vt 0.502642 0.572910
vt 0.499831 0.573144
vt 0.504274 0.579279
vt 0.504808 0.578971
vt 0.506631 0.585445
vt 0.506271 0.583913
vt 0.507120 0.585020
vt 0.505766 0.584317
vt 0.507122 0.582991
vt 0.507602 0.582613
vt 0.499759 0.571581
vt 0.498389 0.571952
vt 0.500378 0.571419
vt 0.497731 0.572124
vt 0.506918 0.588240
vt 0.507401 0.587762
vt 0.501099 0.556588
vt 0.499773 0.555651
vt 0.501693 0.556710
vt 0.499142 0.555508
vt 0.499922 0.563042
vt 0.500538 0.563042
vt 0.498880 0.569561
vt 0.499334 0.568054
vt 0.499516 0.569437
vt 0.498695 0.568151
vt 0.500533 0.567681
vt 0.501137 0.567593
vt 0.499861 0.554118
vt 0.498489 0.553754
vt 0.500478 0.554287
vt 0.497833 0.553575
vt 0.511160 0.586918
vt 0.509686 0.587598
vt 0.511563 0.586465
vt 0.509246 0.588073
vt 0.516162 0.591165
vt 0.516470 0.590631
vt 0.521286 0.595326
vt 0.520208 0.594179
vt 0.521497 0.594713
vt 0.519972 0.594782
vt 0.520484 0.592955
vt 0.520710 0.592388
vt 0.508402 0.586756
vt 0.508858 0.586305
vt 0.522932 0.597603
vt 0.523111 0.596947
vt 0.525945 0.594337
vt 0.525008 0.595663
vt 0.526067 0.593743
vt 0.524865 0.596294
vt 0.532399 0.595514
vt 0.532399 0.594898
vt 0.538918 0.596556
vt 0.537411 0.596102
vt 0.538794 0.595920
vt 0.537508 0.596741
vt 0.537038 0.594904
vt 0.536950 0.594299
vt 0.523475 0.595575
vt 0.523644 0.594958
vt 0.541481 0.597705
vt 0.541309 0.597047
vt 0.542458 0.593370
vt 0.542309 0.594987
vt 0.542267 0.592794
vt 0.542501 0.595605
vt 0.548636 0.591162
vt 0.548328 0.590628
vt 0.554802 0.588805
vt 0.553270 0.589165
vt 0.554377 0.588316
vt 0.553674 0.589670
vt 0.552348 0.588314
vt 0.551969 0.587834
vt 0.540938 0.595677
vt 0.540776 0.595058
vt 0.557597 0.588518
vt 0.557119 0.588035
vt 0.556275 0.584276
vt 0.556955 0.585750
vt 0.555822 0.583873
vt 0.557430 0.586190
vt 0.560522 0.579275
vt 0.559988 0.578966
vt 0.564683 0.574150
vt 0.563536 0.575228
vt 0.564070 0.573939
vt 0.564139 0.575464
vt 0.562312 0.574952
vt 0.561744 0.574726
vt 0.556112 0.587034
vt 0.555662 0.586578
vt 0.563694 0.569492
vt 0.565020 0.570428
vt 0.563100 0.569369
vt 0.565651 0.570572
vt 0.564871 0.563037
vt 0.564255 0.563037
vt 0.565913 0.556518
vt 0.565459 0.558025
vt 0.565277 0.556642
vt 0.566098 0.557928
vt 0.564261 0.558398
vt 0.563656 0.558486
vt 0.564932 0.571961
vt 0.566304 0.572325
vt 0.564315 0.571792
vt 0.566960 0.572505
vt 0.567062 0.553955
vt 0.566404 0.554127
vt 0.562727 0.552978
vt 0.564344 0.553127
vt 0.562151 0.553169
vt 0.564962 0.552935
vt 0.560519 0.546800
vt 0.559985 0.547108
vt 0.558162 0.540634
vt 0.558522 0.542166
vt 0.557673 0.541059
vt 0.559027 0.541762
vt 0.557671 0.543088
vt 0.557191 0.543467
vt 0.565034 0.554498
vt 0.564415 0.554660
vt 0.557875 0.537839
vt 0.557392 0.538318
vt 0.553633 0.539161
vt 0.555107 0.538481
vt 0.553230 0.539614
vt 0.555547 0.538006
vt 0.548631 0.534914
vt 0.548323 0.535448
vt 0.543507 0.530753
vt 0.544585 0.531900
vt 0.543296 0.531366
vt 0.544821 0.531297
vt 0.544309 0.533124
vt 0.544083 0.533692
vt 0.556391 0.539324
vt 0.555935 0.539774
vt 0.541862 0.528476
vt 0.541682 0.529132
vt 0.538849 0.531742
vt 0.539786 0.530416
vt 0.538726 0.532336
vt 0.539928 0.529785
vt 0.532394 0.530565
vt 0.532394 0.531181
vt 0.525875 0.529523
vt 0.527382 0.529977
vt 0.525999 0.530159
vt 0.527285 0.529338
vt 0.527755 0.531176
vt 0.527843 0.531780
vt 0.541318 0.530504
vt 0.541149 0.531121
vt 0.523312 0.528374
vt 0.523484 0.529032
vt 0.522335 0.532709
vt 0.522484 0.531092
vt 0.522526 0.533285
vt 0.522292 0.530474
vt 0.516157 0.534917
vt 0.516465 0.535451
vt 0.509991 0.537274
vt 0.511523 0.536914
vt 0.510416 0.537763
vt 0.511119 0.536409
vt 0.512445 0.537765
vt 0.512823 0.538245
vt 0.523855 0.530402
vt 0.524017 0.531021
vt 0.507196 0.537561
vt 0.507675 0.538044
vt 0.508518 0.541803
vt 0.507838 0.540329
vt 0.508971 0.542206
vt 0.507363 0.539889
vt 0.504271 0.546805
vt 0.504805 0.547113
vt 0.500110 0.551929
vt 0.501257 0.550851
vt 0.500723 0.552140
vt 0.500654 0.550615
vt 0.502481 0.551127
vt 0.503049 0.551353
vt 0.508681 0.539045
vt 0.509131 0.539501
vt 0.825938 0.632479
vt 0.825947 0.639722
vt 0.827148 0.632479
vt 0.833158 0.625218
vt 0.825947 0.648130
vt 0.833158 0.648130
vt 0.827672 0.625236
vt 0.838338 0.632461
vt 0.837215 0.632461
vt 0.840068 0.639722
vt 0.840068 0.648130
vt 0.837057 0.625218
vt 0.981282 0.648130
vt 0.988490 0.648130
vt 0.981282 0.639722
vt 0.981272 0.632479
vt 0.982483 0.632479
vt 0.988490 0.625218
vt 0.983007 0.625236
vt 0.824217 0.632461
vt 0.823094 0.632461
vt 0.819034 0.648130
vt 0.819034 0.625218
vt 0.822935 0.625218
vt 0.840059 0.632479
vt 0.841270 0.632479
vt 0.847279 0.625218
vt 0.847279 0.648130
vt 0.841794 0.625236
vt 0.852460 0.632461
vt 0.851336 0.632461
vt 0.854189 0.639722
vt 0.854189 0.648130
vt 0.851178 0.625218
vt 0.854180 0.632479
vt 0.855391 0.632479
vt 0.861400 0.625218
vt 0.861400 0.648130
vt 0.855915 0.625236
vt 0.866581 0.632461
vt 0.865458 0.632461
vt 0.868311 0.639722
vt 0.868311 0.648130
vt 0.865299 0.625218
vt 0.868302 0.632479
vt 0.869512 0.632479
vt 0.875522 0.625218
vt 0.875522 0.648130
vt 0.870037 0.625236
vt 0.880702 0.632461
vt 0.879579 0.632461
vt 0.882432 0.639722
vt 0.882432 0.648130
vt 0.879421 0.625218
vt 0.882423 0.632479
vt 0.883634 0.632479
vt 0.889643 0.625218
vt 0.889643 0.648130
vt 0.884158 0.625236
vt 0.896544 0.632479
vt 0.896553 0.639722
vt 0.897755 0.632479
vt 0.903762 0.625218
vt 0.896553 0.648130
vt 0.903762 0.648130
vt 0.898279 0.625236
vt 0.910675 0.639722
vt 0.910675 0.648130
vt 0.908945 0.632461
vt 0.907822 0.632461
vt 0.907663 0.625218
vt 0.917886 0.648130
vt 0.910666 0.632479
vt 0.911877 0.632479
vt 0.917886 0.625218
vt 0.912401 0.625236
vt 0.924796 0.639722
vt 0.924796 0.648130
vt 0.923066 0.632461
vt 0.921943 0.632461
vt 0.921785 0.625218
vt 0.932007 0.648130
vt 0.924787 0.632479
vt 0.925998 0.632479
vt 0.932007 0.625218
vt 0.926522 0.625236
vt 0.938917 0.639722
vt 0.938917 0.648130
vt 0.937188 0.632461
vt 0.936064 0.632461
vt 0.935906 0.625218
vt 0.946129 0.648130
vt 0.938908 0.632479
vt 0.940119 0.632479
vt 0.946129 0.625218
vt 0.940643 0.625236
vt 0.953039 0.639722
vt 0.953039 0.648130
vt 0.951309 0.632461
vt 0.950186 0.632461
vt 0.950027 0.625218
vt 0.960250 0.648130
vt 0.953030 0.632479
vt 0.954240 0.632479
vt 0.960250 0.625218
vt 0.954765 0.625236
vt 0.967160 0.639722
vt 0.967160 0.648130
vt 0.965430 0.632461
vt 0.964307 0.632461
vt 0.964149 0.625218
vt 0.974371 0.648130
vt 0.967151 0.632479
vt 0.968362 0.632479
vt 0.974371 0.625218
vt 0.968886 0.625236
vt 0.979552 0.632461
vt 0.978428 0.632461
vt 0.978270 0.625218
vt 0.894824 0.632461
vt 0.893700 0.632461
vt 0.893542 0.625218
vt 0.634312 0.663551
vt 0.621102 0.745334
vt 0.634312 0.745334
vt 0.621102 0.663551
vt 0.647522 0.663551
vt 0.647522 0.745334
vt 0.660732 0.663551
vt 0.660732 0.745334
vt 0.673942 0.663551
vt 0.673942 0.745334
vt 0.687152 0.663551
vt 0.687152 0.745334
vt 0.700362 0.663551
vt 0.700362 0.745334
vt 0.872092 0.663551
vt 0.858882 0.745334
vt 0.872092 0.745334
vt 0.858882 0.663551
vt 0.885302 0.663551
vt 0.885302 0.745334
vt 0.898511 0.663551
vt 0.898511 0.745334
vt 0.911721 0.663551
vt 0.911721 0.745334
vt 0.924931 0.663551
vt 0.924931 0.745334
vt 0.938141 0.663551
vt 0.938141 0.745334
vt 0.779622 0.663552
vt 0.766412 0.745334
vt 0.779622 0.745334
vt 0.766412 0.663552
vt 0.753202 0.745334
vt 0.753202 0.663551
vt 0.739992 0.745334
vt 0.739992 0.663551
vt 0.726782 0.745334
vt 0.726782 0.663551
vt 0.713572 0.745334
vt 0.713572 0.663551
vt 0.845672 0.745334
vt 0.845672 0.663552
vt 0.832462 0.745334
vt 0.832462 0.663552
vt 0.819252 0.745334
vt 0.819252 0.663552
vt 0.806042 0.745334
vt 0.806042 0.663552
vt 0.792832 0.745334
vt 0.792832 0.663552
vt 0.494924 0.572585
vt 0.492851 0.562539
vt 0.494199 0.572780
vt 0.493602 0.562539
vt 0.498802 0.581947
vt 0.498151 0.582322
vt 0.504970 0.589985
vt 0.504439 0.590517
vt 0.513009 0.596154
vt 0.512633 0.596804
vt 0.522370 0.600031
vt 0.522176 0.600757
vt 0.532416 0.601354
vt 0.532416 0.602105
vt 0.522370 0.525047
vt 0.532416 0.522974
vt 0.522176 0.524322
vt 0.532416 0.523725
vt 0.513009 0.528925
vt 0.512633 0.528274
vt 0.504970 0.535093
vt 0.504439 0.534562
vt 0.498802 0.543132
vt 0.498151 0.542757
vt 0.494924 0.552493
vt 0.494199 0.552299
vt 0.571231 0.562539
vt 0.570634 0.572780
vt 0.571982 0.562539
vt 0.569908 0.572585
vt 0.566681 0.582322
vt 0.566031 0.581947
vt 0.560393 0.590517
vt 0.559862 0.589985
vt 0.552199 0.596804
vt 0.551823 0.596154
vt 0.542657 0.600757
vt 0.542462 0.600031
vt 0.542657 0.524322
vt 0.542462 0.525047
vt 0.552199 0.528274
vt 0.551823 0.528925
vt 0.560393 0.534562
vt 0.559862 0.535093
vt 0.566681 0.542757
vt 0.566031 0.543132
vt 0.570634 0.552299
vt 0.569908 0.552493
vt 0.883907 0.597281
vt 0.890819 0.619319
vt 0.883759 0.619319
vt 0.890819 0.597281
vt 0.897880 0.619318
vt 0.898028 0.597280
vt 0.904941 0.619318
vt 0.904938 0.597280
vt 0.912001 0.619318
vt 0.912149 0.597279
vt 0.919062 0.619317
vt 0.919060 0.597279
vt 0.926123 0.619317
vt 0.926271 0.597279
vt 0.933183 0.619317
vt 0.933181 0.597279
vt 0.940244 0.619317
vt 0.940392 0.597279
vt 0.947305 0.619317
vt 0.947302 0.597279
vt 0.954365 0.619318
vt 0.954513 0.597279
vt 0.961426 0.619318
vt 0.961424 0.597280
vt 0.968487 0.619318
vt 0.968635 0.597280
vt 0.975547 0.619319
vt 0.975547 0.597281
vt 0.982608 0.619319
vt 0.982756 0.597281
vt 0.813300 0.597281
vt 0.820213 0.619319
vt 0.813152 0.619319
vt 0.820210 0.597282
vt 0.827273 0.619320
vt 0.827421 0.597282
vt 0.834334 0.619320
vt 0.834332 0.597282
vt 0.841395 0.619320
vt 0.841543 0.597282
vt 0.848455 0.619320
vt 0.848453 0.597282
vt 0.855516 0.619320
vt 0.855664 0.597282
vt 0.862577 0.619320
vt 0.862574 0.597282
vt 0.869637 0.619320
vt 0.869785 0.597282
vt 0.876698 0.619319
vt 0.876696 0.597282
vt 0.663698 0.584854
vt 0.661118 0.594442
vt 0.660729 0.584862
vt 0.664010 0.594434
vt 0.664516 0.604016
vt 0.661745 0.604023
vt 0.656235 0.604039
vt 0.655365 0.594458
vt 0.654816 0.584879
vt 0.509960 0.845700
vt 0.518513 0.842964
vt 0.519744 0.845742
vt 0.509216 0.843133
vt 0.500342 0.845745
vt 0.500243 0.843096
vt 0.499667 0.840253
vt 0.508303 0.840303
vt 0.517268 0.840175
vt 0.500455 0.849925
vt 0.510839 0.851290
vt 0.500439 0.851907
vt 0.510603 0.849515
vt 0.520808 0.848978
vt 0.521290 0.850507
vt 0.445626 0.864709
vt 0.412859 0.860335
vt 0.445621 0.860332
vt 0.412898 0.864503
vt 0.877526 0.173455
vt 0.893904 0.174980
vt 0.877526 0.175509
vt 0.894473 0.172324
vt 0.667317 0.604008
vt 0.666932 0.594426
vt 0.666693 0.584846
vt 0.672710 0.584829
vt 0.672806 0.594410
vt 0.645338 0.594486
vt 0.642989 0.604237
vt 0.641934 0.594573
vt 0.646390 0.604065
vt 0.644744 0.584907
vt 0.641392 0.584916
vt 0.649488 0.584894
vt 0.650105 0.594473
vt 0.817457 0.172380
vt 0.812378 0.174916
vt 0.810699 0.169857
vt 0.818637 0.176740
vt 0.824852 0.177724
vt 0.824428 0.174220
vt 0.834695 0.180250
vt 0.827312 0.179671
vt 0.812955 0.176188
vt 0.819859 0.179002
vt 0.500441 0.863412
vt 0.479960 0.860183
vt 0.501051 0.859972
vt 0.474252 0.864889
vt 0.511774 0.854376
vt 0.523167 0.853611
vt 0.500432 0.855191
vt 0.836696 0.168298
vt 0.820844 0.151746
vt 0.825836 0.151761
vt 0.820072 0.164787
vt 0.810815 0.163800
vt 0.810825 0.151762
vt 0.826194 0.177164
vt 0.870486 0.181887
vt 0.842277 0.179519
vt 0.905448 0.185670
vt 0.882973 0.182941
vt 0.855167 0.182693
vt 0.851240 0.181508
vt 0.477967 0.858250
vt 0.444992 0.857402
vt 0.474311 0.856612
vt 0.440374 0.854809
vt 0.445658 0.855172
vt 0.474293 0.853444
vt 0.412964 0.834327
vt 0.445770 0.831448
vt 0.445744 0.837506
vt 0.640219 0.558027
vt 0.642739 0.528699
vt 0.643420 0.558018
vt 0.639604 0.528701
vt 0.474175 0.840318
vt 0.473879 0.837525
vt 0.445738 0.840602
vt 0.412965 0.840969
vt 0.662619 0.528655
vt 0.659308 0.528662
vt 0.662996 0.557963
vt 0.659836 0.557972
vt 0.653518 0.557990
vt 0.652635 0.528673
vt 0.675649 0.557928
vt 0.672342 0.528632
vt 0.675574 0.528623
vt 0.672486 0.557937
vt 0.666158 0.557955
vt 0.665877 0.528648
vt 0.412912 0.853973
vt 0.445681 0.852380
vt 0.474299 0.851018
vt 0.649586 0.528679
vt 0.647112 0.528686
vt 0.650570 0.557998
vt 0.648046 0.558005
vt 0.878562 0.190472
vt 0.836593 0.191460
vt 0.837281 0.190546
vt 0.878609 0.191420
vt 0.848093 0.104549
vt 0.839969 0.106238
vt 0.847596 0.104324
vt 0.840626 0.106817
vt 0.825691 0.111355
vt 0.824800 0.110852
vt 0.784307 0.182904
vt 0.780973 0.180516
vt 0.782469 0.179971
vt 0.783377 0.183683
vt 0.512471 0.855686
vt 0.524488 0.854943
vt 0.816534 0.190576
vt 0.804878 0.186940
vt 0.807145 0.183974
vt 0.816038 0.191641
vt 0.785869 0.185616
vt 0.787239 0.184896
vt 0.789262 0.140444
vt 0.797698 0.128138
vt 0.798963 0.128495
vt 0.786346 0.140354
vt 0.785980 0.147435
vt 0.781500 0.147577
vt 0.516033 0.837390
vt 0.507390 0.837473
vt 0.653578 0.604046
vt 0.652611 0.594466
vt 0.651117 0.604053
vt 0.818224 0.113623
vt 0.810710 0.118152
vt 0.817486 0.113831
vt 0.811804 0.118581
vt 0.777266 0.173623
vt 0.780327 0.173132
vt 0.780024 0.169227
vt 0.775446 0.169756
vt 0.675767 0.603984
vt 0.675743 0.594401
vt 0.672951 0.603992
vt 0.878570 0.101674
vt 0.870816 0.101734
vt 0.878570 0.101368
vt 0.870951 0.102392
vt 0.855712 0.103830
vt 0.855308 0.103198
vt 0.687739 0.584787
vt 0.691463 0.557884
vt 0.690708 0.584779
vt 0.688303 0.557893
vt 0.697780 0.557867
vt 0.696620 0.584763
vt 0.706692 0.584734
vt 0.711079 0.557829
vt 0.710045 0.584725
vt 0.707879 0.557838
vt 0.457996 0.803158
vt 0.431755 0.800400
vt 0.457967 0.800099
vt 0.431805 0.803314
vt 0.465275 0.828228
vt 0.487992 0.824604
vt 0.491241 0.828320
vt 0.464463 0.823851
vt 0.519504 0.824006
vt 0.520928 0.828425
vt 0.860580 0.172324
vt 0.861161 0.175045
vt 0.675718 0.584821
vt 0.678813 0.557919
vt 0.678727 0.584812
vt 0.685140 0.557902
vt 0.684743 0.584796
vt 0.699430 0.584755
vt 0.703252 0.557851
vt 0.701948 0.584748
vt 0.700728 0.557858
vt 0.825242 0.122837
vt 0.823557 0.124183
vt 0.819494 0.123545
vt 0.836461 0.122842
vt 0.848607 0.123837
vt 0.832426 0.125539
vt 0.435815 0.827180
vt 0.434995 0.823327
vt 0.458099 0.819829
vt 0.431914 0.815058
vt 0.458101 0.816701
vt 0.431877 0.818236
vt 0.836480 0.135041
vt 0.836187 0.128705
vt 0.845665 0.130185
vt 0.877626 0.122148
vt 0.874577 0.118848
vt 0.905448 0.117852
vt 0.457990 0.821710
vt 0.486729 0.820976
vt 0.486668 0.822770
vt 0.486717 0.818547
vt 0.519238 0.796643
vt 0.519281 0.803711
vt 0.486523 0.800149
vt 0.486404 0.794036
vt 0.486544 0.803379
vt 0.711543 0.528500
vt 0.708408 0.528516
vt 0.691840 0.528571
vt 0.688529 0.528583
vt 0.698513 0.528546
vt 0.678806 0.528614
vt 0.685271 0.528594
vt 0.458086 0.814221
vt 0.486684 0.815643
vt 0.519419 0.817293
vt 0.704036 0.528527
vt 0.701562 0.528535
vt 0.920385 0.191454
vt 0.919777 0.190542
vt 0.823551 0.138556
vt 0.810839 0.139722
vt 0.697957 0.603923
vt 0.696121 0.594345
vt 0.698874 0.594337
vt 0.695300 0.603930
vt 0.938916 0.113623
vt 0.932339 0.110852
vt 0.939654 0.113831
vt 0.931449 0.111355
vt 0.916514 0.106817
vt 0.917171 0.106238
vt 0.689789 0.603945
vt 0.690367 0.594361
vt 0.972833 0.182904
vt 0.976167 0.180516
vt 0.973764 0.183683
vt 0.974671 0.179971
vt 0.420558 0.817335
vt 0.407332 0.817483
vt 0.409221 0.816234
vt 0.419540 0.818770
vt 0.971271 0.185616
vt 0.969901 0.184896
vt 0.816096 0.123925
vt 0.812201 0.125131
vt 0.812683 0.124382
vt 0.818044 0.124639
vt 0.952989 0.184196
vt 0.952495 0.184105
vt 0.700418 0.603915
vt 0.701381 0.594330
vt 0.706147 0.594316
vt 0.705145 0.603901
vt 0.945336 0.118581
vt 0.959442 0.128138
vt 0.958177 0.128495
vt 0.946430 0.118152
vt 0.965015 0.159590
vt 0.969593 0.153574
vt 0.970957 0.159753
vt 0.964910 0.153056
vt 0.964806 0.146521
vt 0.968378 0.146759
vt 0.422357 0.803427
vt 0.412838 0.806404
vt 0.412873 0.803627
vt 0.422364 0.806300
vt 0.412669 0.808858
vt 0.422297 0.808882
vt 0.970762 0.168314
vt 0.976243 0.173214
vt 0.973636 0.172676
vt 0.974431 0.168939
vt 0.421823 0.812662
vt 0.411160 0.813648
vt 0.411696 0.812164
vt 0.421562 0.814399
vt 0.678584 0.603977
vt 0.678680 0.594393
vt 0.684554 0.594377
vt 0.684218 0.603961
vt 0.886189 0.102392
vt 0.901832 0.103198
vt 0.901428 0.103830
vt 0.886324 0.101734
vt 0.431880 0.808905
vt 0.458069 0.811761
vt 0.431895 0.811113
vt 0.458050 0.809149
vt 0.431903 0.813092
vt 0.649240 0.659295
vt 0.651424 0.633240
vt 0.652995 0.659294
vt 0.647701 0.632482
vt 0.645194 0.654733
vt 0.645250 0.630967
vt 0.648005 0.607209
vt 0.645304 0.607201
vt 0.651840 0.607215
vt 0.607044 0.649964
vt 0.604408 0.628603
vt 0.606909 0.628601
vt 0.604514 0.649966
vt 0.599427 0.649967
vt 0.599407 0.628603
vt 0.604301 0.607239
vt 0.599388 0.607240
vt 0.606774 0.607237
vt 0.617302 0.649952
vt 0.614527 0.628593
vt 0.617063 0.628588
vt 0.614760 0.649957
vt 0.609595 0.649961
vt 0.609434 0.628598
vt 0.614294 0.607230
vt 0.609272 0.607234
vt 0.616823 0.607224
vt 0.625218 0.649938
vt 0.629660 0.628617
vt 0.630139 0.650033
vt 0.624934 0.628574
vt 0.619888 0.649946
vt 0.619647 0.628581
vt 0.624654 0.607209
vt 0.619406 0.607217
vt 0.629190 0.607200
vt 0.637011 0.650381
vt 0.634101 0.628706
vt 0.636117 0.628781
vt 0.634931 0.650228
vt 0.632538 0.650128
vt 0.631881 0.628659
vt 0.631242 0.607190
vt 0.633296 0.607183
vt 0.635251 0.607180
vt 0.644288 0.653494
vt 0.643123 0.629788
vt 0.644235 0.630346
vt 0.643135 0.652380
vt 0.643138 0.607196
vt 0.644190 0.607198
vt 0.675622 0.659302
vt 0.659893 0.633242
vt 0.675622 0.633246
vt 0.661924 0.659298
vt 0.660182 0.607217
vt 0.675622 0.607221
vt 0.639701 0.650931
vt 0.640749 0.629209
vt 0.640903 0.651234
vt 0.639258 0.629055
vt 0.638842 0.607179
vt 0.640618 0.607184
vt 0.708078 0.652428
vt 0.710141 0.629251
vt 0.710311 0.651256
vt 0.708100 0.629836
vt 0.708094 0.607244
vt 0.709936 0.607247
vt 0.714174 0.650346
vt 0.712388 0.628934
vt 0.713844 0.628811
vt 0.712701 0.650603
vt 0.711503 0.650927
vt 0.711264 0.629091
vt 0.710989 0.607255
vt 0.712045 0.607266
vt 0.713489 0.607276
vt 0.698245 0.659313
vt 0.703535 0.632506
vt 0.701997 0.659321
vt 0.699816 0.633257
vt 0.689318 0.659307
vt 0.691349 0.633251
vt 0.691060 0.607225
vt 0.699400 0.607231
vt 0.703231 0.607233
vt 0.706936 0.653533
vt 0.705981 0.630998
vt 0.706992 0.630385
vt 0.706035 0.654762
vt 0.705926 0.607232
vt 0.707038 0.607238
vt 0.744177 0.650104
vt 0.741792 0.628735
vt 0.744312 0.628741
vt 0.741630 0.650098
vt 0.736469 0.650091
vt 0.736703 0.628727
vt 0.741954 0.607371
vt 0.736935 0.607364
vt 0.744448 0.607378
vt 0.721075 0.650116
vt 0.726307 0.628698
vt 0.726022 0.650062
vt 0.721233 0.628717
vt 0.718663 0.650168
vt 0.718638 0.628734
vt 0.718599 0.607300
vt 0.721383 0.607318
vt 0.726590 0.607333
vt 0.733931 0.650083
vt 0.731591 0.628709
vt 0.734171 0.628719
vt 0.731349 0.650073
vt 0.731832 0.607345
vt 0.734411 0.607355
vt 0.754299 0.650114
vt 0.751807 0.628749
vt 0.754297 0.628751
vt 0.751778 0.650112
vt 0.746702 0.650109
vt 0.746810 0.628746
vt 0.751835 0.607386
vt 0.746918 0.607382
vt 0.754295 0.607388
vt 0.500157 0.856487
vt 0.474243 0.843236
vt 0.500387 0.843144
vt 0.474292 0.846035
vt 0.499929 0.840285
vt 0.652006 0.584887
vt 0.822266 0.126970
vt 0.823889 0.130921
vt 0.811654 0.128591
vt 0.431769 0.819760
vt 0.431850 0.806230
vt 0.709566 0.594361
vt 0.708585 0.604002
vt 0.687476 0.594369
vt 0.687019 0.603953
vt 0.499096 0.837443
vt 0.510366 0.847739
vt 0.500471 0.847942
vt 0.519821 0.845867
vt 0.520307 0.847405
vt 0.520316 0.847452
vt 0.839652 0.181421
vt 0.831312 0.180747
vt 0.822888 0.179959
vt 0.819834 0.179003
vt 0.810778 0.169817
vt 0.445732 0.843699
vt 0.445721 0.846720
vt 0.412965 0.847611
vt 0.445703 0.849588
vt 0.474305 0.848590
vt 0.776653 0.154800
vt 0.782699 0.154426
vt 0.779418 0.161417
vt 0.773473 0.161184
vt 0.773626 0.165890
vt 0.779721 0.165322
vt 0.458025 0.806230
vt 0.519326 0.810658
vt 0.486574 0.806631
vt 0.486608 0.809796
vt 0.486645 0.812767
vt 0.941359 0.191560
vt 0.941039 0.189688
vt 0.810881 0.133641
vt 0.809734 0.128540
vt 0.810845 0.133703
vt 0.909047 0.104549
vt 0.909544 0.104324
vt 0.967163 0.139945
vt 0.964702 0.139987
vt 0.422325 0.800552
vt 0.412867 0.800845
vt 0.972619 0.164663
vt 0.967889 0.163952
vt 0.412243 0.810659
vt 0.422092 0.810908
vt 0.756789 0.628752
vt 0.756828 0.650115
vt 0.756750 0.607388
vt 0.637765 0.628905
vt 0.638494 0.650632
vt 0.637066 0.607178
vt 0.716045 0.628755
vt 0.716256 0.650223
vt 0.715814 0.607286
vt 0.499473 0.837428
vt 0.396059 0.914157
vt 0.388886 0.913418
vt 0.414715 0.901559
vt 0.405681 0.888579
vt 0.407940 0.888274
vt 0.396820 0.891261
vt 0.398975 0.890416
vt 0.388170 0.898517
vt 0.390947 0.895417
vt 0.386485 0.901813
vt 0.387328 0.900163
vt 0.385831 0.903453
vt 0.386078 0.911387
vt 0.385583 0.910587
vt 0.414559 0.914267
vt 0.402227 0.914195
vt 0.385390 0.908281
vt 0.385472 0.906673
vt 0.443981 0.909403
vt 0.443590 0.911031
vt 0.444192 0.907537
vt 0.444087 0.908469
vt 0.444024 0.906253
vt 0.433058 0.914443
vt 0.426890 0.914385
vt 0.440243 0.913814
vt 0.443082 0.911825
vt 0.442279 0.912439
vt 0.423816 0.888708
vt 0.426048 0.889274
vt 0.441349 0.899583
vt 0.442332 0.901920
vt 0.438454 0.895763
vt 0.432640 0.891519
vt 0.434629 0.892797
vt 0.414754 0.887794
vt 0.417020 0.887916
vt 0.386871 0.912012
vt 0.412486 0.887884
vt 0.403442 0.889113
vt 0.394814 0.892509
vt 0.385556 0.905068
vt 0.430497 0.890641
vt 0.443314 0.904262
vt 0.421561 0.888370
vt 0.290044 0.181093
vt 0.269711 0.187011
vt 0.271888 0.180754
vt 0.289340 0.188419
vt 0.288416 0.195988
vt 0.266821 0.193133
vt 0.247974 0.189149
vt 0.253194 0.185206
vt 0.255429 0.180317
vt 0.226384 0.180368
vt 0.234484 0.185113
vt 0.255489 0.168074
vt 0.223706 0.174258
vt 0.226442 0.168115
vt 0.256197 0.174201
vt 0.290130 0.167415
vt 0.269835 0.161423
vt 0.289502 0.160100
vt 0.271957 0.167696
vt 0.253299 0.163151
vt 0.248112 0.159181
vt 0.266994 0.155278
vt 0.288649 0.152546
vt 0.331544 0.180881
vt 0.331671 0.188061
vt 0.331863 0.195546
vt 0.331678 0.167760
vt 0.290309 0.174252
vt 0.331545 0.174307
vt 0.332287 0.153279
vt 0.331949 0.160658
vt 0.374056 0.189392
vt 0.372465 0.184615
vt 0.393215 0.184068
vt 0.373584 0.179568
vt 0.407021 0.178983
vt 0.407075 0.172652
vt 0.373983 0.175102
vt 0.373676 0.170620
vt 0.411628 0.175920
vt 0.374380 0.160816
vt 0.393400 0.166951
vt 0.372675 0.165523
vt 0.234586 0.163275
vt 0.272639 0.174228
vt 0.353216 0.186587
vt 0.353385 0.193174
vt 0.353103 0.180309
vt 0.353103 0.174648
vt 0.353224 0.169003
vt 0.353477 0.162770
vt 0.353796 0.156244
vt 0.601549 0.559711
vt 0.617562 0.555793
vt 0.596844 0.561086
vt 0.591674 0.561522
vt 0.266715 0.467814
vt 0.272753 0.467776
vt 0.190663 0.207076
vt 0.274225 0.233155
vt 0.190579 0.228131
vt 0.274220 0.210908
vt 0.274230 0.254777
vt 0.190490 0.250554
vt 0.274391 0.273144
vt 0.190408 0.271105
vt 0.867058 0.955270
vt 0.873804 0.951514
vt 0.874147 0.952031
vt 0.866940 0.955310
vt 0.199350 0.857006
vt 0.157944 0.860924
vt 0.199372 0.855523
vt 0.157944 0.863055
vt 0.213093 0.848855
vt 0.209153 0.851745
vt 0.213093 0.848244
vt 0.209153 0.852776
vt 0.215267 0.845786
vt 0.215267 0.845504
vt 0.215913 0.843144
vt 0.215913 0.843144
vt 0.149214 0.863981
vt 0.130648 0.863255
vt 0.149214 0.863255
vt 0.130648 0.864956
vt 0.121829 0.863255
vt 0.121829 0.864919
vt 0.075246 0.864409
vt 0.063422 0.861152
vt 0.075246 0.863255
vt 0.068346 0.863437
vt 0.058759 0.860250
vt 0.058759 0.861453
vt 0.094232 0.864803
vt 0.083537 0.863255
vt 0.094232 0.863255
vt 0.083537 0.864758
vt 0.042379 0.858068
vt 0.033030 0.854117
vt 0.042379 0.857087
vt 0.033030 0.854889
vt 0.108343 0.863255
vt 0.108343 0.864862
vt 0.028116 0.851320
vt 0.028116 0.851895
vt 0.025251 0.848745
vt 0.025251 0.849140
vt 0.024558 0.846000
vt 0.024558 0.846201
vt 0.024474 0.843144
vt 0.024474 0.843144
vt 0.055164 0.846447
vt 0.049936 0.851453
vt 0.049709 0.846447
vt 0.055164 0.852784
vt 0.028290 0.848392
vt 0.033414 0.851012
vt 0.041369 0.846447
vt 0.041452 0.848396
vt 0.028464 0.843144
vt 0.058759 0.856757
vt 0.042379 0.853794
vt 0.037496 0.846672
vt 0.037504 0.846446
vt 0.063113 0.793303
vt 0.079731 0.796247
vt 0.065216 0.798778
vt 0.084201 0.790913
vt 0.091905 0.794941
vt 0.096218 0.790731
vt 0.098526 0.794872
vt 0.103509 0.791484
vt 0.029712 0.843144
vt 0.032568 0.846447
vt 0.032516 0.848041
vt 0.052375 0.803790
vt 0.057661 0.795985
vt 0.067822 0.846447
vt 0.067822 0.852784
vt 0.061877 0.855421
vt 0.061476 0.846447
vt 0.061815 0.846447
vt 0.061548 0.853849
vt 0.046062 0.853796
vt 0.056197 0.854466
vt 0.057231 0.856148
vt 0.047999 0.852625
vt 0.037155 0.850461
vt 0.039303 0.849429
vt 0.035006 0.847356
vt 0.035038 0.846447
vt 0.067817 0.854466
vt 0.067814 0.856148
vt 0.060756 0.846447
vt 0.060756 0.852300
vt 0.159446 0.795356
vt 0.150687 0.802761
vt 0.148744 0.797577
vt 0.157576 0.800614
vt 0.171306 0.793656
vt 0.169123 0.797977
vt 0.177370 0.793220
vt 0.174629 0.796300
vt 0.135330 0.808330
vt 0.134646 0.803164
vt 0.011543 0.808656
vt 0.013253 0.801636
vt 0.012584 0.807901
vt 0.012322 0.801184
vt 0.015267 0.799659
vt 0.014476 0.799248
vt 0.017250 0.795267
vt 0.016631 0.794476
vt 0.024746 0.795435
vt 0.024746 0.794476
vt 0.009465 0.815220
vt 0.011595 0.823433
vt 0.009575 0.823030
vt 0.011478 0.815150
vt 0.016032 0.822976
vt 0.016032 0.813611
vt 0.023529 0.822817
vt 0.023529 0.813770
vt 0.063274 0.855876
vt 0.030524 0.798687
vt 0.036282 0.802683
vt 0.030933 0.799884
vt 0.005422 0.822188
vt 0.005366 0.823444
vt 0.031757 0.799005
vt 0.032303 0.798885
vt 0.209040 0.843144
vt 0.188427 0.822640
vt 0.213851 0.820048
vt 0.213999 0.822085
vt 0.219602 0.821990
vt 0.199349 0.843144
vt 0.158224 0.860924
vt 0.158105 0.843144
vt 0.149214 0.843144
vt 0.137417 0.863255
vt 0.137417 0.843144
vt 0.032568 0.843144
vt 0.055164 0.843144
vt 0.049709 0.843144
vt 0.062742 0.846447
vt 0.063160 0.843144
vt 0.063160 0.846447
vt 0.062742 0.843144
vt 0.061815 0.843144
vt 0.061476 0.843144
vt 0.060756 0.843144
vt 0.037504 0.843144
vt 0.035038 0.843144
vt 0.027759 0.822817
vt 0.027759 0.813770
vt 0.062810 0.855725
vt 0.041369 0.843144
vt 0.067822 0.843144
vt 0.028976 0.795435
vt 0.028976 0.794476
vt 0.199350 0.829282
vt 0.157944 0.825364
vt 0.157944 0.823233
vt 0.199372 0.830765
vt 0.213093 0.837433
vt 0.209153 0.834542
vt 0.209153 0.833511
vt 0.213093 0.838044
vt 0.215267 0.840501
vt 0.215267 0.840784
vt 0.149214 0.822307
vt 0.130648 0.823032
vt 0.130648 0.821331
vt 0.149214 0.823032
vt 0.121829 0.823032
vt 0.121829 0.821368
vt 0.075246 0.821879
vt 0.063422 0.825136
vt 0.068346 0.822850
vt 0.075246 0.823032
vt 0.058759 0.826037
vt 0.058759 0.824834
vt 0.094232 0.821485
vt 0.083537 0.823032
vt 0.083537 0.821530
vt 0.094232 0.823032
vt 0.042379 0.828219
vt 0.033030 0.832171
vt 0.033030 0.831398
vt 0.042379 0.829200
vt 0.108343 0.823032
vt 0.108343 0.821425
vt 0.028116 0.834968
vt 0.028116 0.834392
vt 0.025251 0.837542
vt 0.025251 0.837148
vt 0.024558 0.840288
vt 0.024558 0.840086
vt 0.055164 0.839841
vt 0.049936 0.834834
vt 0.055164 0.833504
vt 0.049709 0.839841
vt 0.028290 0.837895
vt 0.033414 0.835275
vt 0.041369 0.839841
vt 0.041452 0.837892
vt 0.058759 0.829531
vt 0.042379 0.832493
vt 0.037496 0.839615
vt 0.037504 0.839841
vt 0.107482 0.807135
vt 0.090849 0.810509
vt 0.086365 0.805089
vt 0.105380 0.812907
vt 0.078679 0.809125
vt 0.074345 0.804979
vt 0.072069 0.808943
vt 0.067065 0.805662
vt 0.032568 0.839841
vt 0.032516 0.838247
vt 0.118261 0.817594
vt 0.112951 0.809710
vt 0.067822 0.839841
vt 0.067822 0.833504
vt 0.061877 0.830866
vt 0.061476 0.839841
vt 0.061548 0.832439
vt 0.061815 0.839841
vt 0.046062 0.832492
vt 0.056197 0.831821
vt 0.047999 0.833663
vt 0.057231 0.830139
vt 0.037155 0.835826
vt 0.039303 0.836859
vt 0.035006 0.838931
vt 0.035038 0.839841
vt 0.067817 0.831822
vt 0.067814 0.830139
vt 0.060756 0.839841
vt 0.060756 0.833987
vt 0.197686 0.795545
vt 0.206470 0.802977
vt 0.199577 0.800804
vt 0.208398 0.797706
vt 0.185829 0.793754
vt 0.188033 0.798033
vt 0.179773 0.793220
vt 0.182531 0.796224
vt 0.221877 0.808135
vt 0.222541 0.802942
vt 0.046410 0.808656
vt 0.044699 0.801636
vt 0.045631 0.801184
vt 0.045369 0.807901
vt 0.042685 0.799827
vt 0.043476 0.799248
vt 0.040703 0.795435
vt 0.041322 0.794476
vt 0.033206 0.795435
vt 0.033206 0.794476
vt 0.046053 0.815220
vt 0.043923 0.823433
vt 0.044040 0.815150
vt 0.045943 0.823030
vt 0.039485 0.822976
vt 0.039485 0.813611
vt 0.031989 0.822817
vt 0.031989 0.813770
vt 0.063274 0.830412
vt 0.019702 0.803479
vt 0.020111 0.802282
vt 0.025460 0.799484
vt 0.050096 0.822188
vt 0.050151 0.823443
vt 0.020935 0.803161
vt 0.021481 0.803282
vt 0.219486 0.815435
vt 0.194142 0.818887
vt 0.193970 0.816851
vt 0.188593 0.819669
vt 0.158224 0.825364
vt 0.137417 0.823032
vt 0.062742 0.839841
vt 0.063160 0.839841
vt 0.062810 0.830563
vt 0.444704 0.456981
vt 0.453403 0.523059
vt 0.444704 0.524205
vt 0.461510 0.519702
vt 0.468471 0.514360
vt 0.473813 0.507399
vt 0.477170 0.499292
vt 0.478316 0.490593
vt 0.477170 0.481894
vt 0.473813 0.473787
vt 0.468471 0.466826
vt 0.461510 0.461484
vt 0.453403 0.458127
vt 0.495162 0.490593
vt 0.493443 0.503653
vt 0.488402 0.515822
vt 0.480383 0.526272
vt 0.469933 0.534291
vt 0.457763 0.539332
vt 0.444704 0.541051
vt 0.444704 0.440135
vt 0.457763 0.441854
vt 0.469933 0.446895
vt 0.480383 0.454914
vt 0.488402 0.465364
vt 0.493443 0.477533
vt 0.427898 0.519702
vt 0.436004 0.523059
vt 0.420937 0.514360
vt 0.415595 0.507399
vt 0.412237 0.499292
vt 0.411092 0.490593
vt 0.412237 0.481894
vt 0.415595 0.473787
vt 0.420937 0.466826
vt 0.427898 0.461484
vt 0.436004 0.458127
vt 0.394245 0.490593
vt 0.395965 0.503653
vt 0.401006 0.515822
vt 0.409024 0.526272
vt 0.419475 0.534291
vt 0.431644 0.539332
vt 0.431644 0.441854
vt 0.419475 0.446895
vt 0.409024 0.454914
vt 0.401006 0.465364
vt 0.395965 0.477533
vt 0.248186 0.560459
vt 0.146112 0.544024
vt 0.178431 0.472436
vt 0.247946 0.476900
vt 0.099457 0.467792
vt 0.085263 0.429260
vt 0.178310 0.431706
vt 0.248982 0.434019
vt 0.412618 0.181608
vt 0.375348 0.180077
vt 0.382066 0.106684
vt 0.416198 0.107470
vt 0.340421 0.177930
vt 0.347760 0.105310
vt 0.322897 0.058118
vt 0.363809 0.039267
vt 0.402088 0.027869
vt 0.314164 0.101967
vt 0.312102 0.175608
vt 0.278577 0.171539
vt 0.419051 0.439180
vt 0.458010 0.439666
vt 0.458241 0.487689
vt 0.418715 0.486743
vt 0.496753 0.439756
vt 0.497147 0.488011
vt 0.497802 0.580330
vt 0.458965 0.579765
vt 0.420675 0.578100
vt 0.254458 0.584099
vt 0.303395 0.587282
vt 0.311506 0.743412
vt 0.342746 0.590174
vt 0.341188 0.437289
vt 0.340434 0.483042
vt 0.299433 0.480336
vt 0.300347 0.435838
vt 0.342781 0.571608
vt 0.300899 0.567007
vt 0.382110 0.575337
vt 0.379666 0.485180
vt 0.380372 0.438362
vt 0.266437 0.215534
vt 0.214095 0.207120
vt 0.235284 0.164704
vt 0.262479 0.246259
vt 0.203007 0.237870
vt 0.113624 0.225284
vt 0.140380 0.194414
vt 0.183301 0.154857
vt 0.258672 0.279363
vt 0.194805 0.272727
vt 0.256821 0.321209
vt 0.190381 0.316885
vt 0.081214 0.309989
vt 0.090755 0.262268
vt 0.413677 0.229189
vt 0.375688 0.226945
vt 0.414849 0.260336
vt 0.376864 0.257949
vt 0.339905 0.254947
vt 0.339220 0.224066
vt 0.418455 0.329184
vt 0.379516 0.327845
vt 0.377830 0.288959
vt 0.416497 0.290963
vt 0.340818 0.326113
vt 0.339793 0.286450
vt 0.303261 0.283597
vt 0.303220 0.324089
vt 0.304676 0.251504
vt 0.305211 0.220712
vt 0.268253 0.093679
vt 0.298493 0.379217
vt 0.249672 0.377349
vt 0.337356 0.380625
vt 0.416977 0.382515
vt 0.376731 0.381695
vt 0.452193 0.107974
vt 0.451132 0.182583
vt 0.441565 0.024106
vt 0.484172 0.023101
vt 0.488522 0.108042
vt 0.490019 0.182868
vt 0.457103 0.329999
vt 0.457134 0.382971
vt 0.494918 0.330148
vt 0.496635 0.383031
vt 0.455078 0.292296
vt 0.453118 0.261926
vt 0.491573 0.262362
vt 0.493147 0.292580
vt 0.452329 0.230659
vt 0.491069 0.231131
vt 0.188522 0.580903
vt 0.377242 0.782713
vt 0.380698 0.593047
vt 0.419655 0.595407
vt 0.429858 0.798674
vt 0.459014 0.596783
vt 0.471719 0.807487
vt 0.507892 0.810095
vt 0.498185 0.597169
vt 0.180716 0.374760
vt 0.074395 0.371049
vt 0.748674 0.558608
vt 0.745753 0.475084
vt 0.815181 0.470129
vt 0.850104 0.541451
vt 0.893949 0.464981
vt 0.906817 0.426361
vt 0.813874 0.429375
vt 0.743441 0.432198
vt 0.567358 0.180944
vt 0.560630 0.106817
vt 0.594435 0.105750
vt 0.604591 0.179108
vt 0.639427 0.176677
vt 0.628179 0.104103
vt 0.651244 0.056777
vt 0.607070 0.037974
vt 0.567083 0.027002
vt 0.661815 0.100536
vt 0.667650 0.174130
vt 0.700895 0.169824
vt 0.573971 0.438655
vt 0.574188 0.486246
vt 0.535298 0.487515
vt 0.535304 0.439409
vt 0.537449 0.579594
vt 0.576510 0.577615
vt 0.743620 0.582246
vt 0.696872 0.741997
vt 0.694711 0.585868
vt 0.655327 0.589124
vt 0.652058 0.436182
vt 0.692419 0.434406
vt 0.694218 0.478925
vt 0.652994 0.481974
vt 0.654260 0.570553
vt 0.696110 0.565586
vt 0.613486 0.484409
vt 0.615011 0.574628
vt 0.612866 0.437601
vt 0.743881 0.162659
vt 0.767290 0.204901
vt 0.715354 0.213723
vt 0.720952 0.244425
vt 0.780011 0.235576
vt 0.868745 0.222276
vt 0.840343 0.191604
vt 0.795372 0.152399
vt 0.790082 0.270395
vt 0.726572 0.277516
vt 0.730676 0.319377
vt 0.796806 0.314561
vt 0.905594 0.306839
vt 0.893577 0.259115
vt 0.606495 0.225974
vt 0.568513 0.228525
vt 0.568847 0.259645
vt 0.606924 0.256971
vt 0.643858 0.253691
vt 0.642900 0.222808
vt 0.570375 0.328538
vt 0.569526 0.290266
vt 0.608027 0.287982
vt 0.608930 0.326915
vt 0.647273 0.324897
vt 0.645881 0.285197
vt 0.684569 0.322599
vt 0.682228 0.282081
vt 0.678981 0.249988
vt 0.676803 0.219195
vt 0.707358 0.091916
vt 0.740524 0.375497
vt 0.692017 0.377725
vt 0.653493 0.379424
vt 0.615011 0.380847
vt 0.575851 0.381917
vt 0.528894 0.182244
vt 0.524747 0.107635
vt 0.527056 0.023656
vt 0.536095 0.382682
vt 0.532323 0.329661
vt 0.531119 0.291873
vt 0.530251 0.261529
vt 0.529830 0.230319
vt 0.809443 0.578479
vt 0.635649 0.781822
vt 0.584982 0.798196
vt 0.577199 0.594925
vt 0.616703 0.592335
vt 0.544039 0.807297
vt 0.537453 0.596559
vt 0.809211 0.372416
vt 0.915331 0.367955
vt 0.600328 0.987349
vt 0.552026 0.989555
vt 0.551371 0.961812
vt 0.597754 0.959187
vt 0.644953 0.983035
vt 0.639797 0.954238
vt 0.683674 0.977045
vt 0.677879 0.947058
vt 0.719464 0.969987
vt 0.715507 0.938089
vt 0.765596 0.961392
vt 0.764948 0.925650
vt 0.834216 0.951329
vt 0.870923 0.896891
vt 0.239830 0.961398
vt 0.171230 0.951317
vt 0.134479 0.896904
vt 0.240466 0.925650
vt 0.285967 0.969985
vt 0.289906 0.938089
vt 0.321763 0.977035
vt 0.327533 0.947055
vt 0.360471 0.983039
vt 0.365620 0.954236
vt 0.405093 0.987357
vt 0.407664 0.959190
vt 0.453398 0.989554
vt 0.454048 0.961812
vt 0.502712 0.990304
vt 0.502710 0.962725
vn -0.1528 0.7079 0.6896
vn -0.0512 0.6789 0.7325
vn -0.1261 0.5825 0.8030
vn -0.0446 0.8633 0.5027
vn -0.0079 0.7656 0.6433
vn -0.0090 0.7475 0.6642
vn -0.0344 0.7811 0.6235
vn -0.1147 0.8576 0.5014
vn -0.0321 0.8591 0.5109
vn -0.1352 0.7223 0.6782
vn -0.0339 -0.9946 0.0979
vn -0.0149 -0.9927 0.1196
vn -0.0384 -0.9980 0.0508
vn -0.0191 -0.9885 0.1502
vn -0.0171 0.9698 0.2434
vn 0.0287 0.8634 0.5037
vn -0.0122 0.8566 0.5158
vn 0.0253 0.8899 0.4555
vn 0.0242 0.7666 0.6416
vn 0.0035 0.6629 0.7487
vn -0.0086 0.7932 0.6088
vn -0.0159 0.8766 0.4810
vn 0.1031 -0.8882 0.4478
vn 0.0255 -0.9889 0.1462
vn 0.0774 -0.9320 0.3542
vn 0.0743 0.3890 0.9182
vn 0.0752 0.3904 0.9176
vn 0.0745 0.3779 0.9228
vn 0.0732 0.3947 0.9159
vn -0.0171 0.9698 0.2433
vn -0.0772 0.9970 -0.0042
vn -0.0045 1.0000 0.0064
vn -0.0791 0.9969 -0.0048
vn 0.0489 0.9987 0.0131
vn -0.0241 -0.9948 0.0991
vn -0.0344 -0.9993 0.0144
vn 0.0005 -0.9898 0.1427
vn -0.0184 -0.9996 0.0211
vn -0.0644 -0.9979 0.0068
vn -0.0405 -0.9992 0.0043
vn -0.0823 0.9966 -0.0000
vn -0.1283 0.7752 0.6186
vn -0.1265 0.8603 0.4938
vn -0.1202 0.9897 0.0771
vn -0.1986 0.5122 0.8356
vn -0.2076 0.2533 0.9449
vn -0.1959 0.5032 0.8417
vn -0.2062 0.2948 0.9330
vn -0.1849 0.5490 0.8151
vn -0.1868 0.6993 0.6900
vn -0.2001 0.9795 -0.0213
vn -0.2059 0.9443 0.2567
vn -0.1953 0.9807 -0.0000
vn -0.2039 0.9559 0.2112
vn -0.1972 -0.9422 0.2709
vn -0.1907 -0.9816 0.0002
vn -0.1949 -0.9352 0.2957
vn -0.1922 -0.9809 0.0299
vn -0.1964 -0.8467 0.4945
vn -0.1940 -0.8255 0.5300
vn -0.2031 -0.6683 0.7156
vn -0.2090 -0.6882 0.6948
vn -0.1260 -0.7153 0.6874
vn -0.2124 -0.3991 0.8919
vn -0.1002 -0.3483 0.9320
vn -0.1995 -0.2192 0.9551
vn -0.2083 -0.4788 0.8528
vn -0.1878 -0.2425 0.9518
vn -0.2030 -0.4635 0.8625
vn -0.2004 0.0425 0.9788
vn -0.1945 -0.0557 0.9793
vn -0.0852 0.9957 0.0356
vn -0.0985 0.9951 0.0000
vn -0.0450 0.9886 0.1434
vn -0.0239 0.0001 -0.9997
vn -0.0553 -0.9977 0.0379
vn -0.0422 -0.9991 -0.0000
vn 0.0193 0.1107 0.9937
vn 0.1116 0.4600 0.8809
vn 0.0662 0.6303 0.7736
vn 0.0593 0.1102 0.9921
vn 0.0295 0.0198 0.9994
vn 0.0286 0.0166 0.9995
vn 0.0269 0.0315 0.9991
vn 0.0319 0.0102 0.9994
vn -0.0249 0.1093 0.9937
vn -0.0256 0.0942 0.9952
vn -0.0041 0.0865 0.9962
vn -0.4223 0.0705 0.9037
vn -0.6609 0.0620 0.7479
vn -0.9972 0.0067 0.0751
vn -0.9940 0.1096 0.0000
vn -1.0000 0.0046 0.0062
vn -0.9940 0.1096 0.0031
vn -0.0453 0.9482 0.3144
vn -0.0302 0.9284 0.3704
vn -0.0346 0.9453 0.3243
vn -0.0429 0.9205 0.3883
vn -0.0186 0.9463 0.3228
vn -0.0188 0.9274 0.3736
vn -0.0151 0.9613 0.2752
vn 0.5506 0.0000 -0.8348
vn 0.4649 0.0000 -0.8854
vn 0.3737 0.0000 -0.9276
vn -1.0000 0.0000 0.0001
vn -1.0000 0.0001 0.0001
vn -0.0041 -0.4573 -0.8893
vn 0.0004 -0.0149 -0.9999
vn 0.0007 -0.0178 -0.9998
vn 0.0030 -0.3545 -0.9350
vn -0.0006 0.0000 -1.0000
vn 0.0776 -0.0054 -0.9970
vn 0.0047 -0.3984 -0.9172
vn 0.0871 -0.2828 -0.9552
vn 0.0000 0.0000 1.0000
vn 0.0000 0.0001 1.0000
vn 0.1093 -0.3912 -0.9138
vn 0.0312 -0.4085 -0.9122
vn 0.0532 -0.4025 -0.9139
vn -0.0798 0.2642 0.9612
vn -0.1503 0.3112 0.9384
vn -0.0615 0.2565 0.9646
vn -0.0447 -0.8479 0.5283
vn -0.1132 -0.8750 0.4708
vn -0.0441 -0.7932 0.6074
vn -0.0392 -0.6598 0.7504
vn -0.0258 -0.9997 -0.0000
vn -0.1055 -0.9699 0.2196
vn -0.1019 -0.9948 0.0000
vn -0.0283 -0.9509 0.3082
vn 0.1137 0.8043 0.5832
vn 0.0907 0.7891 0.6075
vn 0.1160 0.8383 0.5327
vn 0.1017 0.7197 0.6868
vn -0.0095 0.9361 0.3516
vn -0.0106 -0.9999 -0.0000
vn -0.0118 -0.9832 0.1822
vn -0.0103 -0.9999 -0.0000
vn -0.0147 -0.9795 0.2010
vn -0.0313 -0.6051 0.7955
vn -0.0230 -0.7557 0.6545
vn -0.0136 -0.6342 0.7731
vn -0.0203 -0.8777 0.4788
vn -0.0171 -0.9012 0.4330
vn -0.0273 -0.2085 0.9776
vn -0.1425 -0.1794 0.9734
vn -0.0217 -0.4019 0.9154
vn -0.0362 -0.9965 0.0748
vn -0.0307 -0.9995 0.0000
vn -0.0431 -0.9991 -0.0000
vn -0.0233 -0.9969 0.0748
vn -0.0292 0.9996 -0.0000
vn -0.0387 0.8124 0.5818
vn -0.0491 -0.9967 -0.0647
vn 0.0065 -0.9996 -0.0273
vn -0.0418 -0.9975 -0.0575
vn -0.0092 0.9972 0.0739
vn 0.0508 0.9928 0.1089
vn 0.0756 0.9903 0.1164
vn -0.7009 0.0000 0.7133
vn -0.0353 0.9978 0.0566
vn 0.0837 -0.9964 0.0120
vn 0.0548 -0.9985 0.0031
vn -0.0421 0.9970 0.0656
vn -0.0691 0.9969 0.0385
vn -0.0043 -0.9996 -0.0281
vn -0.0197 0.2474 0.9687
vn -0.0170 0.1179 0.9929
vn -0.0094 0.6793 0.7338
vn 0.1079 0.9934 -0.0379
vn 0.1806 0.9835 -0.0128
vn -0.1199 0.0204 0.9926
vn 0.0000 0.0728 0.9973
vn -0.2378 -0.0324 0.9708
vn -0.0495 0.6875 0.7245
vn -0.0066 0.5783 0.8158
vn -0.0340 0.5490 0.8351
vn -0.0047 0.6634 0.7483
vn 0.0678 0.8886 0.4537
vn 0.0550 0.8135 0.5789
vn -0.1045 0.5364 0.8375
vn 0.0166 0.6232 0.7819
vn 0.0530 0.4067 0.9120
vn 0.0715 0.3878 0.9190
vn 0.0370 0.4209 0.9064
vn 0.0757 0.3814 0.9213
vn -0.0428 -0.9878 0.1499
vn -0.0228 -0.9914 0.1291
vn -0.0508 -0.9954 0.0808
vn 0.0878 -0.7743 0.6267
vn 0.0742 -0.8599 0.5050
vn 0.0648 -0.7725 0.6317
vn 0.0816 -0.8683 0.4893
vn 0.0028 -0.9313 0.3642
vn 0.0225 -0.9468 0.3211
vn 0.1207 0.7714 0.6247
vn 0.1134 0.6794 0.7250
vn -0.0570 -0.9984 0.0000
vn -0.0257 0.3988 0.9167
vn 0.0385 0.3938 0.9184
vn 0.0184 0.4681 0.8835
vn 0.0015 -0.9944 0.1060
vn 0.0800 -0.8917 0.4455
vn 0.0985 -0.8684 0.4860
vn 0.0431 -0.9587 0.2811
vn -0.0185 -0.7749 0.6318
vn -0.0244 -0.9258 0.3771
vn -0.0254 -0.9185 0.3946
vn -0.0399 -0.9992 -0.0000
vn -0.0426 -0.9713 0.2341
vn -0.0385 -0.9993 0.0000
vn -0.0404 -0.9747 0.2198
vn -0.0225 -0.9997 -0.0073
vn -0.0240 -0.9749 0.2215
vn -0.0166 -0.8413 0.5403
vn -0.0099 -0.5040 0.8636
vn -0.0030 -0.3141 0.9494
vn -0.0005 -0.2830 0.9591
vn -0.0046 -0.2801 0.9600
vn 0.0013 -0.3157 0.9489
vn -0.0112 -0.9822 0.1877
vn -0.0107 -0.9999 -0.0000
vn 0.0391 -0.9938 0.1041
vn -0.0025 -0.8558 0.5174
vn -0.0087 -0.9607 0.2774
vn 0.0042 -0.3880 0.9217
vn 0.0347 0.2499 0.9676
vn 0.0015 -0.3961 0.9182
vn 0.0247 -0.9817 0.1890
vn -0.0687 0.2317 0.9704
vn -0.0038 0.2998 0.9540
vn 0.0496 0.4197 0.9063
vn 0.0677 0.4480 0.8915
vn 0.1702 0.4273 0.8879
vn 0.1395 0.4403 0.8869
vn 0.2012 0.4639 0.8628
vn 0.0930 0.3257 0.9409
vn 0.0781 0.3525 0.9325
vn 0.0476 0.4064 0.9125
vn 0.0589 0.3885 0.9196
vn 0.0397 0.3700 0.9282
vn 0.0554 0.3308 0.9421
vn -0.1249 0.9868 -0.1035
vn -0.1263 0.9662 0.2246
vn -0.1530 0.8735 0.4622
vn -0.1819 0.7325 0.6560
vn -0.0495 -0.9831 0.1763
vn -0.0446 -0.9909 0.1267
vn -0.0303 -0.9736 0.2264
vn -0.0595 -0.9927 0.1051
vn -0.0476 -0.9853 0.1643
vn -0.0577 -0.9917 0.1146
vn -0.0474 -0.9815 0.1856
vn -0.0593 -0.9947 0.0837
vn -0.0642 -0.9979 -0.0000
vn -0.0648 -0.9979 0.0000
vn -0.0603 -0.9982 -0.0000
vn -0.0439 -0.9990 0.0000
vn 0.1136 -0.3347 0.9355
vn 0.0939 -0.4494 0.8884
vn 0.1273 -0.1914 0.9732
vn 0.0572 -0.6396 0.7666
vn 0.0861 -0.6105 0.7873
vn 0.0701 -0.6488 0.7577
vn 0.1224 -0.4987 0.8581
vn 0.0509 -0.7470 0.6629
vn 0.0059 -0.8962 0.4436
vn 0.0064 -0.8629 0.5053
vn 0.0297 -0.8069 0.5900
vn -0.0029 -0.8855 0.4647
vn 0.1064 0.4605 0.8813
vn 0.1517 0.5544 0.8183
vn 0.0912 0.4009 0.9116
vn 0.1446 0.4872 0.8612
vn 0.1434 0.5892 0.7952
vn 0.1143 0.4652 0.8778
vn 0.1850 0.6851 0.7046
vn 0.2141 0.7303 0.6487
vn 0.2497 0.8428 0.4768
vn 0.2790 0.9603 -0.0000
vn 0.3610 0.9142 0.1843
vn 0.2822 0.9372 0.2052
vn 0.4454 0.8929 0.0660
vn 0.1598 0.3370 0.9278
vn 0.1870 0.4990 0.8462
vn 0.1643 0.4902 0.8559
vn 0.1723 0.2871 0.9423
vn 0.1269 0.2526 0.9592
vn 0.1139 0.3415 0.9329
vn 0.1438 0.3761 0.9153
vn 0.1169 0.3141 0.9422
vn 0.2376 0.8675 0.4370
vn 0.2598 0.9405 0.2191
vn 0.2519 0.9396 0.2318
vn 0.2485 0.8696 0.4267
vn 0.2723 0.8687 0.4137
vn 0.2922 0.9352 0.2001
vn 0.2836 0.9589 -0.0000
vn 0.2637 0.9646 0.0000
vn 0.2547 0.9670 0.0000
vn 0.2275 0.5114 0.8287
vn 0.2332 0.7418 0.6288
vn 0.2713 0.7442 0.6104
vn 0.2033 0.6697 0.7143
vn 0.1505 0.2022 0.9677
vn 0.1527 0.0135 0.9882
vn 0.1857 0.0456 0.9815
vn 0.2233 0.3226 0.9198
vn 0.0278 -0.9692 0.2445
vn -0.0195 -0.9929 0.1176
vn 0.0412 -0.9910 0.1273
vn -0.0142 -0.9763 0.2161
vn -0.0241 -0.9997 0.0000
vn 0.0132 -0.9999 -0.0000
vn 0.1062 -0.4740 0.8741
vn 0.0342 -0.8506 0.5246
vn 0.0754 -0.8274 0.5566
vn 0.1662 -0.4472 0.8788
vn -0.0102 -0.9351 0.3541
vn -0.0336 -0.9601 0.2777
vn -0.0306 -0.9577 0.2861
vn -0.0335 -0.9644 0.2621
vn 0.0096 -0.9399 0.3414
vn 0.0619 -0.9360 0.3465
vn 0.1426 0.6344 0.7598
vn 0.1211 0.7067 0.6971
vn 0.1257 0.8105 0.5721
vn -0.0616 -0.9981 -0.0000
vn -0.0551 -0.9948 0.0862
vn 0.0868 0.3804 0.9207
vn 0.0820 0.3720 0.9246
vn -0.0487 -0.9876 0.1491
vn 0.0598 -0.7507 0.6580
vn 0.0852 -0.6627 0.7440
vn 0.0196 -0.9098 0.4147
vn -0.0303 -0.9733 0.2275
vn 0.1258 0.4473 0.8855
vn 0.1727 0.5064 0.8448
vn 0.0994 0.4902 0.8659
vn 0.4735 0.8808 -0.0000
vn 0.2828 0.8796 0.3826
vn 0.1941 0.5881 0.7852
vn 0.0912 0.5061 0.8577
vn 0.0693 0.6247 0.7778
vn 0.0806 0.5237 0.8481
vn 0.0519 0.6450 0.7624
vn 0.0690 0.8021 0.5931
vn 0.0304 0.6747 0.7375
vn 0.0877 0.4927 0.8658
vn 0.0136 -0.9897 0.1423
vn 0.0377 -0.9695 0.2423
vn 0.0197 -0.9934 0.1130
vn 0.1030 -0.8808 0.4622
vn 0.0780 -0.9245 0.3731
vn 0.0910 0.8652 0.4931
vn 0.0259 0.5695 0.8216
vn 0.0423 0.4854 0.8733
vn 0.0726 0.3729 0.9250
vn -0.5306 -0.8476 0.0000
vn -0.0004 -1.0000 0.0000
vn 0.0687 -0.9976 -0.0002
vn 0.0686 -0.9976 -0.0000
vn 0.0687 -0.9976 -0.0000
vn -1.0000 0.0012 0.0001
vn -1.0000 0.0012 0.0000
vn -1.0000 0.0013 0.0004
vn -1.0000 0.0001 0.0000
vn 0.0004 0.9449 0.3274
vn -0.0238 0.9997 0.0000
vn 0.0004 1.0000 0.0000
vn -0.0138 0.9448 0.3273
vn 0.0029 -0.6832 0.7302
vn 0.0062 -0.5062 0.8624
vn 0.0088 -0.1518 0.9884
vn 0.0199 0.0199 0.9996
vn 0.0053 -0.3042 0.9526
vn 0.2644 0.0732 0.9616
vn 0.2656 -0.4604 0.8470
vn 0.1474 -0.8384 0.5247
vn 0.1025 -0.9671 0.2329
vn 0.1279 -0.9853 0.1134
vn 0.0945 -0.9955 0.0000
vn 0.3180 0.8701 0.3765
vn 0.3419 0.9229 0.1774
vn 0.3241 0.9460 -0.0000
vn 0.2905 0.5369 0.7921
vn 0.3332 0.7581 0.5605
vn 0.3021 0.3460 0.8883
vn 0.1425 -0.9396 0.3111
vn 0.3724 0.1091 0.9217
vn 0.3737 -0.3908 0.8412
vn 0.2531 -0.8330 0.4920
vn 0.1926 -0.9581 0.2120
vn 0.1969 -0.9736 0.1152
vn 0.1869 -0.9824 -0.0000
vn 0.3814 0.8656 0.3245
vn 0.3896 0.9090 0.1479
vn 0.3769 0.9263 0.0000
vn 0.3775 0.5725 0.7279
vn 0.3931 0.7704 0.5020
vn 0.3832 0.3725 0.8452
vn 0.2168 -0.9299 0.2970
vn 0.4957 0.0457 0.8673
vn 0.4589 -0.5204 0.7202
vn 0.3359 -0.8471 0.4118
vn 0.2659 -0.9467 0.1819
vn 0.2560 -0.9627 0.0878
vn 0.2606 -0.9654 -0.0000
vn 0.4432 0.8803 0.1692
vn 0.4493 0.8332 0.3224
vn 0.4356 0.9002 0.0000
vn 0.4622 0.7221 0.5147
vn 0.4728 0.5278 0.7056
vn 0.4785 0.3313 0.8132
vn 0.2830 -0.9224 0.2629
vn -0.9769 0.2137 0.0000
vn -0.0022 0.0048 1.0000
vn -0.0025 0.0033 1.0000
vn -0.0026 0.0051 1.0000
vn -0.0021 -0.0058 1.0000
vn -0.0107 -0.9856 0.1685
vn -0.0385 -0.6436 0.7644
vn 0.0536 0.0668 0.9963
vn 0.0406 0.0513 0.9979
vn 0.0406 0.0619 0.9973
vn 0.0499 0.0552 0.9972
vn -0.0303 0.7428 0.6689
vn -0.0387 0.7135 0.6996
vn 0.0535 0.0697 0.9961
vn 0.0880 0.1014 0.9909
vn 0.0581 0.0642 0.9962
vn 0.0316 0.0539 0.9980
vn -0.9999 -0.0103 0.0000
vn -0.9999 -0.0106 0.0039
vn -0.9999 -0.0105 0.0040
vn -0.9999 -0.0104 0.0000
vn 0.0609 -0.9981 0.0000
vn 0.0609 -0.9981 0.0082
vn 0.0272 -0.4372 0.8990
vn -0.0071 0.7336 0.6795
vn -0.0624 0.8392 0.5402
vn 0.0296 0.0681 0.9972
vn -0.0742 0.9972 -0.0000
vn -0.0246 -0.0011 0.9997
vn -0.0376 -0.0135 0.9992
vn -0.0339 -0.0015 0.9994
vn -0.0148 -0.0073 0.9999
vn -0.0376 0.9993 0.0000
vn -0.0351 0.9994 0.0000
vn 0.0609 -0.9981 0.0081
vn -0.0400 0.9992 0.0000
vn 0.2176 0.9760 0.0000
vn 0.1609 -0.0337 -0.9864
vn 0.1411 0.0000 -0.9900
vn 0.0833 0.0000 -0.9965
vn 0.0405 -0.0169 -0.9990
vn 0.1829 0.0000 -0.9831
vn -0.0036 0.0000 -1.0000
vn 0.0255 0.9201 -0.3908
vn -0.0001 0.9187 0.3949
vn 0.0624 0.9194 -0.3883
vn 0.2153 0.9757 -0.0400
vn 0.0253 0.8830 -0.4687
vn 0.0389 0.8847 -0.4646
vn 0.2130 0.8198 -0.5316
vn 0.0002 0.9283 0.3719
vn 0.0005 0.9268 -0.3755
vn -0.1416 0.9461 0.2912
vn -0.3561 0.9174 -0.1780
vn -0.0030 -0.7364 -0.6766
vn 0.0075 -0.6840 -0.7294
vn -0.0103 -0.7439 -0.6683
vn 0.0041 -0.6585 -0.7525
vn 0.0015 -0.6672 -0.7449
vn 0.0088 -0.6273 -0.7787
vn 0.0948 -0.2068 -0.9738
vn 0.0001 -0.9759 -0.2181
vn 0.0000 -0.9239 0.3827
vn 0.0001 -0.9768 -0.2140
vn -0.3026 -0.9391 0.1626
vn -0.1751 -0.9578 -0.2279
vn 0.9578 0.0000 0.2873
vn 0.3348 0.6918 -0.6398
vn 0.6076 0.7621 -0.2235
vn -0.4722 0.8491 0.2367
vn -0.2375 0.8283 -0.5074
vn 0.0011 0.6922 -0.7217
vn 0.0935 0.6926 -0.7152
vn 0.0004 0.7074 0.7068
vn 0.0009 0.7484 0.6633
vn 0.2526 0.7536 0.6068
vn 0.0894 0.6916 -0.7167
vn 0.0137 0.6916 -0.7222
vn 0.1316 0.6947 -0.7071
vn 0.0001 -0.9034 -0.4289
vn 0.0003 -0.9073 -0.4204
vn -0.0001 -0.9641 -0.2655
vn 0.5303 -0.7678 -0.3594
vn 0.2118 -0.8896 -0.4047
vn 0.2629 -0.7106 -0.6526
vn 0.2614 -0.9321 0.2508
vn -0.4886 -0.8594 -0.1507
vn -0.2626 -0.8008 0.5382
vn -0.0010 -0.9066 -0.4220
vn 0.0068 -0.9019 -0.4319
vn 0.0043 -0.9470 -0.3213
vn 0.0000 -0.7071 0.7071
vn 0.0092 -0.7992 -0.6010
vn 0.0002 -0.8969 -0.4422
vn -0.0001 -0.7042 0.7100
vn 0.3741 -0.7762 0.5076
vn -0.0001 -0.9787 0.2051
vn 0.0587 -0.7106 -0.7011
vn -0.0055 -0.8891 -0.4576
vn -0.0035 -0.7169 -0.6971
vn 0.0830 -0.8910 -0.4464
vn -0.1920 0.8333 0.5184
vn -0.0054 -0.3862 0.9224
vn -0.0216 -0.3114 0.9500
vn -0.1174 -0.1793 0.9768
vn -0.1946 -0.0636 0.9788
vn -0.1731 -0.2435 0.9543
vn -0.1985 0.9439 0.2638
vn 0.2652 0.7790 0.5682
vn 0.3581 0.8341 0.4196
vn 0.5235 0.8142 0.2510
vn 0.5654 0.8229 0.0565
vn 0.5618 0.8272 0.0000
vn -0.9190 -0.0114 0.3940
vn -0.4755 -0.8554 0.2054
vn -0.5401 -0.5428 0.6432
vn -0.4987 0.0738 0.8636
vn -0.5435 0.6376 0.5460
vn -0.5989 0.7416 0.3021
vn -0.1113 -0.7444 0.6584
vn -0.0774 -0.9575 0.2779
vn -0.0830 0.0012 0.9966
vn -0.1054 0.6652 0.7392
vn -0.1709 0.9125 0.3717
vn 0.1356 -0.7254 0.6748
vn 0.1746 -0.9119 0.3714
vn 0.1342 -0.0192 0.9908
vn 0.1525 0.6198 0.7698
vn 0.1046 0.8686 0.4843
vn 0.5195 -0.6616 0.5407
vn 0.5850 -0.7511 0.3060
vn 0.4777 -0.1111 0.8715
vn 0.5084 0.4862 0.7107
vn 0.4889 0.7491 0.4470
vn 0.8870 -0.0261 0.4610
vn 0.1562 0.5166 0.8419
vn 0.3638 0.5009 0.7854
vn 0.3230 0.6000 0.7319
vn 0.2470 0.6678 0.7022
vn 0.1115 0.6845 0.7204
vn 0.0227 0.6112 0.7912
vn 0.0203 0.5141 0.8575
vn 0.0165 0.3806 0.9246
vn 0.1415 0.2888 0.9469
vn 0.2933 0.3126 0.9035
vn 0.3540 0.3943 0.8481
vn 0.4446 0.6377 0.6290
vn 0.5175 0.4526 0.7262
vn 0.3075 0.7603 0.5722
vn 0.1394 0.8004 0.5830
vn 0.0121 0.7587 0.6513
vn 0.0045 0.1713 0.9852
vn 0.1605 0.0303 0.9866
vn 0.3664 0.0989 0.9252
vn 0.4908 0.2497 0.8347
vn 0.5745 0.6665 0.4752
vn 0.6936 0.3789 0.6126
vn 0.3611 0.8435 0.3978
vn 0.1442 0.9024 0.4060
vn -0.0007 0.8623 0.5065
vn -0.0103 -0.0736 0.9972
vn 0.1636 -0.2733 0.9479
vn 0.4399 -0.1779 0.8802
vn 0.6449 0.0545 0.7623
vn 0.6983 0.6640 0.2675
vn 0.8639 0.2627 0.4298
vn 0.4042 0.8959 0.1845
vn 0.1354 0.9719 0.1924
vn -0.0166 0.9462 0.3233
vn -0.0589 -0.4657 0.8830
vn 0.1398 -0.5869 0.7975
vn 0.4790 -0.4735 0.7392
vn 0.7738 -0.1832 0.6063
vn 0.7939 0.6080 -0.0085
vn 0.9830 0.0935 0.1578
vn 0.4292 0.9001 -0.0752
vn 0.1078 0.9923 -0.0602
vn -0.0725 0.9970 0.0256
vn -0.1096 -0.7376 0.6663
vn 0.0933 -0.8270 0.5544
vn 0.4635 -0.7296 0.5029
vn 0.8292 -0.4328 0.3538
vn 0.8726 0.4657 -0.1468
vn 0.9926 -0.1162 0.0343
vn 0.5009 0.8376 -0.2179
vn 0.1354 0.9706 -0.1988
vn -0.1010 0.9854 -0.1373
vn -0.1145 -0.8561 0.5039
vn 0.0755 -0.8879 0.4539
vn 0.3660 -0.8489 0.3814
vn 0.7562 -0.6106 0.2352
vn -0.1862 0.9815 -0.0454
vn -0.4277 0.3695 0.8249
vn -0.1566 0.9871 0.0342
vn -0.4980 -0.3969 0.7710
vn -0.1463 0.5183 0.8426
vn -0.0805 0.9359 0.3428
vn -0.0209 0.5316 0.8467
vn -0.0203 0.8131 0.5817
vn 0.0301 0.6021 0.7978
vn -0.0082 0.6982 0.7159
vn 0.0080 0.6321 0.7749
vn -0.0165 0.6732 0.7393
vn -0.0023 0.5265 0.8502
vn 0.0046 0.5187 0.8550
vn -0.0120 0.2519 0.9677
vn -0.0433 0.0449 0.9980
vn -0.1186 -0.3392 0.9332
vn -0.1962 -0.7018 0.6848
vn -0.2053 -0.7937 0.5726
vn 0.9916 -0.1291 0.0000
vn -0.0031 -0.9887 0.1496
vn -0.0484 0.4536 0.8899
vn 0.0010 0.0116 0.9999
vn -0.1084 0.9941 -0.0000
vn -0.0905 -0.9959 -0.0000
vn -0.0904 -0.9959 0.0079
vn -0.0901 -0.9959 0.0088
vn 0.0552 0.2537 0.9657
vn 0.1351 0.2648 0.9548
vn 0.0339 0.2410 0.9699
vn -0.0025 0.0041 1.0000
vn -0.0023 0.0087 1.0000
vn -0.0460 -0.3899 -0.9197
vn -0.0675 -0.3783 -0.9232
vn -0.1217 -0.3348 -0.9344
vn -0.0677 -0.9063 0.4172
vn -0.0810 -0.7906 0.6069
vn -0.0830 -0.8697 0.4865
vn -0.2092 0.3356 0.9185
vn -0.1968 0.6662 0.7193
vn -0.1977 0.7318 0.6522
vn -0.1941 0.9810 -0.0000
vn -0.1794 -0.9838 0.0000
vn -0.1854 -0.9314 0.3132
vn -0.1983 0.8243 0.5304
vn -0.1998 0.8694 0.4518
vn 0.0023 0.0061 1.0000
vn 0.0069 0.0098 0.9999
vn 0.0026 0.0099 0.9999
vn -0.0123 -0.0097 -0.9999
vn -0.0021 0.0061 1.0000
vn -0.1528 0.7079 -0.6896
vn -0.0512 0.6789 -0.7325
vn -0.0446 0.8633 -0.5027
vn -0.1261 0.5825 -0.8030
vn -0.0079 0.7656 -0.6433
vn -0.0344 0.7811 -0.6235
vn -0.0090 0.7475 -0.6642
vn -0.1147 0.8576 -0.5014
vn -0.1352 0.7223 -0.6782
vn -0.0321 0.8591 -0.5109
vn -0.0339 -0.9946 -0.0979
vn -0.0149 -0.9927 -0.1196
vn -0.0191 -0.9885 -0.1502
vn -0.0384 -0.9980 -0.0508
vn 0.0032 0.8828 -0.4698
vn 0.0287 0.8634 -0.5037
vn 0.0253 0.8899 -0.4555
vn -0.0122 0.8566 -0.5158
vn 0.0242 0.7666 -0.6416
vn 0.0035 0.6629 -0.7487
vn -0.0087 0.7932 -0.6088
vn -0.0159 0.8766 -0.4809
vn 0.1025 -0.8846 -0.4550
vn 0.0647 -0.9456 -0.3188
vn 0.0237 -0.9863 -0.1634
vn 0.0735 0.3809 -0.9217
vn 0.0866 0.3979 -0.9133
vn 0.0803 0.3766 -0.9229
vn 0.0759 0.3808 -0.9215
vn -0.0364 0.9993 -0.0021
vn -0.0790 0.9969 0.0047
vn -0.0791 0.9969 0.0048
vn -0.0264 0.9996 -0.0036
vn 0.0451 0.9989 -0.0108
vn -0.0172 -0.9935 -0.1127
vn 0.0005 -0.9898 -0.1427
vn -0.0292 -0.9995 -0.0155
vn -0.0256 -0.9996 -0.0125
vn -0.0615 -0.9981 -0.0059
vn -0.0405 -0.9992 -0.0043
vn -0.1462 0.8653 -0.4794
vn -0.0997 0.7501 -0.6537
vn -0.1986 0.4753 -0.8571
vn -0.2075 0.2530 -0.9450
vn -0.2062 0.2111 -0.9555
vn -0.1959 0.5034 -0.8416
vn -0.1849 0.5490 -0.8151
vn -0.1868 0.6993 -0.6900
vn -0.2061 0.9438 -0.2585
vn -0.2040 0.9335 -0.2949
vn -0.1969 -0.9600 -0.1989
vn -0.1949 -0.9353 -0.2954
vn -0.1963 -0.8708 -0.4508
vn -0.1938 -0.8256 -0.5299
vn -0.2031 -0.7143 -0.6697
vn -0.2091 -0.6881 -0.6948
vn -0.1372 -0.7029 -0.6979
vn -0.2124 -0.3991 -0.8919
vn -0.1002 -0.3483 -0.9320
vn -0.1995 -0.2820 -0.9384
vn -0.2084 -0.4792 -0.8526
vn -0.2030 -0.5154 -0.8326
vn -0.1879 -0.2428 -0.9517
vn -0.2004 -0.0072 -0.9797
vn -0.1948 -0.0560 -0.9792
vn -0.0852 0.9957 -0.0356
vn -0.0450 0.9886 -0.1434
vn -0.0239 0.0001 0.9997
vn -0.0553 -0.9977 -0.0379
vn 0.0194 0.1117 -0.9936
vn 0.1104 0.4606 -0.8807
vn 0.0593 0.1102 -0.9921
vn 0.0671 0.6109 -0.7888
vn 0.0295 0.0198 -0.9994
vn 0.0144 0.0136 -0.9998
vn 0.0155 0.0101 -0.9998
vn 0.0269 0.0315 -0.9991
vn -0.0169 0.1050 -0.9943
vn -0.0233 0.0995 -0.9948
vn -0.0269 0.0826 -0.9962
vn -0.0015 0.0772 -0.9970
vn 0.0184 0.0809 -0.9966
vn 0.0557 0.0889 -0.9945
vn -0.9940 0.1096 -0.0031
vn -1.0000 0.0046 -0.0062
vn -0.0453 0.9482 -0.3144
vn -0.0302 0.9284 -0.3704
vn -0.0428 0.9205 -0.3883
vn -0.0346 0.9453 -0.3243
vn -0.0186 0.9463 -0.3228
vn -0.0151 0.9613 -0.2752
vn -0.0188 0.9274 -0.3736
vn 0.5506 0.0000 0.8348
vn 0.4649 0.0000 0.8854
vn 0.3737 -0.0000 0.9276
vn -1.0000 0.0000 -0.0001
vn -1.0000 0.0001 -0.0001
vn -0.0003 -0.0088 1.0000
vn -0.0006 -0.0177 0.9998
vn -0.0003 -0.0154 0.9999
vn -0.0046 -0.4516 0.8922
vn 0.0041 -0.4671 0.8842
vn 0.0044 -0.4046 0.9145
vn 0.0724 -0.2363 0.9690
vn 0.1292 0.0000 0.9916
vn 0.0000 0.0000 -1.0000
vn 0.0000 0.0001 -1.0000
vn 0.1093 -0.3912 0.9138
vn 0.0532 -0.4025 0.9139
vn 0.0312 -0.4085 0.9122
vn -0.0798 0.2642 -0.9612
vn -0.0616 0.2566 -0.9646
vn -0.1503 0.3112 -0.9384
vn -0.1132 -0.8750 -0.4708
vn -0.0454 -0.8348 -0.5487
vn -0.0406 -0.6840 -0.7283
vn -0.0422 -0.7932 -0.6075
vn -0.1055 -0.9699 -0.2196
vn -0.0286 -0.9509 -0.3082
vn 0.1137 0.8043 -0.5832
vn 0.0812 0.7618 -0.6427
vn 0.1017 0.7197 -0.6868
vn 0.0944 0.8544 -0.5109
vn -0.0095 0.9361 -0.3516
vn -0.0119 -0.9832 -0.1822
vn -0.0147 -0.9795 -0.2011
vn -0.0136 -0.6342 -0.7731
vn -0.0230 -0.7557 -0.6545
vn -0.0313 -0.6051 -0.7955
vn -0.0203 -0.8777 -0.4788
vn -0.0171 -0.9012 -0.4330
vn -0.0274 -0.2085 -0.9776
vn -0.0217 -0.4019 -0.9154
vn -0.1425 -0.1794 -0.9734
vn -0.0362 -0.9965 -0.0748
vn -0.0233 -0.9969 -0.0748
vn -0.0387 0.8124 -0.5818
vn -0.0491 -0.9967 0.0647
vn -0.0418 -0.9975 0.0575
vn 0.0065 -0.9996 0.0273
vn -0.0092 0.9972 -0.0739
vn 0.0756 0.9903 -0.1164
vn 0.0508 0.9928 -0.1089
vn -0.7009 0.0000 -0.7133
vn -0.0353 0.9978 -0.0566
vn 0.0837 -0.9964 -0.0120
vn 0.0548 -0.9985 -0.0031
vn -0.0421 0.9970 -0.0656
vn -0.0692 0.9969 -0.0386
vn -0.0043 -0.9996 0.0281
vn -0.0178 0.2478 -0.9687
vn -0.0170 0.1179 -0.9929
vn -0.0045 0.6658 -0.7462
vn -0.1199 0.0204 -0.9926
vn -0.2378 -0.0324 -0.9708
vn 0.0000 0.0728 -0.9973
vn -0.0486 0.5825 -0.8114
vn 0.0088 0.4787 -0.8780
vn 0.0039 0.5783 -0.8158
vn -0.0302 0.3684 -0.9292
vn -0.0256 0.7222 -0.6912
vn 0.0670 0.8921 -0.4468
vn 0.0610 0.8396 -0.5398
vn -0.1442 0.4981 -0.8550
vn -0.0047 0.6634 -0.7483
vn 0.0234 0.6163 -0.7872
vn 0.0530 0.4067 -0.9120
vn 0.0716 0.3866 -0.9195
vn 0.0757 0.3812 -0.9214
vn 0.0370 0.4209 -0.9064
vn -0.0428 -0.9878 -0.1499
vn -0.0508 -0.9954 -0.0808
vn -0.0228 -0.9914 -0.1291
vn 0.0878 -0.7743 -0.6267
vn 0.0742 -0.8599 -0.5050
vn 0.0816 -0.8683 -0.4893
vn 0.0648 -0.7725 -0.6317
vn 0.0028 -0.9313 -0.3642
vn 0.0225 -0.9468 -0.3211
vn 0.1207 0.7714 -0.6247
vn 0.1134 0.6794 -0.7250
vn 0.0411 0.4111 -0.9106
vn 0.0035 -0.9939 -0.1102
vn 0.0886 -0.8771 -0.4721
vn 0.0985 -0.8684 -0.4861
vn 0.0504 -0.9497 -0.3091
vn -0.0185 -0.7749 -0.6318
vn -0.0254 -0.9185 -0.3946
vn -0.0244 -0.9258 -0.3771
vn -0.0426 -0.9713 -0.2341
vn -0.0404 -0.9747 -0.2198
vn -0.0240 -0.9749 -0.2215
vn -0.0175 -0.7990 -0.6011
vn -0.0069 -0.4490 -0.8935
vn -0.0030 -0.3141 -0.9494
vn -0.0005 -0.2830 -0.9591
vn -0.0046 -0.2801 -0.9600
vn 0.0011 -0.3048 -0.9524
vn -0.0097 -0.9869 -0.1612
vn -0.0113 -0.9977 -0.0671
vn -0.0003 -0.8748 -0.4845
vn -0.0087 -0.9607 -0.2774
vn 0.0042 -0.3880 -0.9217
vn 0.0015 -0.3961 -0.9182
vn 0.0358 0.0649 -0.9973
vn 0.0187 -0.9870 -0.1596
vn -0.0687 0.2317 -0.9704
vn -0.0038 0.2998 -0.9540
vn 0.0496 0.4197 -0.9063
vn 0.0692 0.4498 -0.8904
vn 0.2012 0.4639 -0.8628
vn 0.1402 0.4540 -0.8799
vn 0.1474 0.3663 -0.9187
vn 0.0865 0.3508 -0.9324
vn 0.0941 0.2919 -0.9518
vn 0.0499 0.4383 -0.8974
vn 0.0614 0.3658 -0.9287
vn 0.0551 0.5072 -0.8601
vn 0.0554 0.3308 -0.9421
vn -0.1431 0.9635 -0.2263
vn -0.1344 0.9038 -0.4063
vn -0.1841 0.7129 -0.6767
vn -0.0495 -0.9831 -0.1763
vn -0.0446 -0.9909 -0.1267
vn -0.0595 -0.9927 -0.1051
vn -0.0303 -0.9736 -0.2264
vn -0.0476 -0.9853 -0.1642
vn -0.0577 -0.9917 -0.1146
vn -0.0593 -0.9947 -0.0837
vn -0.0474 -0.9815 -0.1856
vn 0.1136 -0.3347 -0.9355
vn 0.0939 -0.4494 -0.8884
vn 0.0572 -0.6396 -0.7666
vn 0.1273 -0.1914 -0.9732
vn 0.0861 -0.6105 -0.7873
vn 0.0701 -0.6488 -0.7577
vn 0.0509 -0.7470 -0.6629
vn 0.1224 -0.4987 -0.8581
vn 0.0059 -0.8962 -0.4436
vn 0.0064 -0.8629 -0.5053
vn 0.0297 -0.8069 -0.5900
vn -0.0029 -0.8855 -0.4647
vn 0.1064 0.4605 -0.8813
vn 0.1517 0.5544 -0.8183
vn 0.1446 0.4872 -0.8612
vn 0.1434 0.5892 -0.7952
vn 0.1850 0.6851 -0.7046
vn 0.1143 0.4652 -0.8778
vn 0.2141 0.7303 -0.6487
vn 0.2497 0.8428 -0.4768
vn 0.3611 0.9142 -0.1843
vn 0.4454 0.8929 -0.0660
vn 0.2822 0.9372 -0.2052
vn 0.1598 0.3370 -0.9278
vn 0.1870 0.4990 -0.8462
vn 0.1723 0.2871 -0.9423
vn 0.1643 0.4902 -0.8559
vn 0.1269 0.2526 -0.9592
vn 0.1139 0.3415 -0.9329
vn 0.1169 0.3141 -0.9422
vn 0.1438 0.3761 -0.9153
vn 0.2376 0.8675 -0.4370
vn 0.2598 0.9405 -0.2191
vn 0.2482 0.8697 -0.4266
vn 0.2519 0.9396 -0.2318
vn 0.2723 0.8687 -0.4137
vn 0.2922 0.9352 -0.2001
vn 0.2275 0.5114 -0.8287
vn 0.2331 0.7418 -0.6288
vn 0.2713 0.7442 -0.6104
vn 0.2033 0.6697 -0.7143
vn 0.1505 0.2022 -0.9677
vn 0.1527 0.0135 -0.9882
vn 0.1857 0.0456 -0.9815
vn 0.2233 0.3226 -0.9198
vn 0.0278 -0.9692 -0.2445
vn -0.0195 -0.9929 -0.1176
vn -0.0142 -0.9763 -0.2161
vn 0.0411 -0.9910 -0.1273
vn 0.1062 -0.4740 -0.8741
vn 0.0342 -0.8506 -0.5246
vn 0.0754 -0.8274 -0.5566
vn 0.1661 -0.4472 -0.8789
vn -0.0102 -0.9351 -0.3541
vn -0.0336 -0.9601 -0.2777
vn -0.0306 -0.9577 -0.2861
vn -0.0335 -0.9644 -0.2621
vn 0.0096 -0.9399 -0.3414
vn 0.0619 -0.9360 -0.3465
vn 0.1426 0.6344 -0.7598
vn 0.1257 0.8105 -0.5721
vn 0.1211 0.7067 -0.6971
vn -0.0551 -0.9948 -0.0862
vn 0.0868 0.3804 -0.9207
vn -0.0487 -0.9876 -0.1491
vn 0.0598 -0.7507 -0.6580
vn 0.0852 -0.6627 -0.7440
vn 0.0196 -0.9098 -0.4147
vn -0.0302 -0.9733 -0.2275
vn 0.1258 0.4473 -0.8855
vn 0.0994 0.4902 -0.8659
vn 0.1727 0.5064 -0.8448
vn 0.2828 0.8796 -0.3826
vn 0.1941 0.5881 -0.7852
vn 0.0912 0.5061 -0.8577
vn 0.0631 0.6040 -0.7945
vn 0.0806 0.5237 -0.8481
vn 0.0521 0.6552 -0.7536
vn 0.0687 0.8012 -0.5945
vn 0.0356 0.6947 -0.7184
vn 0.0877 0.4927 -0.8658
vn 0.0289 -0.9815 -0.1894
vn 0.0230 -0.9908 -0.1330
vn 0.0884 -0.9042 -0.4179
vn 0.1061 -0.8767 -0.4691
vn 0.0842 0.8828 -0.4621
vn 0.0291 0.5649 -0.8247
vn 0.0336 0.4792 -0.8771
vn 0.0687 -0.9976 0.0002
vn -1.0000 0.0012 -0.0001
vn -1.0000 0.0013 -0.0004
vn 0.0004 0.9449 -0.3274
vn -0.0138 0.9448 -0.3273
vn 0.0015 -0.5399 -0.8417
vn 0.0012 -0.6832 -0.7302
vn 0.0086 -0.2729 -0.9620
vn 0.0120 -0.2286 -0.9734
vn 0.0053 -0.3042 -0.9526
vn 0.2644 0.0732 -0.9616
vn 0.2656 -0.4604 -0.8470
vn 0.1474 -0.8384 -0.5247
vn 0.1025 -0.9671 -0.2329
vn 0.1279 -0.9853 -0.1134
vn 0.3180 0.8701 -0.3765
vn 0.3419 0.9229 -0.1774
vn 0.2905 0.5369 -0.7921
vn 0.3332 0.7581 -0.5605
vn 0.3021 0.3460 -0.8883
vn 0.1425 -0.9396 -0.3111
vn 0.3724 0.1091 -0.9216
vn 0.3737 -0.3908 -0.8412
vn 0.2531 -0.8330 -0.4920
vn 0.1926 -0.9581 -0.2120
vn 0.1969 -0.9736 -0.1152
vn 0.3814 0.8656 -0.3245
vn 0.3896 0.9090 -0.1479
vn 0.3775 0.5725 -0.7279
vn 0.3931 0.7704 -0.5020
vn 0.3832 0.3725 -0.8452
vn 0.2168 -0.9299 -0.2970
vn 0.4957 0.0457 -0.8673
vn 0.4589 -0.5204 -0.7202
vn 0.3359 -0.8471 -0.4118
vn 0.2659 -0.9467 -0.1819
vn 0.2560 -0.9627 -0.0878
vn 0.4432 0.8803 -0.1692
vn 0.4493 0.8332 -0.3224
vn 0.4622 0.7221 -0.5147
vn 0.4728 0.5278 -0.7056
vn 0.4785 0.3313 -0.8132
vn 0.2830 -0.9224 -0.2629
vn -0.0022 0.0048 -1.0000
vn -0.0025 0.0033 -1.0000
vn -0.0021 -0.0058 -1.0000
vn -0.0026 0.0051 -1.0000
vn -0.0107 -0.9856 -0.1685
vn -0.0385 -0.6436 -0.7644
vn 0.0536 0.0668 -0.9963
vn 0.0406 0.0513 -0.9979
vn 0.0499 0.0552 -0.9972
vn 0.0406 0.0619 -0.9973
vn -0.0303 0.7428 -0.6689
vn -0.0387 0.7135 -0.6996
vn 0.0535 0.0697 -0.9961
vn 0.0880 0.1014 -0.9909
vn 0.0316 0.0539 -0.9980
vn 0.0581 0.0642 -0.9962
vn -0.9999 -0.0106 -0.0039
vn -0.9999 -0.0105 -0.0040
vn 0.0609 -0.9981 -0.0082
vn 0.0609 -0.9981 -0.0081
vn -0.0071 0.7336 -0.6795
vn -0.0706 0.9505 -0.3027
vn 0.0296 0.0681 -0.9972
vn -0.0246 -0.0011 -0.9997
vn -0.0376 -0.0135 -0.9992
vn -0.0148 -0.0073 -0.9999
vn -0.0339 -0.0015 -0.9994
vn 0.4840 -0.0258 0.8747
vn 0.5619 -0.0232 0.8269
vn 0.0833 -0.0000 0.9965
vn 0.0164 -0.0132 0.9998
vn -0.0036 0.0000 1.0000
vn 0.1829 0.0000 0.9831
vn 0.0746 0.8825 0.4643
vn -0.0000 0.9654 -0.2606
vn 0.0255 0.9201 0.3908
vn 0.0253 0.8830 0.4687
vn 0.0389 0.8847 0.4646
vn 0.1734 0.8846 0.4328
vn 0.3684 0.9271 0.0685
vn 0.0002 0.9283 -0.3719
vn 0.0005 0.9268 0.3755
vn -0.1416 0.9461 -0.2913
vn -0.3561 0.9174 0.1780
vn -0.0030 -0.7364 0.6766
vn 0.0075 -0.6840 0.7294
vn -0.0103 -0.7439 0.6683
vn 0.0041 -0.6586 0.7525
vn 0.0015 -0.6672 0.7449
vn 0.0088 -0.6273 0.7787
vn 0.3315 -0.1929 0.9235
vn 0.0001 -0.9665 0.2566
vn 0.0000 -0.9449 -0.3274
vn 0.0001 -0.9759 0.2181
vn -0.1390 -0.9736 0.1810
vn -0.3816 -0.9013 -0.2051
vn 0.9578 0.0000 -0.2873
vn 0.3348 0.6918 0.6398
vn 0.6076 0.7621 0.2235
vn -0.4722 0.8491 -0.2367
vn -0.2375 0.8283 0.5074
vn 0.0011 0.6922 0.7217
vn 0.0935 0.6926 0.7152
vn 0.0004 0.7074 -0.7068
vn 0.0009 0.7484 -0.6633
vn 0.2526 0.7536 -0.6068
vn 0.0894 0.6916 0.7167
vn 0.0137 0.6916 0.7222
vn 0.1316 0.6947 0.7071
vn 0.0001 -0.9034 0.4289
vn -0.0001 -0.9641 0.2655
vn 0.0003 -0.9073 0.4204
vn 0.5303 -0.7678 0.3594
vn 0.2603 -0.8275 0.4975
vn 0.1344 -0.9825 -0.1290
vn 0.2629 -0.7106 0.6526
vn -0.4886 -0.8594 0.1507
vn -0.2626 -0.8008 -0.5382
vn -0.0010 -0.9066 0.4220
vn 0.0067 -0.9019 0.4319
vn 0.0036 -0.9634 0.2679
vn 0.0000 -0.7071 -0.7071
vn 0.0092 -0.7992 0.6010
vn 0.0002 -0.8969 0.4422
vn -0.0001 -0.7042 -0.7100
vn -0.0000 -0.9449 -0.3275
vn 0.3741 -0.7762 -0.5076
vn 0.0587 -0.7106 0.7011
vn -0.0061 -0.8891 0.4576
vn 0.0831 -0.8910 0.4464
vn -0.0035 -0.7169 0.6971
vn -0.1920 0.8333 -0.5184
vn -0.0054 -0.3862 -0.9224
vn -0.0216 -0.3114 -0.9500
vn -0.1174 -0.1793 -0.9768
vn -0.1946 -0.0636 -0.9788
vn -0.1731 -0.2435 -0.9543
vn -0.1985 0.9439 -0.2638
vn 0.2652 0.7790 -0.5682
vn 0.3581 0.8341 -0.4196
vn 0.5235 0.8142 -0.2510
vn 0.5654 0.8229 -0.0565
vn -0.9191 -0.0114 -0.3940
vn -0.5402 -0.5428 -0.6432
vn -0.4755 -0.8554 -0.2054
vn -0.4987 0.0738 -0.8636
vn -0.5435 0.6376 -0.5459
vn -0.5990 0.7416 -0.3021
vn -0.1113 -0.7444 -0.6584
vn -0.0774 -0.9575 -0.2779
vn -0.0829 0.0012 -0.9966
vn -0.1054 0.6652 -0.7392
vn -0.1708 0.9125 -0.3717
vn 0.1356 -0.7254 -0.6748
vn 0.1746 -0.9119 -0.3714
vn 0.1342 -0.0192 -0.9908
vn 0.1525 0.6198 -0.7698
vn 0.1046 0.8686 -0.4843
vn 0.5195 -0.6616 -0.5407
vn 0.5850 -0.7511 -0.3060
vn 0.4777 -0.1111 -0.8715
vn 0.5084 0.4862 -0.7107
vn 0.4889 0.7491 -0.4470
vn 0.8870 -0.0261 -0.4610
vn 0.1562 0.5166 -0.8419
vn 0.3230 0.6000 -0.7319
vn 0.3638 0.5009 -0.7854
vn 0.2470 0.6678 -0.7022
vn 0.1115 0.6845 -0.7204
vn 0.0227 0.6112 -0.7912
vn 0.0203 0.5141 -0.8575
vn 0.0165 0.3806 -0.9246
vn 0.1415 0.2888 -0.9469
vn 0.2933 0.3126 -0.9035
vn 0.3540 0.3943 -0.8481
vn 0.4446 0.6377 -0.6290
vn 0.5175 0.4526 -0.7262
vn 0.3075 0.7603 -0.5722
vn 0.1394 0.8004 -0.5830
vn 0.0121 0.7587 -0.6513
vn 0.0045 0.1714 -0.9852
vn 0.1605 0.0303 -0.9866
vn 0.3664 0.0989 -0.9252
vn 0.4908 0.2497 -0.8347
vn 0.5745 0.6665 -0.4752
vn 0.6936 0.3789 -0.6126
vn 0.3611 0.8435 -0.3978
vn 0.1442 0.9024 -0.4060
vn -0.0007 0.8623 -0.5065
vn -0.0103 -0.0736 -0.9972
vn 0.1636 -0.2733 -0.9479
vn 0.4399 -0.1779 -0.8802
vn 0.6449 0.0545 -0.7623
vn 0.6983 0.6640 -0.2675
vn 0.8639 0.2627 -0.4298
vn 0.4042 0.8959 -0.1845
vn 0.1354 0.9719 -0.1924
vn -0.0166 0.9462 -0.3233
vn -0.0589 -0.4657 -0.8830
vn 0.1398 -0.5869 -0.7975
vn 0.4790 -0.4735 -0.7392
vn 0.7738 -0.1832 -0.6063
vn 0.7939 0.6080 0.0085
vn 0.9830 0.0935 -0.1578
vn 0.4292 0.9001 0.0752
vn 0.1078 0.9923 0.0602
vn -0.0725 0.9970 -0.0256
vn -0.1096 -0.7377 -0.6662
vn 0.0933 -0.8270 -0.5544
vn 0.4635 -0.7296 -0.5029
vn 0.8292 -0.4328 -0.3538
vn 0.8726 0.4657 0.1468
vn 0.9926 -0.1162 -0.0343
vn 0.5009 0.8376 0.2179
vn 0.1354 0.9706 0.1988
vn -0.1010 0.9854 0.1373
vn -0.1145 -0.8562 -0.5039
vn 0.0755 -0.8879 -0.4539
vn 0.3660 -0.8489 -0.3814
vn 0.7562 -0.6106 -0.2352
vn -0.1862 0.9815 0.0454
vn -0.4277 0.3695 -0.8249
vn -0.4980 -0.3969 -0.7710
vn -0.1566 0.9871 -0.0342
vn -0.1463 0.5183 -0.8426
vn -0.0805 0.9360 -0.3428
vn -0.0209 0.5316 -0.8467
vn -0.0203 0.8131 -0.5817
vn 0.0301 0.6022 -0.7978
vn -0.0082 0.6982 -0.7159
vn 0.0080 0.6321 -0.7749
vn -0.0165 0.6732 -0.7393
vn -0.0023 0.5265 -0.8502
vn 0.0046 0.5187 -0.8550
vn -0.0120 0.2519 -0.9677
vn -0.0433 0.0449 -0.9980
vn -0.1186 -0.3392 -0.9332
vn -0.1962 -0.7018 -0.6848
vn -0.2053 -0.7937 -0.5726
vn -0.0031 -0.9887 -0.1496
vn 0.0145 -0.9888 -0.1487
vn -0.0003 0.0106 -0.9999
vn 0.0010 0.0116 -0.9999
vn -0.1085 0.9941 0.0071
vn -0.0904 -0.9959 -0.0079
vn -0.0901 -0.9959 -0.0088
vn 0.0552 0.2537 -0.9657
vn 0.0339 0.2410 -0.9699
vn 0.1351 0.2648 -0.9548
vn -0.0025 0.0041 -1.0000
vn -0.0023 0.0087 -1.0000
vn -0.0460 -0.3899 0.9197
vn -0.0675 -0.3783 0.9232
vn -0.1217 -0.3348 0.9344
vn -0.0677 -0.9063 -0.4172
vn -0.0830 -0.8697 -0.4865
vn -0.0810 -0.7906 -0.6069
vn -0.2092 0.3356 -0.9185
vn -0.1968 0.6660 -0.7196
vn -0.1980 0.6803 -0.7057
vn -0.1854 -0.9314 -0.3132
vn -0.1986 0.8240 -0.5306
vn -0.1999 0.8454 -0.4954
vn 0.0023 0.0061 -1.0000
vn 0.0026 0.0099 -0.9999
vn 0.0069 0.0098 -0.9999
vn -0.0123 -0.0097 0.9999
vn -0.0021 0.0061 -1.0000
vn -0.0752 0.9972 0.0037
vn 0.0048 1.0000 -0.0050
vn 0.0373 0.9993 -0.0031
vn 0.0194 -0.9995 -0.0255
vn -0.0726 -0.9973 -0.0066
vn -0.0378 0.9993 0.0015
vn -0.0717 0.9974 -0.0048
vn 0.0431 0.9990 0.0124
vn 0.0356 -0.9980 0.0515
vn -0.0733 -0.9973 0.0041
vn -0.0604 0.0333 -0.9976
vn -0.2085 -0.0217 -0.9778
vn 0.0813 0.0783 -0.9936
vn -0.2424 -0.0402 -0.9693
vn -0.2085 -0.0282 0.9776
vn -0.0828 0.0208 0.9963
vn -0.1741 -0.0289 0.9843
vn 0.0585 0.0750 0.9955
vn 0.2069 0.1237 0.9705
vn 0.2406 0.1290 0.9620
vn 0.2070 0.1170 -0.9713
vn 0.1735 0.0930 -0.9804
vn 0.0000 1.0000 0.0000
vn -0.2026 0.4812 -0.8529
vn -0.1972 0.3323 -0.9223
vn -0.1981 0.4683 -0.8610
vn -0.1988 0.2127 -0.9567
vn -0.1963 0.5064 -0.8397
vn -0.2079 0.6028 -0.7703
vn -0.1997 0.2816 -0.9385
vn -0.2070 0.6152 -0.7607
vn -0.2144 0.5945 -0.7749
vn -0.1879 0.6127 -0.7676
vn -0.1961 0.1002 -0.9755
vn -0.1937 0.0455 -0.9800
vn -0.2288 0.7789 0.5838
vn -0.0317 0.7934 0.6078
vn -0.1280 0.7853 0.6058
vn -0.7802 0.5155 0.3543
vn -0.3305 -0.0295 -0.9433
vn -0.1973 -0.1732 -0.9649
vn -0.1981 -0.0245 -0.9799
vn -0.1988 -0.2941 -0.9349
vn -0.1994 0.0419 -0.9790
vn -0.2037 0.1278 -0.9707
vn -0.1997 -0.2254 -0.9536
vn -0.5846 0.1180 -0.8027
vn -0.7678 0.1078 -0.6315
vn -0.1879 0.1468 -0.9712
vn -0.1961 -0.4010 -0.8949
vn -0.1938 -0.4508 -0.8713
vn -0.2289 0.9665 0.1162
vn -0.0317 0.9910 0.1297
vn -0.1280 0.9830 0.1320
vn -0.7802 0.6236 0.0490
vn -0.2026 0.8432 -0.4980
vn -0.1973 0.7490 -0.6325
vn -0.1981 0.8364 -0.5111
vn -0.1988 0.6626 -0.7221
vn -0.1963 0.8584 -0.4740
vn -0.2079 0.9072 -0.3657
vn -0.1997 0.7131 -0.6720
vn -0.2070 0.9131 -0.3512
vn -0.2144 0.9024 -0.3738
vn -0.1879 0.9145 -0.3584
vn -0.1961 0.5745 -0.7947
vn -0.1938 0.5295 -0.8259
vn -0.2289 0.3826 0.8951
vn -0.0316 0.3831 0.9231
vn -0.1280 0.3772 0.9172
vn -0.7802 0.2693 0.5645
vn -0.2026 0.9792 -0.0097
vn -0.1973 0.9649 -0.1733
vn -0.1981 0.9799 -0.0250
vn -0.1988 0.9349 -0.2941
vn -0.1963 0.9804 0.0187
vn -0.2079 0.9685 0.1369
vn -0.1997 0.9536 -0.2255
vn -0.2070 0.9664 0.1524
vn -0.2144 0.9684 0.1275
vn -0.1879 0.9712 0.1468
vn -0.1961 0.8948 -0.4010
vn -0.1938 0.8712 -0.4510
vn -0.2289 -0.1162 0.9665
vn -0.0316 -0.1300 0.9910
vn -0.1280 -0.1320 0.9830
vn -0.7802 -0.0490 0.6236
vn -0.2026 0.8529 0.4812
vn -0.1973 0.9222 0.3325
vn -0.1981 0.8610 0.4683
vn -0.1988 0.9567 0.2127
vn -0.1963 0.8397 0.5064
vn -0.2079 0.7703 0.6028
vn -0.1997 0.9385 0.2816
vn -0.2070 0.7607 0.6152
vn -0.2144 0.7750 0.5945
vn -0.1879 0.7676 0.6127
vn -0.1961 0.9755 0.1002
vn -0.1938 0.9800 0.0455
vn -0.2289 -0.5839 0.7789
vn -0.0316 -0.6078 0.7934
vn -0.1280 -0.6058 0.7853
vn -0.7802 -0.3542 0.5155
vn -0.2026 0.4980 0.8432
vn -0.1972 0.6326 0.7489
vn -0.1981 0.5116 0.8361
vn -0.1988 0.7221 0.6626
vn -0.1962 0.4740 0.8584
vn -0.2079 0.3657 0.9072
vn -0.1997 0.6720 0.7131
vn -0.2070 0.3512 0.9131
vn -0.2144 0.3738 0.9024
vn -0.1879 0.3584 0.9145
vn -0.1961 0.7947 0.5745
vn -0.1938 0.8261 0.5292
vn -0.2289 -0.8951 0.3826
vn -0.0316 -0.9231 0.3831
vn -0.1280 -0.9172 0.3772
vn -0.2026 0.0097 0.9792
vn -0.1973 0.1733 0.9649
vn -0.1981 0.0246 0.9799
vn -0.1988 0.2941 0.9349
vn -0.1962 -0.0187 0.9804
vn -0.2079 -0.1369 0.9685
vn -0.1997 0.2254 0.9536
vn -0.2070 -0.1524 0.9664
vn -0.2144 -0.1275 0.9684
vn -0.1879 -0.1468 0.9712
vn -0.1961 0.4010 0.8949
vn -0.1938 0.4508 0.8713
vn -0.2288 -0.9665 -0.1162
vn -0.0315 -0.9910 -0.1300
vn -0.1280 -0.9830 -0.1320
vn -0.7802 -0.6236 -0.0490
vn -0.1986 -0.4643 0.8631
vn -0.1973 -0.3325 0.9222
vn -0.1981 -0.4683 0.8610
vn -0.1988 -0.2127 0.9567
vn -0.2010 -0.5370 0.8193
vn -0.2038 -0.5960 0.7767
vn -0.1997 -0.2816 0.9385
vn -0.2144 -0.5945 0.7749
vn -0.1964 -0.6165 0.7624
vn -0.1879 -0.6127 0.7676
vn -0.1961 -0.1002 0.9755
vn -0.1938 -0.0455 0.9800
vn -0.2289 -0.7789 -0.5839
vn -0.0316 -0.7934 -0.6079
vn -0.1280 -0.7853 -0.6058
vn -0.7802 -0.5155 -0.3543
vn -0.1986 -0.8337 0.5153
vn -0.1973 -0.7490 0.6325
vn -0.1981 -0.8364 0.5111
vn -0.1988 -0.6626 0.7221
vn -0.2010 -0.8747 0.4410
vn -0.2038 -0.9045 0.3747
vn -0.1997 -0.7131 0.6720
vn -0.2144 -0.9024 0.3738
vn -0.1964 -0.9152 0.3520
vn -0.1879 -0.9145 0.3584
vn -0.1961 -0.5745 0.7947
vn -0.1938 -0.5292 0.8261
vn -0.2289 -0.3826 -0.8951
vn -0.0316 -0.3832 -0.9231
vn -0.1280 -0.3772 -0.9172
vn -0.7802 -0.2693 -0.5645
vn -0.1986 -0.9796 0.0294
vn -0.1973 -0.9649 0.1733
vn -0.1981 -0.9799 0.0250
vn -0.1988 -0.9349 0.2941
vn -0.2010 -0.9780 -0.0555
vn -0.2036 -0.9707 -0.1278
vn -0.1997 -0.9536 0.2254
vn -0.2145 -0.9684 -0.1274
vn -0.1964 -0.9686 -0.1527
vn -0.1879 -0.9712 -0.1468
vn -0.1961 -0.8949 0.4010
vn -0.1937 -0.8715 0.4505
vn -0.2289 0.1162 -0.9665
vn -0.0316 0.1297 -0.9910
vn -0.1280 0.1320 -0.9830
vn -0.7802 0.0490 -0.6236
vn -0.3305 -0.8317 -0.4462
vn -0.1973 -0.9222 -0.3325
vn -0.1981 -0.8610 -0.4683
vn -0.1988 -0.9567 -0.2127
vn -0.1994 -0.8269 -0.5258
vn -0.2038 -0.7767 -0.5960
vn -0.1997 -0.9385 -0.2816
vn -0.5846 -0.6362 -0.5035
vn -0.7678 -0.4930 -0.4091
vn -0.1879 -0.7676 -0.6127
vn -0.1961 -0.9755 -0.1002
vn -0.1938 -0.9800 -0.0455
vn -0.2289 0.5839 -0.7789
vn -0.0316 0.6078 -0.7934
vn -0.1280 0.6058 -0.7853
vn -0.7802 0.3542 -0.5155
vn -0.3305 -0.4972 -0.8022
vn -0.1973 -0.6325 -0.7490
vn -0.1981 -0.5112 -0.8363
vn -0.1988 -0.7221 -0.6626
vn -0.1994 -0.4532 -0.8688
vn -0.2036 -0.3747 -0.9045
vn -0.1997 -0.6720 -0.7131
vn -0.5846 -0.2992 -0.7541
vn -0.7677 -0.2228 -0.6008
vn -0.1879 -0.3584 -0.9145
vn -0.1961 -0.7947 -0.5745
vn -0.1938 -0.8259 -0.5295
vn -0.2289 0.8951 -0.3827
vn -0.0316 0.9232 -0.3830
vn -0.1280 0.9172 -0.3772
vn -0.7802 0.5645 -0.2693
vn -0.7802 -0.5645 0.2693
vn -0.4754 -0.8642 -0.1649
vn -0.1678 -0.7733 0.6115
vn -0.7084 -0.5684 0.4185
vn -0.8905 -0.4095 -0.1984
vn -0.9722 -0.1033 0.2100
vn -0.1846 -0.4556 0.8708
vn -0.4801 -0.1758 0.8594
vn -0.5080 0.3685 0.7786
vn -0.4593 0.7152 0.5268
vn -0.8698 0.2196 0.4418
vn -0.3318 0.3283 0.8844
vn -0.4421 -0.8585 -0.2600
vn 0.1256 -0.3210 0.9387
vn -0.8414 -0.4703 0.2663
vn 0.1256 -0.7474 0.6524
vn -0.4754 -0.8308 0.2893
vn -0.1678 -0.3640 0.9162
vn -0.7084 -0.2830 0.6466
vn -0.8905 -0.4538 0.0329
vn -0.9722 0.0155 0.2335
vn -0.2354 0.0151 0.9718
vn -0.4801 0.2775 0.8322
vn -0.5080 0.7084 0.4900
vn -0.4593 0.8828 0.0987
vn -0.8698 0.4111 0.2728
vn -0.3318 0.7265 0.6017
vn -0.4421 -0.8735 0.2040
vn 0.1326 0.1603 0.9781
vn -0.8413 -0.2741 0.4658
vn -0.4753 -0.6660 -0.5749
vn -0.1678 -0.9754 0.1429
vn -0.7084 -0.7014 0.0782
vn -0.8905 -0.2554 -0.3766
vn -0.9722 -0.1944 0.1302
vn -0.1846 -0.8300 0.5263
vn -0.4801 -0.5819 0.6564
vn -0.5080 -0.0702 0.8585
vn -0.4593 0.3559 0.8138
vn -0.8698 -0.0307 0.4924
vn -0.3318 -0.1578 0.9301
vn -0.4420 -0.6135 -0.6544
vn -0.8414 -0.5404 -0.0045
vn 0.1256 -0.9735 0.1913
vn -0.4753 -0.2894 -0.8309
vn -0.1677 -0.9162 -0.3640
vn -0.7084 -0.6466 -0.2830
vn -0.8905 -0.0329 -0.4538
vn -0.9722 -0.2335 0.0155
vn -0.1846 -0.9820 0.0408
vn -0.4801 -0.8322 0.2775
vn -0.5080 -0.4900 0.7084
vn -0.4593 -0.0987 0.8828
vn -0.8699 -0.2728 0.4110
vn -0.3318 -0.6017 0.7265
vn -0.4421 -0.2040 -0.8735
vn -0.8414 -0.4658 -0.2741
vn 0.1256 -0.9387 -0.3210
vn -0.4753 0.1649 -0.8642
vn -0.1677 -0.6115 -0.7733
vn -0.7084 -0.4185 -0.5684
vn -0.8905 0.1984 -0.4095
vn -0.9722 -0.2100 -0.1033
vn -0.1846 -0.8708 -0.4557
vn -0.4801 -0.8594 -0.1758
vn -0.5080 -0.7786 0.3684
vn -0.4593 -0.5268 0.7152
vn -0.8698 -0.4418 0.2196
vn -0.3317 -0.8844 0.3283
vn -0.4421 0.2600 -0.8585
vn -0.8413 -0.2663 -0.4703
vn 0.1256 -0.6524 -0.7474
vn -0.4753 0.5749 -0.6660
vn -0.1678 -0.1429 -0.9754
vn -0.7084 -0.0782 -0.7015
vn -0.8905 0.3766 -0.2554
vn -0.9722 -0.1302 -0.1944
vn -0.3375 -0.5454 -0.7672
vn -0.6208 -0.6119 -0.4901
vn -0.3740 -0.8476 -0.3765
vn -0.4593 -0.8138 0.3559
vn -0.8698 -0.4924 -0.0307
vn -0.2124 -0.8812 -0.4224
vn -0.4421 0.6544 -0.6134
vn -0.8414 0.0045 -0.5404
vn -0.4754 0.8308 -0.2893
vn -0.1678 0.3640 -0.9162
vn -0.7084 0.2830 -0.6466
vn -0.8905 0.4538 -0.0329
vn -0.9722 -0.0155 -0.2335
vn -0.3375 -0.0887 -0.9371
vn -0.6208 -0.2848 -0.7304
vn -0.3740 -0.5458 -0.7499
vn -0.4593 -0.8828 -0.0986
vn -0.8698 -0.4111 -0.2728
vn -0.2123 -0.5519 -0.8064
vn -0.4421 0.8735 -0.2040
vn 0.1489 -0.1106 -0.9826
vn -0.8413 0.2741 -0.4658
vn 0.1526 0.4153 -0.8968
vn -0.4753 0.8642 0.1649
vn -0.1677 0.7733 -0.6115
vn -0.7084 0.5683 -0.4185
vn -0.8905 0.4094 0.1984
vn -0.9722 0.1033 -0.2100
vn -0.4346 0.4002 -0.8069
vn -0.6208 0.1185 -0.7750
vn -0.3739 -0.0977 -0.9223
vn -0.4593 -0.7152 -0.5268
vn -0.8698 -0.2196 -0.4418
vn -0.2123 -0.0747 -0.9743
vn -0.4421 0.8585 0.2600
vn -0.8414 0.4703 -0.2663
vn 0.1526 0.8081 -0.5690
vn -0.4753 0.6660 0.5749
vn -0.1678 0.9754 -0.1429
vn -0.7084 0.7014 -0.0782
vn -0.8905 0.2554 0.3766
vn -0.9722 0.1944 -0.1302
vn -0.4346 0.7500 -0.4987
vn -0.6208 0.4901 -0.6119
vn -0.3739 0.3765 -0.8476
vn -0.4593 -0.3559 -0.8138
vn -0.8698 0.0307 -0.4924
vn -0.2123 0.4224 -0.8812
vn -0.4420 0.6134 0.6544
vn -0.8414 0.5404 0.0045
vn 0.1526 0.9843 -0.0887
vn -0.4753 0.2893 0.8309
vn -0.1677 0.9162 0.3640
vn -0.7084 0.6466 0.2830
vn -0.8905 0.0329 0.4538
vn -0.9722 0.2335 -0.0155
vn -0.4346 0.8988 -0.0568
vn -0.6208 0.7304 -0.2848
vn -0.3740 0.7498 -0.5458
vn -0.4593 0.0986 -0.8828
vn -0.8698 0.2728 -0.4111
vn -0.2123 0.8064 -0.5519
vn -0.4421 0.2040 0.8735
vn -0.8414 0.4658 0.2741
vn 0.1526 0.8968 0.4153
vn -0.4753 -0.1648 0.8642
vn -0.1678 0.6115 0.7733
vn -0.7084 0.4184 0.5684
vn -0.8905 -0.1984 0.4095
vn -0.9722 0.2100 0.1033
vn -0.4346 0.8069 0.4002
vn -0.6208 0.7750 0.1185
vn -0.3740 0.9223 -0.0977
vn -0.4593 0.5268 -0.7152
vn -0.8698 0.4417 -0.2196
vn -0.2123 0.9743 -0.0747
vn -0.4421 -0.2600 0.8585
vn -0.8413 0.2663 0.4703
vn 0.1526 0.5690 0.8081
vn -0.4753 -0.5749 0.6660
vn -0.1678 0.1429 0.9754
vn -0.7084 0.0782 0.7015
vn -0.8905 -0.3766 0.2554
vn -0.9722 0.1302 0.1944
vn -0.2354 0.4990 0.8340
vn -0.4801 0.6564 0.5820
vn -0.5080 0.8585 0.0702
vn -0.4593 0.8138 -0.3560
vn -0.8698 0.4924 0.0307
vn -0.3317 0.9301 0.1579
vn -0.4421 -0.6544 0.6134
vn -0.8414 -0.0046 0.5404
vn 0.2039 -0.2524 0.9459
vn 0.1782 -0.4893 0.8537
vn 0.2039 -0.6915 0.6930
vn 0.2119 0.2399 0.9474
vn 0.1942 0.0594 0.9792
vn 0.1782 -0.8506 0.4947
vn 0.2039 -0.9454 0.2544
vn 0.1782 -0.9840 0.0031
vn 0.2039 -0.9459 -0.2524
vn 0.1782 -0.8537 -0.4893
vn 0.2039 -0.6930 -0.6915
vn 0.1823 -0.4076 -0.8948
vn 0.2120 -0.2693 -0.9395
vn 0.1823 0.0944 -0.9787
vn 0.2281 0.2489 -0.9413
vn 0.1891 0.5392 -0.8207
vn 0.2281 0.6862 -0.6907
vn 0.1891 0.8773 -0.4411
vn 0.2282 0.9396 -0.2550
vn 0.1891 0.9803 0.0567
vn 0.2281 0.9413 0.2489
vn 0.1891 0.8207 0.5392
vn 0.2281 0.6907 0.6862
vn 0.1942 0.5410 0.8183
vn 0.1408 -0.2141 -0.9666
vn 0.1408 -0.0434 -0.9891
vn 0.1408 -0.2979 -0.9442
vn 0.1408 0.0434 -0.9891
vn 0.1408 -0.4570 -0.8783
vn 0.1408 -0.5321 -0.8349
vn 0.1408 -0.6687 -0.7301
vn 0.1408 -0.7301 -0.6687
vn 0.1408 -0.8349 -0.5322
vn 0.1408 -0.8783 -0.4569
vn 0.1408 -0.9442 -0.2979
vn 0.1408 -0.9666 -0.2141
vn 0.1408 -0.9891 -0.0434
vn 0.1408 -0.9891 0.0434
vn 0.1408 0.9666 -0.2141
vn 0.1408 0.9891 -0.0434
vn 0.1408 0.9441 -0.2979
vn 0.1408 0.9891 0.0434
vn 0.1408 0.8783 -0.4570
vn 0.1408 0.8349 -0.5321
vn 0.1408 0.7301 -0.6687
vn 0.1408 0.6687 -0.7301
vn 0.1408 0.5321 -0.8349
vn 0.1408 0.4569 -0.8783
vn 0.1408 0.2979 -0.9441
vn 0.1408 0.2141 -0.9666
vn 0.1408 -0.0434 0.9891
vn 0.1408 -0.2141 0.9666
vn 0.1408 0.0434 0.9891
vn 0.1408 -0.2979 0.9441
vn 0.1408 -0.4570 0.8783
vn 0.1408 -0.5321 0.8349
vn 0.1408 -0.6687 0.7301
vn 0.1408 -0.7301 0.6687
vn 0.1408 -0.8349 0.5321
vn 0.1408 -0.8783 0.4569
vn 0.1408 -0.9441 0.2979
vn 0.1408 -0.9666 0.2141
vn 0.1408 0.9666 0.2141
vn 0.1408 0.9442 0.2979
vn 0.1408 0.8783 0.4569
vn 0.1408 0.8349 0.5321
vn 0.1408 0.7301 0.6687
vn 0.1408 0.6687 0.7301
vn 0.1408 0.5321 0.8349
vn 0.1408 0.4569 0.8783
vn 0.1408 0.2979 0.9442
vn 0.1408 0.2141 0.9666
vn -1.0000 -0.0000 0.0000
vn -1.0000 -0.0002 -0.0001
vn -1.0000 -0.0001 0.0000
vn -0.2187 0.2088 -0.9532
vn -0.2163 0.0341 -0.9757
vn -0.2181 0.3000 -0.9287
vn -0.2152 -0.0448 -0.9755
vn -0.2182 -0.2045 -0.9542
vn -0.2187 -0.2957 -0.9299
vn -0.2163 -0.4584 -0.8620
vn -0.2153 -0.5266 -0.8224
vn -0.2182 -0.6542 -0.7241
vn -0.2187 -0.7210 -0.6575
vn -0.2163 -0.8280 -0.5174
vn -0.2153 -0.8672 -0.4490
vn -0.2182 -0.9287 -0.3000
vn -0.2187 -0.9532 -0.2088
vn -0.2163 -0.9757 -0.0341
vn -0.2153 -0.9755 0.0448
vn -0.2182 -0.9542 0.2045
vn -0.2187 -0.9299 0.2957
vn -0.2163 -0.8620 0.4584
vn -0.2153 -0.8224 0.5265
vn -0.2182 -0.7241 0.6543
vn -0.2187 -0.6574 0.7211
vn -0.2163 -0.5174 0.8280
vn -0.2153 -0.4490 0.8672
vn -0.2182 -0.3000 0.9287
vn -0.2187 -0.2088 0.9532
vn -0.2163 -0.0341 0.9757
vn -0.2152 0.0448 0.9755
vn -0.2181 0.2045 0.9542
vn -0.2187 0.2957 0.9299
vn -0.2163 0.4583 0.8621
vn -0.2152 0.5266 0.8224
vn -0.2181 0.6543 0.7241
vn -0.2186 0.7211 0.6574
vn -0.2162 0.8280 0.5174
vn -0.2152 0.8673 0.4490
vn -0.2181 0.9287 0.3000
vn -0.2186 0.9532 0.2088
vn -0.2162 0.9757 0.0341
vn -0.2152 0.9755 -0.0448
vn -0.2181 0.9543 -0.2045
vn -0.2186 0.9299 -0.2958
vn -0.2162 0.8621 -0.4584
vn -0.2152 0.8224 -0.5266
vn -0.2181 0.7241 -0.6543
vn -0.2186 0.6575 -0.7211
vn -0.2163 0.5174 -0.8280
vn -0.2152 0.4490 -0.8672
vn 0.0726 -0.9800 0.1850
vn 0.0996 -0.9597 0.2629
vn 0.0723 -0.9611 0.2666
vn 0.0984 -0.9782 0.1830
vn 0.1101 -0.9716 0.2094
vn 0.1119 -0.9575 0.2657
vn 0.1147 -0.9357 0.3336
vn 0.0950 -0.9368 0.3366
vn 0.0718 -0.9415 0.3293
vn 0.0778 -0.2772 0.9576
vn 0.1003 -0.3462 0.9328
vn 0.1019 -0.2457 0.9640
vn 0.0710 -0.3420 0.9370
vn 0.0395 -0.2644 0.9636
vn 0.0397 -0.3179 0.9473
vn 0.0480 -0.3474 0.9365
vn 0.0865 -0.3653 0.9268
vn 0.1050 -0.3742 0.9214
vn 0.0534 -0.1410 0.9886
vn 0.0964 -0.0130 0.9953
vn 0.0610 -0.0647 0.9960
vn 0.0914 -0.1076 0.9900
vn 0.1180 -0.0925 0.9887
vn 0.1346 0.0617 0.9890
vn 0.1505 -0.2812 0.9478
vn 0.1460 -0.3056 0.9409
vn 0.1552 -0.2564 0.9540
vn 0.1523 -0.3767 0.9137
vn 0.8145 -0.1219 0.5672
vn 0.7034 -0.2141 0.6778
vn 0.8146 -0.0021 0.5800
vn 0.5601 -0.3076 0.7692
vn 0.1067 -0.9873 0.1178
vn 0.0895 -0.9891 0.1170
vn 0.0670 -0.9917 0.1099
vn 0.0680 -0.9954 0.0679
vn 0.0941 -0.9934 0.0660
vn 0.0940 -0.6912 0.7166
vn 0.1124 -0.4923 0.8632
vn 0.0775 -0.4769 0.8755
vn 0.1180 -0.7295 0.6737
vn 0.0624 -0.6712 0.7386
vn 0.0503 -0.4484 0.8924
vn 0.0728 -0.7908 0.6077
vn 0.1053 -0.8085 0.5790
vn 0.0688 0.9947 0.0764
vn 0.0685 0.9952 0.0697
vn 0.0864 0.9962 0.0054
vn 0.0568 0.9886 0.1393
vn 0.0621 0.9843 0.1651
vn 0.0580 0.9888 0.1374
vn 0.0871 0.8676 0.4895
vn 0.0894 0.8764 0.4731
vn 0.0836 0.8785 0.4704
vn 0.1148 0.7821 0.6125
vn 0.1114 0.8295 0.5473
vn 0.1357 0.7023 0.6988
vn 0.3351 -0.3229 0.8851
vn 0.2498 -0.2745 0.9286
vn 0.1267 0.3434 0.9306
vn 0.1515 0.3675 0.9176
vn 0.0906 0.2481 0.9645
vn 0.0677 0.9971 0.0344
vn 0.0953 0.9954 -0.0005
vn 0.1078 0.9942 0.0000
vn 0.0812 0.9966 0.0117
vn 0.0986 0.9951 0.0053
vn 0.1049 0.9945 -0.0063
vn 0.0513 0.9834 0.1739
vn 0.0468 0.9705 0.2366
vn 0.0554 0.9746 0.2170
vn 0.0708 0.7103 0.7003
vn 0.0590 0.9042 0.4231
vn 0.0756 0.7605 0.6449
vn 0.0699 0.9001 0.4300
vn 0.0722 0.9044 0.4204
vn 0.0565 0.2442 0.9681
vn 0.0713 0.2738 0.9591
vn 0.0253 -0.1874 0.9820
vn 0.0495 -0.0940 0.9943
vn 0.0202 -0.6105 0.7917
vn 0.0189 -0.3718 0.9281
vn 0.0289 -0.4369 0.8990
vn 0.0368 -0.6373 0.7698
vn 0.0287 -0.3065 0.9514
vn 0.0161 -0.2962 0.9550
vn 0.0120 -0.9829 0.1836
vn 0.0123 -0.9645 0.2638
vn 0.0336 -0.9801 0.1958
vn 0.0429 -0.9616 0.2710
vn 0.0406 -0.9394 0.3405
vn 0.0163 -0.9413 0.3372
vn 0.0297 -0.9995 0.0065
vn 0.0069 -0.9982 0.0599
vn 0.0065 -1.0000 -0.0000
vn 0.0382 -0.9969 0.0690
vn 0.0351 -0.9932 0.1107
vn 0.0092 -0.9947 0.1024
vn 0.0193 -0.2322 0.9725
vn 0.0319 -0.2105 0.9771
vn 0.0261 -0.8633 0.5041
vn 0.0236 -0.7441 0.6677
vn 0.0414 -0.8588 0.5106
vn 0.0470 -0.7638 0.6438
vn 1.0000 0.0000 0.0000
vn 1.0000 0.0001 0.0000
vn 0.9935 -0.1120 0.0219
vn 0.9940 -0.1054 0.0292
vn 0.9935 -0.1121 0.0220
vn 0.9940 -0.1055 0.0292
vn 0.9945 -0.0995 0.0334
vn 0.9948 -0.0955 0.0355
vn 0.5388 -0.7809 0.3159
vn 0.6940 -0.6783 0.2413
vn 0.7624 -0.6176 0.1932
vn 0.5420 -0.7792 0.3146
vn 0.1343 0.5962 0.7915
vn 0.1457 0.6000 0.7866
vn 1.0000 -0.0001 0.0000
vn 0.4900 -0.7381 0.4638
vn 0.4741 -0.7786 0.4111
vn 0.4530 -0.8088 0.3750
vn 0.5228 -0.6556 0.5449
vn 0.9957 -0.0782 0.0501
vn 0.9965 -0.0693 0.0476
vn 0.9969 -0.0640 0.0455
vn 0.9947 -0.0842 0.0583
vn 0.9937 -0.0899 0.0671
vn 0.9938 -0.0887 0.0675
vn 0.1208 -0.8649 0.4872
vn 0.1071 -0.8874 0.4484
vn 0.1216 -0.8129 0.5696
vn 0.9958 -0.0815 0.0416
vn 0.9967 -0.0660 0.0464
vn 0.9958 -0.0818 0.0417
vn 0.9967 -0.0662 0.0468
vn 0.8944 -0.4289 0.1271
vn 0.8937 -0.4323 0.1201
vn 0.9466 -0.3087 0.0929
vn 0.9467 -0.3085 0.0926
vn 0.1049 -0.9944 0.0154
vn 0.0946 -0.9955 -0.0094
vn 0.1051 -0.9920 0.0701
vn 0.9928 -0.1199 0.0000
vn 0.9928 -0.1195 0.0085
vn 0.9928 -0.1194 0.0084
vn 0.9929 -0.1181 0.0132
vn 0.9929 -0.1177 0.0150
vn 0.0729 -0.9771 -0.1998
vn 0.0384 -0.9634 -0.2652
vn 0.0703 -0.9598 -0.2717
vn 0.0333 -0.9829 -0.1814
vn 0.0452 -0.9419 -0.3327
vn 0.0743 -0.9374 -0.3403
vn 0.0632 -0.6713 -0.7385
vn 0.0357 -0.4512 -0.8917
vn 0.0527 -0.4602 -0.8863
vn 0.0388 -0.6379 -0.7692
vn 0.0287 -0.3064 -0.9515
vn 0.0464 -0.3486 -0.9361
vn 0.2504 -0.1469 -0.9569
vn 0.1470 -0.1909 -0.9705
vn 0.1505 -0.2812 -0.9478
vn 0.3473 -0.1953 -0.9172
vn 0.1460 -0.3056 -0.9409
vn 0.1523 -0.3767 -0.9137
vn 0.6504 -0.1870 -0.7362
vn 0.8167 -0.1266 -0.5630
vn 0.6278 -0.3179 -0.7105
vn 0.8343 -0.0021 -0.5513
vn 0.0694 -0.9976 -0.0061
vn 0.0336 -0.9975 -0.0628
vn 0.0660 -0.9953 -0.0712
vn 0.0396 -0.9934 -0.1073
vn 0.0695 -0.9908 -0.1160
vn 0.0778 -0.8667 -0.4927
vn 0.0451 -0.7647 -0.6428
vn 0.0705 -0.7793 -0.6227
vn 0.0416 -0.8735 -0.4851
vn 0.0787 0.7388 -0.6693
vn 0.0867 0.8663 -0.4919
vn 0.1012 0.6846 -0.7219
vn 0.0699 0.9001 -0.4300
vn 0.0722 0.9044 -0.4204
vn 0.0858 0.8776 -0.4717
vn 0.0721 0.2609 -0.9627
vn 0.0634 -0.0642 -0.9959
vn 0.0387 -0.1488 -0.9881
vn 0.0966 0.3659 -0.9256
vn 0.0688 0.9971 -0.0338
vn 0.0610 0.9909 -0.1201
vn 0.0608 0.9653 -0.2541
vn 0.0682 0.9650 -0.2531
vn 0.0635 0.9195 -0.3879
vn 0.0571 0.9199 -0.3881
vn 0.0590 0.9042 -0.4231
vn 0.0708 0.7104 -0.7002
vn 0.0527 0.1920 -0.9800
vn 0.0220 -0.2082 -0.9778
vn 0.0193 -0.3958 -0.9181
vn 0.0220 -0.6430 -0.7656
vn 0.0162 -0.2962 -0.9550
vn 0.0115 -0.9657 -0.2595
vn 0.0120 -0.9829 -0.1836
vn 0.0162 -0.9437 -0.3305
vn 0.0060 -0.9984 -0.0558
vn 0.0090 -0.9949 -0.1003
vn 0.0319 -0.2106 -0.9770
vn 0.0194 -0.2322 -0.9725
vn 0.0245 -0.7471 -0.6643
vn 0.0261 -0.8633 -0.5041
vn 0.0864 0.9962 -0.0124
vn 0.0889 0.9960 -0.0054
vn 0.1199 -0.8945 -0.4306
vn 0.1021 -0.9342 -0.3418
vn 0.1076 -0.8705 -0.4802
vn 0.1149 -0.9362 -0.3321
vn 0.9958 -0.0815 -0.0416
vn 0.9946 -0.0974 -0.0344
vn 0.9958 -0.0819 -0.0417
vn 0.9946 -0.0977 -0.0345
vn 0.9941 -0.1045 -0.0299
vn 0.9940 -0.1060 -0.0285
vn 0.1118 -0.9576 -0.2657
vn 0.0931 -0.9593 -0.2666
vn 0.5389 -0.7809 -0.3159
vn 0.6913 -0.6807 -0.2422
vn 0.5420 -0.7792 -0.3147
vn 0.7572 -0.6240 -0.1931
vn 0.1279 0.3941 -0.9101
vn 0.1528 0.5154 -0.8432
vn 0.1463 0.2414 -0.9593
vn 0.1297 0.6279 -0.7674
vn 0.4589 -0.8115 -0.3618
vn 0.4795 -0.7625 -0.4344
vn 0.1291 0.7578 -0.6396
vn 0.1075 0.8213 -0.5603
vn 0.4901 -0.7380 -0.4638
vn 0.5095 -0.6617 -0.5501
vn 0.1196 -0.8074 -0.5778
vn 0.0953 -0.7993 -0.5933
vn 0.0922 -0.6916 -0.7164
vn 0.1111 -0.6724 -0.7318
vn 0.9969 -0.0639 -0.0464
vn 0.9971 -0.0605 -0.0465
vn 0.9971 -0.0604 -0.0464
vn 0.9966 -0.0683 -0.0465
vn 0.9822 -0.1787 -0.0576
vn 0.9946 -0.0883 -0.0545
vn 0.9824 -0.1780 -0.0567
vn 0.9946 -0.0888 -0.0546
vn 0.9966 -0.0637 -0.0519
vn 0.9966 -0.0634 -0.0520
vn 0.0800 -0.3701 -0.9255
vn 0.0975 -0.3658 -0.9256
vn 0.1055 -0.3819 -0.9182
vn 0.0647 -0.3380 -0.9389
vn 0.0939 -0.2836 -0.9543
vn 0.0723 -0.2461 -0.9665
vn 0.9377 -0.3378 -0.0812
vn 0.8854 -0.4482 -0.1237
vn 0.8837 -0.4530 -0.1177
vn 0.9384 -0.3358 -0.0811
vn 0.0913 -0.0980 -0.9910
vn 0.1236 -0.0050 -0.9923
vn 0.1092 -0.0733 -0.9913
vn 0.0990 0.0234 -0.9948
vn 0.1052 -0.9920 -0.0692
vn 0.0881 -0.9937 -0.0686
vn 0.0958 -0.9880 -0.1212
vn 0.1070 -0.9872 -0.1185
vn 0.9928 -0.1194 -0.0093
vn 0.9930 -0.1176 -0.0141
vn 0.9929 -0.1178 -0.0141
vn 0.9928 -0.1195 -0.0076
vn 0.0373 -0.2595 -0.9650
vn 0.0287 -0.2331 -0.9720
vn 0.0407 -0.1945 -0.9801
vn 0.0249 -0.2705 -0.9624
vn 0.0518 -0.1386 -0.9890
vn 0.0118 -0.9990 -0.0424
vn 0.0082 -0.9997 -0.0231
vn 0.0045 -1.0000 -0.0001
vn 0.0126 -0.9961 -0.0877
vn 0.0117 -0.8511 -0.5248
vn 0.0114 -0.8585 -0.5126
vn 0.0043 -0.9016 -0.4326
vn 0.0154 -0.8158 -0.5781
vn 0.0149 -0.8307 -0.5566
vn 0.0154 -0.8122 -0.5832
vn 0.0088 -0.9982 -0.0586
vn 0.0101 -0.9956 -0.0927
vn 0.0088 0.9809 -0.1941
vn 0.0085 0.9924 -0.1228
vn 0.0088 0.9810 -0.1940
vn 0.0085 0.9928 -0.1193
vn 0.0084 0.9969 -0.0783
vn 0.0084 0.9977 -0.0672
vn 0.0085 0.9938 -0.1108
vn 0.0084 0.9975 -0.0705
vn 0.0088 0.9810 -0.1938
vn 0.0108 0.8874 -0.4609
vn 0.0097 0.9401 -0.3409
vn 0.0108 0.8875 -0.4607
vn 0.0097 0.9422 -0.3349
vn 0.0092 0.9614 -0.2749
vn 0.0092 0.9646 -0.2637
vn 0.0097 0.9473 -0.3201
vn 0.0092 0.9637 -0.2669
vn 0.0108 0.8875 -0.4606
vn 0.0123 0.6839 -0.7295
vn 0.0121 0.5060 -0.8625
vn 0.0124 0.4986 -0.8668
vn 0.0125 0.7209 -0.6929
vn 0.0118 0.8089 -0.5878
vn 0.0118 0.8209 -0.5709
vn 0.0131 0.7500 -0.6613
vn 0.0118 0.8175 -0.5758
vn 0.0124 0.5824 -0.8128
vn 0.0128 0.2515 -0.9678
vn 0.0098 0.3756 -0.9267
vn 0.0123 0.2538 -0.9672
vn 0.0101 0.3512 -0.9362
vn 0.0114 0.3905 -0.9205
vn 0.0111 0.4059 -0.9138
vn 0.0106 0.4251 -0.9051
vn 0.0085 0.4024 -0.9154
vn 0.0126 0.2567 -0.9664
vn 0.0160 -0.7132 -0.7007
vn 0.0163 -0.4385 -0.8986
vn 0.0159 -0.6725 -0.7399
vn 0.0185 -0.3560 -0.9343
vn 0.0173 -0.3567 -0.9341
vn 0.0156 -0.7232 -0.6905
vn 0.0056 -1.0000 0.0008
vn 0.0063 -1.0000 0.0022
vn 0.0066 -1.0000 0.0001
vn 0.0048 -1.0000 0.0010
vn 0.0077 -1.0000 0.0026
vn 0.0077 -1.0000 -0.0007
vn 0.0190 0.0375 -0.9991
vn 0.0186 -0.0658 -0.9977
vn 0.0206 -0.1084 -0.9939
vn 0.0190 0.0392 -0.9991
vn 0.0189 0.0405 -0.9990
vn 0.0196 -0.0254 -0.9995
vn 0.0165 -0.4387 0.8985
vn 0.0163 -0.1478 0.9889
vn 0.0172 -0.1307 0.9913
vn 0.0164 -0.4487 0.8935
vn 0.0168 -0.3427 0.9393
vn 0.0171 -0.1681 0.9856
vn 0.0154 0.2452 0.9693
vn 0.0144 0.0502 0.9986
vn 0.0152 0.2434 0.9698
vn 0.0142 0.0819 0.9965
vn 0.0153 -0.0188 0.9997
vn 0.0152 -0.0429 0.9990
vn 0.0150 -0.0748 0.9971
vn 0.0136 0.0140 0.9998
vn 0.0154 0.2410 0.9704
vn 0.0107 -0.9995 0.0289
vn 0.0125 -0.9983 0.0575
vn 0.0222 -0.9998 0.0001
vn 0.0070 -0.9993 0.0366
vn 0.0051 -1.0000 -0.0013
vn 0.0064 -1.0000 -0.0026
vn 0.0077 -1.0000 -0.0026
vn 0.0082 -0.9990 0.0446
vn 0.0094 -0.9960 0.0892
vn 0.0157 -0.7510 0.6601
vn 0.0130 -0.8281 0.5604
vn 0.0160 -0.6875 0.7260
vn 0.0152 -0.8632 0.5046
vn 0.0064 -0.8704 0.4923
vn 0.0092 -0.8294 0.5586
vn 0.0149 -0.8198 0.5725
vn 0.0145 -0.8273 0.5616
vn 0.0161 -0.6908 0.7229
vn 0.0088 0.9809 0.1941
vn 0.0091 0.9646 0.2636
vn 0.0088 0.9810 0.1940
vn 0.0092 0.9636 0.2670
vn 0.0097 0.9473 0.3201
vn 0.0097 0.9401 0.3409
vn 0.0092 0.9614 0.2749
vn 0.0097 0.9424 0.3344
vn 0.0088 0.9810 0.1938
vn 0.0158 0.5436 0.8392
vn 0.0137 0.7082 0.7059
vn 0.0130 0.7386 0.6740
vn 0.0162 0.4876 0.8729
vn 0.0166 0.3889 0.9211
vn 0.0166 0.3892 0.9210
vn 0.0166 0.3895 0.9209
vn 0.0164 0.5018 0.8648
vn 0.0140 0.6746 0.7380
vn 0.0108 0.8874 0.4609
vn 0.0118 0.8210 0.5709
vn 0.0108 0.8875 0.4607
vn 0.0118 0.8173 0.5761
vn 0.0118 0.8089 0.5878
vn 0.0108 0.8877 0.4603
vn 0.0084 1.0000 0.0000
vn 0.0084 0.9977 0.0672
vn 0.0084 0.9975 0.0706
vn 0.0085 0.9938 0.1108
vn 0.0085 0.9924 0.1227
vn 0.0084 0.9969 0.0783
vn 0.0085 0.9928 0.1191
vn 0.1010 0.6757 0.7302
vn 0.0273 -0.2914 0.9562
vn 0.0251 -0.2577 0.9659
vn 0.0778 -0.8828 0.4633
vn 0.0719 0.9903 -0.1190
vn 0.0808 0.9948 -0.0613
vn 0.1051 0.8505 -0.5154
vn 0.0977 0.8124 -0.5749
vn 0.0370 -0.3117 -0.9495
vn 0.0866 -0.4722 -0.8772
vn 0.1080 -0.5084 -0.8543
vn 0.0990 -0.9742 -0.2027
vn 0.1090 -0.9783 -0.1762
vn 0.0735 -0.1718 0.9824
vn 0.0404 -0.2033 0.9783
vn 0.1100 -0.1304 0.9853
vn 0.0174 -0.2912 0.9565
vn 0.0192 -0.2658 0.9638
vn 0.0196 -0.2378 0.9711
vn 0.0277 -0.2369 0.9712
vn 0.9906 -0.1124 0.0781
vn 0.9903 -0.1142 0.0793
vn 0.9793 -0.1838 0.0844
vn 0.9792 -0.1838 0.0860
vn 0.9581 -0.2722 0.0892
vn 0.9580 -0.2725 0.0893
vn 0.0263 -0.2873 -0.9575
vn 0.0175 -0.2913 -0.9565
vn 0.0193 -0.2658 -0.9638
vn 0.0197 -0.2379 -0.9711
vn 0.0781 0.9957 -0.0498
vn 0.0389 0.9992 -0.0002
vn 0.9935 -0.1120 -0.0219
vn 0.9935 -0.1120 -0.0220
vn 0.9969 -0.0620 -0.0484
vn 0.9969 -0.0622 -0.0477
vn 0.9541 -0.2917 -0.0677
vn 0.9537 -0.2934 -0.0665
vn 0.0990 -0.1461 -0.9843
vn 0.0712 -0.1488 -0.9863
vn 0.0172 0.1013 -0.9947
vn 0.0174 0.1030 -0.9945
vn 0.0175 0.0996 -0.9949
vn 0.0164 0.3635 0.9314
vn 0.0164 0.3621 0.9320
vn 0.0165 0.3648 0.9310
vn 1.0000 -0.0021 0.0004
vn 1.0000 -0.0029 0.0007
vn 1.0000 -0.0010 -0.0000
vn 1.0000 -0.0004 0.0001
vn 1.0000 -0.0004 0.0000
vn 1.0000 -0.0003 0.0001
vn 1.0000 -0.0001 0.0002
vn 1.0000 -0.0002 0.0002
vn 1.0000 -0.0005 0.0002
vn 1.0000 -0.0039 0.0013
vn 1.0000 -0.0016 0.0005
vn 1.0000 -0.0016 0.0000
vn 1.0000 -0.0008 0.0003
vn 1.0000 -0.0006 0.0002
vn 1.0000 -0.0011 -0.0004
vn 1.0000 -0.0016 -0.0005
vn 1.0000 -0.0008 -0.0003
vn 1.0000 -0.0009 -0.0003
vn 1.0000 -0.0006 -0.0002
vn 1.0000 -0.0021 -0.0004
vn 1.0000 -0.0029 -0.0007
vn 1.0000 -0.0039 -0.0013
vn 1.0000 -0.0044 -0.0015
vn 1.0000 -0.0004 -0.0001
vn 1.0000 -0.0003 -0.0001
vn 1.0000 -0.0002 -0.0002
vn 1.0000 -0.0001 -0.0002
vn 1.0000 -0.0044 0.0015
vn 1.0000 -0.0007 0.0002
vn 0.1201 0.9622 -0.2446
vn 0.1422 0.9898 -0.0013
vn 0.1868 0.9424 -0.2774
vn 0.0545 0.9959 0.0720
vn 0.0716 0.9890 0.1296
vn 0.1220 0.9875 0.1003
vn 0.1748 0.9832 0.0519
vn 0.2208 0.9647 -0.1435
vn 0.2516 0.8979 -0.3613
vn 0.2855 0.8861 -0.3652
vn 0.2484 0.9532 -0.1724
vn 0.2635 0.5781 -0.7722
vn 0.3087 0.7561 -0.5770
vn 0.2971 0.5733 -0.7636
vn 0.2830 0.7624 -0.5819
vn 0.1384 0.4858 -0.8631
vn 0.1710 0.2486 -0.9534
vn 0.0895 0.2025 -0.9752
vn 0.2022 0.5090 -0.8367
vn 0.2424 0.3697 -0.8970
vn 0.2045 0.1851 -0.9612
vn 0.1579 0.1485 -0.9762
vn 0.1101 0.1283 -0.9856
vn -0.0014 0.9782 -0.2076
vn -0.0169 0.9948 0.1006
vn -0.0176 0.9871 0.1588
vn 0.0238 0.4879 -0.8726
vn 0.1102 0.7926 -0.5997
vn 0.0153 0.8018 -0.5974
vn 0.0322 0.1413 -0.9894
vn 0.0265 0.1982 -0.9798
vn -0.0925 0.9921 0.0844
vn -0.0973 0.9953 -0.0031
vn -0.1070 0.9941 -0.0190
vn -0.0957 0.9759 -0.1963
vn -0.0957 0.9703 -0.2221
vn -0.0758 0.6150 -0.7849
vn -0.0847 0.8491 -0.5214
vn -0.0657 0.5780 -0.8134
vn -0.0830 0.8781 -0.4712
vn -0.0415 0.2954 -0.9545
vn -0.0685 0.4309 -0.8998
vn -0.0562 0.4290 -0.9016
vn 0.2682 0.3928 -0.8797
vn 0.2131 0.7765 -0.5930
vn -0.0714 0.9961 0.0521
vn -0.0597 0.9898 0.1292
vn -0.0758 0.9752 -0.2079
vn -0.0598 0.8160 -0.5749
vn -0.0468 0.5266 -0.8488
vn -0.0220 0.2969 -0.9546
vn 0.0039 0.2150 -0.9766
vn 0.9487 0.2225 0.2246
vn 0.9438 0.2469 0.2197
vn 0.9530 0.1980 0.2292
vn 0.2268 0.8826 -0.4117
vn 0.2379 0.9469 -0.2161
vn 0.3328 0.7102 -0.6204
vn 0.3069 0.8926 -0.3304
vn 0.7446 0.3634 -0.5600
vn 0.6196 0.4801 -0.6210
vn 0.7737 0.2533 -0.5808
vn 0.5308 0.6053 -0.5932
vn 0.8774 0.1611 -0.4519
vn 0.9270 0.0689 -0.3686
vn 0.9996 0.0297 0.0000
vn 0.1749 0.5643 -0.8068
vn 0.1295 0.6727 -0.7285
vn 0.3060 0.6809 -0.6654
vn 0.1372 0.7612 -0.6339
vn 0.1127 0.7612 -0.6386
vn 0.1055 0.7559 -0.6462
vn -0.0702 0.6628 -0.7455
vn -0.0995 0.6788 -0.7275
vn -0.0380 0.6672 -0.7439
vn -0.1027 0.6837 -0.7225
vn -0.1145 0.6587 -0.7436
vn -0.1264 0.6199 -0.7744
vn 0.0743 0.7349 -0.6741
vn 0.0628 0.7321 -0.6783
vn 0.0653 0.7428 -0.6663
vn 0.0280 0.6993 -0.7143
vn -0.2191 0.5298 -0.8193
vn -0.3300 0.4846 -0.8101
vn -0.1653 0.5908 -0.7897
vn -0.4199 0.4078 -0.8108
vn 0.0856 0.7536 -0.6517
vn 0.0689 0.7467 -0.6615
vn -0.5461 0.3482 -0.7619
vn -0.6197 0.2713 -0.7364
vn -0.7997 0.1910 -0.5692
vn -0.9084 0.1029 -0.4053
vn -0.9850 0.0354 -0.1687
vn -0.9953 0.0124 -0.0959
vn -1.0000 0.0021 0.0000
vn 0.2582 0.9661 0.0004
vn 0.3727 0.8473 0.3783
vn 0.2935 0.9559 0.0013
vn 0.2826 0.8015 0.5270
vn -0.0024 0.9993 0.0380
vn 0.1476 0.9858 0.0798
vn 0.2128 0.8479 0.4856
vn -0.0510 0.9982 0.0309
vn 0.3300 0.9440 0.0008
vn 0.4355 0.8113 0.3901
vn -0.0303 0.9995 -0.0000
vn 0.2178 0.9760 0.0000
vn -0.0459 0.9989 -0.0071
vn -0.0523 0.9986 0.0090
vn 0.1181 0.6581 0.7436
vn 0.0401 0.9992 -0.0000
vn 0.1847 0.8131 0.5521
vn 0.0501 0.9987 0.0005
vn 0.5166 0.8531 0.0728
vn 0.4899 0.8718 -0.0049
vn 0.2821 0.5462 0.7887
vn 0.1815 0.5094 0.8412
vn 0.3248 0.7489 0.5777
vn 0.3289 0.8969 0.2957
vn 0.4429 0.8966 0.0000
vn 0.3412 0.9400 0.0002
vn 0.0916 0.3500 0.9322
vn 0.0508 0.1428 0.9884
vn 0.2112 0.9774 0.0000
vn 0.1538 0.6852 0.7120
vn -0.9648 0.2630 -0.0019
vn -0.9672 0.2541 -0.0000
vn -0.9660 0.2584 0.0000
vn -0.9672 0.2542 -0.0000
vn 0.1960 0.5957 0.7789
vn 0.3216 0.6884 0.6502
vn 0.3512 0.7830 0.5135
vn 0.4069 0.8877 0.2156
vn 0.5086 0.8610 -0.0048
vn 0.1605 0.6422 0.7496
vn -0.7786 -0.6170 0.1141
vn -0.8942 -0.4415 0.0743
vn -0.7660 -0.6420 -0.0313
vn -0.9729 -0.2152 0.0850
vn -0.9999 -0.0121 -0.0049
vn -1.0000 -0.0015 -0.0001
vn -1.0000 -0.0011 0.0000
vn -1.0000 -0.0014 -0.0000
vn -0.2034 -0.5648 -0.7998
vn -0.2292 -0.6348 -0.7379
vn -0.1995 -0.3215 -0.9256
vn -0.1933 -0.5255 -0.8285
vn -0.1537 -0.4131 -0.8976
vn -0.1550 -0.4066 -0.9004
vn -0.3561 -0.9344 0.0000
vn 0.0512 0.9987 0.0006
vn 0.0504 0.9987 0.0014
vn -0.3576 -0.9008 -0.2464
vn -0.3007 -0.8448 -0.4425
vn -0.1499 -0.0863 -0.9849
vn -0.2441 -0.0212 -0.9695
vn -0.3985 -0.9163 -0.0391
vn -0.1820 0.1472 0.9722
vn 0.3092 0.9509 0.0139
vn 0.2754 0.9613 0.0034
vn 0.3274 0.9449 -0.0068
vn 0.3217 0.9462 0.0333
vn 0.2908 0.9559 0.0406
vn 0.1287 -0.0109 -0.9916
vn 0.1885 -0.0160 -0.9819
vn 0.2477 -0.0210 -0.9686
vn 0.1677 0.9858 -0.0000
vn 0.1399 0.9899 0.0226
vn 0.1450 0.9894 -0.0000
vn 0.2000 0.9781 0.0571
vn 0.1644 0.9864 0.0003
vn 0.1773 0.9842 -0.0000
vn 0.1951 0.9807 0.0102
vn 0.1784 0.9840 -0.0000
vn 0.3544 0.9351 0.0000
vn 0.2731 0.9620 -0.0000
vn 0.2868 0.9580 0.0000
vn -0.9643 0.2649 -0.0026
vn -0.9651 0.2617 0.0000
vn -0.9632 0.2685 -0.0065
vn -0.9652 0.2615 0.0000
vn -0.9665 0.2565 -0.0000
vn 0.5490 0.8358 -0.0000
vn 0.3873 0.9220 0.0000
vn -0.9613 0.2755 -0.0092
vn -0.9593 0.2823 -0.0116
vn 0.3584 0.9336 -0.0000
vn 0.2268 0.8826 0.4117
vn 0.2379 0.9469 0.2161
vn 0.3069 0.8926 0.3304
vn 0.3328 0.7102 0.6204
vn 0.7446 0.3634 0.5600
vn 0.6196 0.4801 0.6210
vn 0.5308 0.6053 0.5932
vn 0.7737 0.2533 0.5808
vn 0.8774 0.1611 0.4519
vn 0.9270 0.0689 0.3686
vn 0.1749 0.5643 0.8068
vn 0.1295 0.6727 0.7285
vn 0.1372 0.7612 0.6339
vn 0.3060 0.6809 0.6654
vn 0.1127 0.7612 0.6386
vn 0.1055 0.7559 0.6462
vn -0.0702 0.6628 0.7455
vn -0.0995 0.6789 0.7275
vn -0.1027 0.6837 0.7225
vn -0.0380 0.6672 0.7439
vn -0.1145 0.6587 0.7436
vn -0.1264 0.6199 0.7744
vn 0.0743 0.7349 0.6741
vn 0.0628 0.7321 0.6783
vn 0.0280 0.6993 0.7143
vn 0.0653 0.7428 0.6663
vn -0.2191 0.5298 0.8193
vn -0.3300 0.4846 0.8101
vn -0.4199 0.4078 0.8108
vn -0.1653 0.5908 0.7897
vn 0.0856 0.7536 0.6517
vn 0.0689 0.7467 0.6615
vn -0.5461 0.3482 0.7619
vn -0.6197 0.2713 0.7364
vn -0.7997 0.1910 0.5692
vn -0.9084 0.1029 0.4053
vn -0.9850 0.0354 0.1687
vn -0.9953 0.0124 0.0959
vn 0.2582 0.9661 -0.0004
vn 0.3727 0.8474 -0.3783
vn 0.2826 0.8015 -0.5270
vn 0.2935 0.9560 -0.0013
vn -0.0024 0.9993 -0.0380
vn 0.1476 0.9858 -0.0798
vn -0.0510 0.9982 -0.0309
vn 0.2128 0.8479 -0.4856
vn 0.3300 0.9440 -0.0008
vn 0.4356 0.8113 -0.3901
vn -0.0459 0.9989 0.0071
vn -0.0523 0.9986 -0.0090
vn 0.1181 0.6581 -0.7436
vn 0.0501 0.9987 -0.0005
vn 0.1847 0.8131 -0.5521
vn 0.5166 0.8531 -0.0728
vn 0.4899 0.8718 0.0049
vn 0.2821 0.5462 -0.7887
vn 0.1815 0.5094 -0.8412
vn 0.3248 0.7489 -0.5777
vn 0.3289 0.8969 -0.2957
vn 0.3412 0.9400 -0.0002
vn 0.0916 0.3500 -0.9322
vn 0.0508 0.1428 -0.9884
vn 0.1538 0.6852 -0.7120
vn -0.9648 0.2630 0.0019
vn 0.1960 0.5957 -0.7789
vn 0.3216 0.6884 -0.6502
vn 0.3512 0.7830 -0.5135
vn 0.4068 0.8877 -0.2156
vn 0.5086 0.8610 0.0048
vn 0.1605 0.6422 -0.7496
vn -0.7786 -0.6170 -0.1141
vn -0.8942 -0.4415 -0.0743
vn -0.9729 -0.2152 -0.0850
vn -0.7660 -0.6420 0.0313
vn -0.9999 -0.0121 0.0049
vn -1.0000 -0.0015 0.0001
vn -0.2034 -0.5648 0.7998
vn -0.2292 -0.6348 0.7379
vn -0.1933 -0.5255 0.8285
vn -0.1995 -0.3215 0.9256
vn -0.2553 -0.6770 0.6903
vn -0.3340 -0.8764 0.3468
vn 0.0512 0.9987 -0.0006
vn 0.0504 0.9987 -0.0014
vn -0.3052 -0.5915 0.7463
vn -0.3007 -0.8448 0.4425
vn -0.3576 -0.9008 0.2464
vn -0.4228 -0.6169 0.6638
vn -0.1820 0.1472 -0.9722
vn 0.3342 0.9425 -0.0011
vn 0.3887 0.9206 0.0384
vn 0.4061 0.9119 0.0587
vn 0.1287 -0.0109 0.9916
vn 0.2477 -0.0210 0.9686
vn 0.1399 0.9899 -0.0226
vn 0.2000 0.9781 -0.0571
vn 0.1643 0.9864 -0.0003
vn 0.1951 0.9807 -0.0102
vn -0.9643 0.2649 0.0026
vn -0.9633 0.2685 0.0065
vn -0.9613 0.2755 0.0091
vn -0.9593 0.2823 0.0116
vn 0.1372 0.9903 0.0205
vn 0.1460 0.9891 0.0175
vn 0.1634 0.9865 0.0049
vn 0.1621 0.9868 -0.0001
vn 0.1564 0.9877 -0.0041
vn 0.1250 0.9921 0.0052
vn 0.1459 0.9893 -0.0023
vn 0.1210 0.9927 -0.0027
vn 0.1085 0.9941 -0.0053
vn 0.1085 0.9941 -0.0082
vn 0.0721 0.9974 0.0071
vn 0.0638 0.9980 0.0022
vn 0.0316 0.9993 0.0215
vn 0.0533 0.9986 -0.0058
vn 0.0709 0.9973 -0.0211
vn 0.0331 0.9995 0.0005
vn 0.0333 0.9994 0.0007
vn 0.0345 0.9994 0.0002
vn 0.0349 0.9994 0.0000
vn 0.0350 0.9994 -0.0001
vn 0.0356 0.9994 -0.0006
vn 0.0358 0.9994 -0.0010
vn -0.9946 0.1040 -0.0000
vn -0.8905 -0.4338 -0.1369
vn -0.9826 -0.1858 0.0001
vn -0.8905 -0.3836 -0.2445
vn -0.8905 -0.3072 -0.3354
vn -0.8905 -0.2100 -0.4035
vn -0.8906 -0.0984 -0.4441
vn -0.8905 0.0199 -0.4545
vn -0.8905 0.1369 -0.4338
vn -0.8905 0.2445 -0.3836
vn -0.8905 0.3355 -0.3072
vn -0.8906 0.4035 -0.2100
vn -0.8291 0.5459 -0.1209
vn -0.7098 -0.0309 -0.7037
vn -0.7098 -0.2120 -0.6718
vn -0.7098 -0.3786 -0.5940
vn -0.7098 -0.5194 -0.4758
vn -0.7098 -0.6249 -0.3251
vn -0.7098 -0.6877 -0.1523
vn -0.7101 -0.7041 0.0000
vn -0.7101 0.7041 -0.0000
vn -0.7098 0.6718 -0.2120
vn -0.7098 0.5940 -0.3786
vn -0.7098 0.4758 -0.5194
vn -0.7098 0.3251 -0.6249
vn -0.7098 0.1523 -0.6877
vn -0.8905 -0.3836 0.2445
vn -0.8290 -0.5333 0.1683
vn -0.8905 -0.3073 0.3355
vn -0.8906 -0.2100 0.4035
vn -0.8906 -0.0984 0.4441
vn -0.8905 0.0199 0.4545
vn -0.8906 0.1369 0.4338
vn -0.8905 0.2445 0.3836
vn -0.8905 0.3355 0.3072
vn -0.8905 0.4035 0.2100
vn -0.8906 0.4441 0.0984
vn -0.7098 -0.0309 0.7037
vn -0.7098 -0.2120 0.6718
vn -0.7098 -0.3786 0.5940
vn -0.7098 -0.5194 0.4758
vn -0.7098 -0.6249 0.3251
vn -0.7098 -0.6877 0.1523
vn -0.7098 0.6718 0.2120
vn -0.7098 0.5940 0.3786
vn -0.7098 0.4758 0.5194
vn -0.7098 0.3251 0.6249
vn -0.7098 0.1523 0.6877
vn -0.0347 0.2940 0.9552
vn -0.0212 0.2199 0.9753
vn -0.0147 0.2095 0.9777
vn -0.0337 0.2904 0.9563
vn 0.0105 0.1988 0.9800
vn 0.0085 0.1522 0.9883
vn -0.0102 0.1806 0.9835
vn -0.0165 0.2850 0.9584
vn 0.4598 0.8249 0.3288
vn 0.4280 0.7653 0.4807
vn 0.4778 0.7265 0.4939
vn 0.5076 0.8064 0.3033
vn 0.3901 0.6835 0.6169
vn 0.4212 0.5775 0.6994
vn 0.4560 0.4780 0.7507
vn 0.4787 0.6862 0.5477
vn 0.5062 0.7926 0.3401
vn 0.3378 0.3405 0.8775
vn 0.3355 0.5215 0.7845
vn 0.2654 0.3181 0.9102
vn -0.0102 0.9196 0.3927
vn -0.0156 0.9791 0.2030
vn -0.0626 0.9777 0.2006
vn -0.0598 0.9235 0.3790
vn -0.0169 0.9999 -0.0000
vn -0.0635 0.9980 -0.0000
vn -0.0819 0.9966 -0.0000
vn -0.0807 0.9759 0.2025
vn -0.0779 0.9215 0.3805
vn -0.1215 0.2952 0.9477
vn -0.1386 0.4380 0.8882
vn -0.1436 0.4358 0.8885
vn -0.1705 0.6339 0.7544
vn -0.0075 0.6630 0.7486
vn -0.0465 0.6566 0.7528
vn -0.0402 0.4514 0.8914
vn -0.0152 0.4592 0.8882
vn -0.0607 0.6526 0.7552
vn -0.0474 0.4462 0.8937
vn -0.0716 0.8225 0.5642
vn -0.0542 0.8231 0.5653
vn -0.0049 0.8219 0.5695
vn 0.2134 0.3123 0.9257
vn 0.1776 0.1611 0.9708
vn 0.2144 0.1487 0.9654
vn 0.1450 0.3097 0.9397
vn 0.1091 0.1661 0.9801
vn 0.0963 0.1135 0.9889
vn 0.1742 0.1168 0.9778
vn 0.2024 0.1071 0.9734
vn 0.0814 0.3006 0.9503
vn 0.0478 0.1541 0.9869
vn 0.0335 0.2903 0.9564
vn 0.0151 0.1465 0.9891
vn 0.0123 0.1018 0.9947
vn 0.0303 0.1019 0.9943
vn 0.4055 0.8416 0.3567
vn 0.3778 0.7765 0.5043
vn 0.3273 0.8652 0.3799
vn 0.2974 0.7940 0.5303
vn 0.2587 0.6882 0.6778
vn 0.3393 0.6814 0.6485
vn 0.1307 0.8957 0.4251
vn 0.1175 0.7968 0.5927
vn 0.2139 0.7964 0.5657
vn 0.2441 0.8788 0.4101
vn 0.0963 0.6772 0.7294
vn 0.1780 0.6852 0.7063
vn 0.1323 0.5111 0.8493
vn 0.0642 0.4970 0.8654
vn 0.2054 0.5222 0.8277
vn 0.2826 0.5217 0.8050
vn 0.2483 0.1594 0.9555
vn 0.0174 0.4779 0.8783
vn -0.0001 0.2827 0.9592
vn 0.0361 0.6680 0.7433
vn 0.0407 0.9084 0.4162
vn 0.0417 0.8102 0.5846
vn 0.5105 0.8450 0.1592
vn 0.4800 0.8586 0.1802
vn 0.5396 0.8349 0.1085
vn 0.5509 0.8346 0.0000
vn 0.5335 0.8458 0.0000
vn 0.4874 0.8732 -0.0000
vn 0.1388 0.9609 0.2396
vn 0.0368 0.9740 0.2237
vn 0.1421 0.9898 -0.0000
vn 0.0328 0.9995 -0.0000
vn 0.2663 0.9379 0.2224
vn 0.3499 0.9149 0.2010
vn 0.3575 0.9339 -0.0000
vn 0.2769 0.9609 0.0000
vn 0.4238 0.8854 0.1907
vn 0.4312 0.9023 -0.0000
vn -0.1197 0.2492 0.9610
vn -0.1894 0.7768 0.6006
vn -0.1941 0.8194 0.5394
vn -0.1988 0.8830 0.4252
vn -0.1960 0.8946 0.4016
vn -0.2009 0.9509 0.2352
vn -0.1995 0.9471 0.2515
vn -0.2032 0.9791 -0.0000
vn -0.2031 0.9792 0.0000
vn 0.0028 0.1599 0.9871
vn 0.0156 0.1117 0.9936
vn -0.0347 0.2940 -0.9552
vn -0.0337 0.2904 -0.9563
vn -0.0147 0.2095 -0.9777
vn -0.0212 0.2200 -0.9753
vn 0.0105 0.1988 -0.9800
vn 0.0085 0.1522 -0.9883
vn -0.0102 0.1807 -0.9835
vn -0.0165 0.2850 -0.9584
vn 0.4598 0.8249 -0.3288
vn 0.5076 0.8064 -0.3033
vn 0.4778 0.7265 -0.4939
vn 0.4282 0.7651 -0.4808
vn 0.3901 0.6835 -0.6169
vn 0.4212 0.5775 -0.6994
vn 0.4560 0.4780 -0.7507
vn 0.4787 0.6862 -0.5477
vn 0.5062 0.7926 -0.3401
vn 0.3378 0.3405 -0.8775
vn 0.3355 0.5216 -0.7845
vn 0.2654 0.3181 -0.9102
vn -0.0102 0.9196 -0.3927
vn -0.0598 0.9235 -0.3790
vn -0.0626 0.9777 -0.2006
vn -0.0156 0.9791 -0.2030
vn -0.0807 0.9759 -0.2025
vn -0.0779 0.9215 -0.3805
vn -0.1215 0.2952 -0.9477
vn -0.1436 0.4358 -0.8885
vn -0.1386 0.4380 -0.8882
vn -0.1705 0.6339 -0.7544
vn -0.0075 0.6630 -0.7486
vn -0.0152 0.4592 -0.8882
vn -0.0402 0.4514 -0.8914
vn -0.0465 0.6565 -0.7529
vn -0.0607 0.6526 -0.7552
vn -0.0474 0.4462 -0.8937
vn -0.0542 0.8231 -0.5653
vn -0.0716 0.8225 -0.5642
vn -0.0049 0.8220 -0.5695
vn 0.2144 0.1487 -0.9654
vn 0.1776 0.1612 -0.9708
vn 0.2134 0.3123 -0.9257
vn 0.1450 0.3097 -0.9397
vn 0.1091 0.1661 -0.9801
vn 0.0964 0.1135 -0.9888
vn 0.1743 0.1168 -0.9777
vn 0.2024 0.1071 -0.9734
vn 0.0478 0.1541 -0.9869
vn 0.0814 0.3006 -0.9503
vn 0.0335 0.2903 -0.9563
vn 0.0151 0.1465 -0.9891
vn 0.0123 0.1019 -0.9947
vn 0.0303 0.1019 -0.9943
vn 0.3779 0.7765 -0.5042
vn 0.4054 0.8417 -0.3567
vn 0.3273 0.8652 -0.3799
vn 0.2975 0.7939 -0.5303
vn 0.2587 0.6882 -0.6778
vn 0.3393 0.6814 -0.6485
vn 0.1307 0.8957 -0.4251
vn 0.2441 0.8788 -0.4101
vn 0.2139 0.7964 -0.5657
vn 0.1175 0.7969 -0.5926
vn 0.0963 0.6772 -0.7294
vn 0.1780 0.6849 -0.7065
vn 0.0642 0.4970 -0.8654
vn 0.1323 0.5111 -0.8493
vn 0.2054 0.5221 -0.8278
vn 0.2827 0.5217 -0.8049
vn 0.2483 0.1594 -0.9555
vn -0.0000 0.2829 -0.9591
vn 0.0169 0.4777 -0.8783
vn 0.0361 0.6681 -0.7432
vn 0.0417 0.8102 -0.5846
vn 0.0406 0.9085 -0.4159
vn 0.4798 0.8587 -0.1802
vn 0.5105 0.8450 -0.1592
vn 0.5396 0.8349 -0.1085
vn 0.0368 0.9740 -0.2237
vn 0.1388 0.9609 -0.2395
vn 0.2662 0.9379 -0.2224
vn 0.3499 0.9150 -0.2010
vn 0.4237 0.8855 -0.1908
vn -0.1197 0.2492 -0.9610
vn -0.1894 0.7768 -0.6006
vn -0.1960 0.8946 -0.4016
vn -0.1988 0.8830 -0.4252
vn -0.1941 0.8194 -0.5394
vn -0.1995 0.9471 -0.2515
vn -0.2009 0.9509 -0.2352
vn 0.0028 0.1600 -0.9871
vn 0.0156 0.1117 -0.9936
vn -0.1764 0.9191 -0.3522
vn -0.1700 0.9685 -0.1821
vn -0.1765 0.9542 -0.2414
vn -0.1680 0.8984 -0.4058
vn -0.1533 0.8430 -0.5156
vn -0.1262 0.7982 -0.5891
vn -0.1041 0.6934 -0.7130
vn -0.0785 0.6151 -0.7845
vn -0.0643 0.4840 -0.8727
vn -0.0511 0.4171 -0.9074
vn -0.0442 0.3269 -0.9440
vn -0.0302 0.2913 -0.9562
vn -0.0254 0.2614 -0.9649
vn -0.0302 0.2913 -0.9561
vn -0.0109 0.2526 -0.9675
vn -0.0266 0.2944 0.9553
vn -0.0002 0.2798 0.9600
vn -0.0200 0.2596 0.9655
vn -0.0440 0.3164 0.9476
vn -0.0511 0.4233 0.9045
vn -0.0638 0.4795 0.8752
vn -0.0791 0.6268 0.7751
vn -0.1033 0.6876 0.7187
vn -0.1264 0.8042 0.5807
vn -0.1524 0.8346 0.5294
vn -0.1674 0.8971 0.4089
vn -0.1761 0.9152 0.3625
vn -0.1764 0.9530 0.2464
vn -0.1701 0.9691 0.1789
vn -0.1668 0.9853 0.0365
vn -0.1666 0.9851 -0.0417
s 1
f 1/1/1 2/2/2 3/3/3
f 1/1/1 4/4/4 2/2/2
f 5/5/5 2/2/2 6/6/6
f 5/5/5 7/7/7 2/2/2
f 8/8/8 7/7/7 9/9/9
f 8/8/8 10/10/10 7/7/7
f 11/11/11 12/12/12 13/13/13
f 11/11/11 14/14/14 12/12/12
f 15/15/15 16/16/16 17/17/17
f 15/15/15 18/18/18 16/16/16
f 5/5/5 19/19/19 20/20/20
f 5/5/5 6/6/6 19/19/19
f 5/5/5 21/21/21 22/22/22
f 5/5/5 20/20/20 21/21/21
f 23/23/23 18/24/24 24/25/25
f 25/26/26 26/27/27 27/28/28
f 25/26/26 28/29/29 26/27/27
f 15/15/30 29/30/31 30/31/32
f 15/15/30 31/32/33 29/30/31
f 15/15/30 30/31/32 18/18/34
f 32/33/35 18/24/24 33/34/36
f 32/33/35 34/35/37 18/24/24
f 35/36/38 29/37/39 33/34/36
f 35/36/38 36/38/40 29/37/39
f 37/39/41 38/40/42 39/41/43
f 40/42/44 37/39/41 39/41/43
f 41/43/45 42/44/46 43/45/47
f 41/43/45 44/46/48 42/44/46
f 10/10/10 43/47/49 3/3/3
f 10/10/10 45/48/50 43/47/49
f 46/49/51 47/50/52 48/51/53
f 46/49/51 49/52/54 47/50/52
f 50/53/55 51/54/56 52/55/57
f 50/53/55 53/56/58 51/54/56
f 54/57/59 52/55/57 55/58/60
f 54/57/59 50/53/55 52/55/57
f 56/59/61 55/58/60 57/60/62
f 56/59/61 54/57/59 55/58/60
f 58/61/63 59/62/64 57/63/62
f 58/61/63 60/64/65 59/62/64
f 61/65/66 59/66/67 62/67/68
f 61/65/66 63/68/69 59/66/67
f 64/69/70 42/70/46 44/71/48
f 64/69/70 65/72/71 42/70/46
f 66/73/72 1/1/1 67/74/73
f 66/73/72 68/75/74 1/1/1
f 11/76/75 67/77/75 1/78/75
f 13/13/13 67/79/76 11/11/11
f 13/13/13 66/80/77 67/79/76
f 69/81/78 70/82/79 71/83/80
f 69/81/78 72/84/81 70/82/79
f 73/85/82 74/86/83 75/87/84
f 73/85/82 76/88/85 74/86/83
f 77/89/86 78/90/87 79/91/88
f 80/92/89 79/91/88 78/90/87
f 80/92/89 81/93/90 79/91/88
f 80/92/89 82/94/91 81/93/90
f 83/95/92 84/96/93 77/97/94
f 77/98/95 85/99/96 86/100/97
f 77/98/95 84/101/98 85/99/96
f 69/102/99 87/103/100 72/104/101
f 88/105/102 89/106/103 90/107/102
f 88/105/102 91/108/104 89/106/103
f 92/109/105 93/110/105 94/111/105
f 93/110/105 92/109/105 95/112/105
f 96/113/106 95/112/105 92/109/105
f 36/114/107 97/115/108 98/116/109
f 92/117/110 97/115/108 36/114/107
f 94/118/111 97/115/108 92/117/110
f 99/119/112 98/116/109 97/115/108
f 99/119/112 100/120/113 98/116/109
f 99/119/112 101/121/114 100/120/113
f 102/122/115 103/123/116 104/124/115
f 102/122/115 105/125/116 103/123/116
f 106/126/115 104/124/115 107/127/115
f 106/126/115 102/122/115 104/124/115
f 108/128/117 109/129/118 110/130/119
f 111/131/120 112/132/121 113/133/122
f 114/134/123 58/61/63 115/135/124
f 112/136/125 58/61/63 114/134/123
f 116/137/126 58/61/63 112/136/125
f 117/138/127 118/139/128 119/140/129
f 117/138/127 120/141/130 118/139/128
f 121/142/131 122/143/132 123/144/133
f 121/142/131 124/145/134 122/143/132
f 68/75/74 4/4/4 1/1/1
f 68/75/74 125/146/135 4/4/4
f 126/147/136 127/148/137 128/149/138
f 126/147/136 129/150/139 127/148/137
f 130/151/140 108/152/141 131/153/142
f 108/152/141 132/154/143 131/153/142
f 133/155/144 131/153/142 132/154/143
f 60/64/65 134/156/145 135/157/146
f 60/64/65 136/158/147 134/156/145
f 137/159/148 138/160/149 139/161/150
f 137/159/148 140/162/151 138/160/149
f 87/103/100 37/39/41 141/163/152
f 87/103/100 142/164/153 37/39/41
f 143/165/154 13/166/155 144/167/156
f 68/168/157 145/169/158 146/170/159
f 147/171/115 148/172/115 145/173/115
f 148/172/160 147/171/160 144/174/160
f 145/169/158 68/168/157 147/175/161
f 146/176/162 145/177/163 13/166/155
f 143/178/164 144/179/165 68/168/157
f 144/167/156 13/166/155 148/180/166
f 144/179/165 147/175/161 68/168/157
f 145/177/163 148/180/166 13/166/155
f 69/81/78 149/181/167 86/182/168
f 69/81/78 71/83/80 149/181/167
f 71/83/80 150/183/169 149/181/167
f 71/83/80 151/184/170 150/183/169
f 71/83/80 152/185/171 151/184/170
f 71/83/80 70/82/79 152/185/171
f 153/186/172 82/94/172 80/92/173
f 153/186/172 154/187/174 82/94/172
f 155/188/175 156/189/176 157/190/177
f 155/188/175 158/191/178 156/189/176
f 38/40/42 142/164/153 155/192/175
f 38/40/42 37/39/41 142/164/153
f 23/193/179 16/16/16 18/18/18
f 23/193/179 159/194/180 16/16/16
f 155/192/175 160/195/181 38/40/42
f 155/192/175 157/196/177 160/195/181
f 20/20/20 158/197/178 21/21/21
f 20/20/20 161/198/182 158/197/178
f 162/199/183 163/200/184 164/201/185
f 162/199/183 165/202/186 163/200/184
f 137/159/148 166/203/187 167/204/188
f 137/159/148 168/205/189 166/203/187
f 169/206/190 170/207/191 171/208/192
f 169/206/190 121/209/193 170/207/191
f 167/204/188 172/210/194 173/211/195
f 167/204/188 166/203/187 172/210/194
f 124/145/134 169/212/196 174/213/197
f 124/145/134 121/142/131 169/212/196
f 168/205/189 139/161/150 175/214/198
f 168/205/189 137/159/148 139/161/150
f 176/215/199 164/216/185 177/217/200
f 176/215/199 178/218/201 164/216/185
f 140/162/151 167/204/188 179/219/202
f 140/162/151 137/159/148 167/204/188
f 121/209/193 180/220/203 170/207/191
f 121/209/193 123/221/204 180/220/203
f 179/219/202 173/211/195 181/222/205
f 179/219/202 167/204/188 173/211/195
f 108/152/206 110/223/207 132/154/208
f 128/149/209 120/141/210 117/138/211
f 128/149/209 127/148/212 120/141/210
f 129/150/139 182/224/213 183/225/214
f 129/150/139 126/147/136 182/224/213
f 133/155/144 183/225/214 184/226/215
f 133/155/144 129/150/139 183/225/214
f 185/227/216 186/228/217 131/153/142
f 185/227/216 187/229/218 186/228/217
f 188/230/219 187/229/218 189/231/220
f 188/230/219 186/228/217 187/229/218
f 183/225/214 182/224/213 190/232/221
f 191/233/222 190/232/221 182/224/213
f 191/233/222 192/234/223 190/232/221
f 184/226/215 183/225/214 193/235/224
f 193/235/224 183/225/214 194/236/225
f 190/232/221 194/236/225 183/225/214
f 195/237/226 189/231/220 196/238/227
f 195/237/226 197/239/228 189/231/220
f 198/240/229 18/24/24 34/35/37
f 198/240/229 24/25/25 18/24/24
f 199/241/230 176/242/199 200/243/231
f 177/217/200 200/244/231 176/215/199
f 177/217/200 201/245/232 200/244/231
f 202/246/233 201/245/232 177/217/200
f 203/247/234 204/248/235 205/249/236
f 206/250/237 204/248/235 203/247/234
f 207/251/238 204/248/235 206/250/237
f 208/252/239 209/253/240 210/254/241
f 202/246/233 209/253/240 208/252/239
f 177/217/200 209/253/240 202/246/233
f 210/254/241 209/253/240 211/255/242
f 207/256/238 211/255/242 209/253/240
f 206/257/237 211/255/242 207/256/238
f 212/258/243 40/42/44 213/259/244
f 214/260/245 40/42/44 39/41/43
f 214/260/245 213/259/244 40/42/44
f 160/195/181 215/261/246 38/40/42
f 215/261/246 214/260/245 38/40/42
f 214/260/245 39/41/43 38/40/42
f 176/242/199 199/241/230 160/195/181
f 216/262/247 217/263/248 218/264/249
f 216/262/247 219/265/250 217/263/248
f 220/266/251 221/267/252 222/268/253
f 220/266/251 223/269/254 221/267/252
f 224/270/255 223/269/254 225/271/256
f 224/270/255 221/267/252 223/269/254
f 226/272/257 217/263/248 219/265/250
f 226/272/257 227/273/258 217/263/248
f 228/274/259 229/275/260 230/276/261
f 228/274/259 231/277/262 229/275/260
f 232/278/263 233/279/264 234/280/265
f 232/278/263 235/281/266 233/279/264
f 236/282/267 233/279/264 235/281/266
f 236/282/267 237/283/268 233/279/264
f 231/277/262 238/284/269 229/275/260
f 231/277/262 239/285/270 238/284/269
f 204/248/235 240/286/271 241/287/272
f 204/248/235 26/27/273 240/286/271
f 242/288/274 243/289/275 244/290/276
f 242/288/274 245/291/277 243/289/275
f 246/292/278 245/291/277 247/293/279
f 246/292/278 243/289/275 245/291/277
f 248/294/280 249/295/281 250/296/282
f 248/294/280 251/297/283 249/295/281
f 252/298/284 253/299/285 242/288/286
f 252/298/284 254/300/287 253/299/285
f 230/301/288 255/302/289 228/303/290
f 230/301/288 252/298/291 255/302/289
f 247/293/292 256/304/293 250/296/294
f 247/293/292 257/305/295 256/304/293
f 258/306/296 256/304/293 257/305/295
f 258/306/296 259/307/297 256/304/293
f 260/308/298 256/304/293 259/307/297
f 260/308/298 261/309/299 256/304/293
f 248/294/300 256/304/293 261/309/299
f 248/294/300 250/296/294 256/304/293
f 262/310/301 263/311/302 253/299/285
f 262/310/301 264/312/303 263/311/302
f 258/306/296 263/311/302 264/312/303
f 258/306/296 257/305/295 263/311/302
f 247/293/292 263/311/302 257/305/295
f 247/293/292 245/291/304 263/311/302
f 230/301/305 254/300/287 252/298/284
f 230/301/305 265/313/306 254/300/287
f 266/314/307 254/300/287 265/313/306
f 266/314/307 267/315/308 254/300/287
f 262/310/301 254/300/287 267/315/308
f 262/310/301 253/299/285 254/300/287
f 268/316/309 269/317/310 270/318/311
f 268/316/309 271/319/312 269/317/310
f 217/263/248 271/319/312 218/264/249
f 217/263/248 269/317/310 271/319/312
f 227/273/258 269/317/310 217/263/248
f 227/273/258 272/320/313 269/317/310
f 273/321/314 269/317/310 272/320/313
f 273/321/314 270/318/311 269/317/310
f 238/284/269 274/322/315 229/275/260
f 238/284/269 275/323/316 274/322/315
f 276/324/317 274/322/315 275/323/316
f 276/324/317 277/325/318 274/322/315
f 266/326/307 274/322/315 277/325/318
f 266/326/307 265/327/306 274/322/315
f 230/276/261 274/322/315 265/327/306
f 230/276/261 229/275/260 274/322/315
f 239/285/270 278/328/319 238/284/269
f 239/285/270 279/329/320 278/328/319
f 236/282/267 280/330/321 237/283/268
f 236/282/267 281/331/322 280/330/321
f 220/266/251 280/330/321 281/331/322
f 220/266/251 222/268/253 280/330/321
f 279/329/320 218/264/249 278/328/319
f 279/329/320 216/262/247 218/264/249
f 278/328/319 275/323/316 238/284/269
f 278/328/319 282/332/323 275/323/316
f 218/264/249 282/332/323 278/328/319
f 218/264/249 271/319/312 282/332/323
f 268/316/309 282/332/323 271/319/312
f 268/316/309 283/333/324 282/332/323
f 276/324/317 282/332/323 283/333/324
f 276/324/317 275/323/316 282/332/323
f 232/334/325 284/335/326 285/336/327
f 286/337/328 223/269/254 287/338/329
f 286/337/328 225/271/256 223/269/254
f 288/339/330 26/340/273 28/341/331
f 288/339/330 240/342/271 26/340/273
f 220/266/251 287/338/329 223/269/254
f 220/266/251 289/343/332 287/338/329
f 232/278/263 290/344/333 235/281/266
f 232/278/263 285/345/334 290/344/333
f 236/282/267 290/344/333 291/346/335
f 236/282/267 235/281/266 290/344/333
f 236/282/267 292/347/336 281/331/322
f 236/282/267 291/346/335 292/347/336
f 220/266/251 292/347/336 289/343/332
f 220/266/251 281/331/322 292/347/336
f 293/348/337 232/334/325 234/349/338
f 293/348/337 294/350/339 232/334/325
f 295/351/340 251/297/283 248/294/280
f 249/295/281 296/352/341 250/296/282
f 247/293/279 296/352/341 246/292/278
f 247/293/279 250/296/282 296/352/341
f 297/353/342 204/248/235 241/287/272
f 297/353/342 205/249/236 204/248/235
f 294/350/339 284/335/326 232/334/325
f 294/350/339 298/354/343 284/335/326
f 16/16/16 6/6/6 17/17/17
f 16/16/16 19/19/19 6/6/6
f 124/145/134 299/355/344 122/143/132
f 124/145/134 300/356/345 299/355/344
f 301/357/346 159/194/180 302/358/347
f 301/357/346 303/359/348 159/194/180
f 159/194/180 19/19/19 16/16/16
f 159/194/180 303/359/348 19/19/19
f 300/356/345 174/213/197 304/360/349
f 300/356/345 124/145/134 174/213/197
f 195/237/350 305/361/351 198/240/229
f 195/237/350 306/362/352 305/361/351
f 307/363/353 24/25/25 308/364/354
f 307/363/353 23/23/23 24/25/25
f 23/193/179 302/358/347 159/194/180
f 23/193/179 307/365/355 302/358/347
f 303/359/348 20/20/20 19/19/19
f 303/359/348 161/198/182 20/20/20
f 303/366/348 309/367/356 161/368/182
f 303/366/348 301/369/346 309/367/356
f 310/370/357 300/356/345 162/199/183
f 310/370/357 299/355/344 300/356/345
f 300/356/345 165/202/186 162/199/183
f 300/356/345 304/360/349 165/202/186
f 298/354/343 28/341/331 25/371/358
f 298/354/343 294/350/339 28/341/331
f 294/350/339 288/339/330 28/341/331
f 294/350/339 293/348/337 288/339/330
f 79/372/359 311/373/359 312/374/359
f 79/372/359 81/375/359 311/373/359
f 154/376/360 313/377/360 82/378/360
f 154/376/360 314/379/360 313/377/360
f 77/380/361 312/374/362 315/381/363
f 77/380/361 79/372/362 312/374/362
f 154/376/364 316/382/365 314/379/365
f 154/376/364 153/383/366 316/382/365
f 82/384/367 311/373/367 81/375/367
f 82/384/367 313/385/367 311/373/367
f 153/186/368 317/386/369 316/387/370
f 153/186/368 80/92/371 317/386/369
f 131/153/142 184/226/215 185/227/216
f 131/153/142 133/155/144 184/226/215
f 193/235/224 185/227/216 184/226/215
f 318/388/372 185/227/216 193/235/224
f 319/389/373 185/227/216 318/388/372
f 320/390/374 189/231/220 187/229/218
f 189/231/220 320/390/374 196/238/227
f 320/390/374 321/391/375 196/238/227
f 187/229/218 185/227/216 320/390/374
f 320/390/374 185/227/216 322/392/376
f 319/389/373 322/392/376 185/227/216
f 277/325/318 323/393/377 266/326/307
f 277/325/318 324/394/378 323/393/377
f 277/325/318 325/395/379 324/394/378
f 277/325/318 276/324/317 325/395/379
f 270/318/311 326/396/380 268/316/309
f 270/318/311 327/397/381 326/396/380
f 270/318/311 328/398/382 327/397/381
f 270/318/311 273/321/314 328/398/382
f 259/307/297 329/399/383 330/400/384
f 259/307/297 258/306/296 329/399/383
f 259/307/297 331/401/385 260/308/298
f 259/307/297 330/400/384 331/401/385
f 264/312/303 332/402/386 333/403/387
f 264/312/303 262/310/301 332/402/386
f 264/312/303 329/399/383 258/306/296
f 264/312/303 333/403/387 329/399/383
f 267/315/308 323/404/377 334/405/388
f 267/315/308 266/314/307 323/404/377
f 267/315/308 332/402/386 262/310/301
f 267/315/308 334/405/388 332/402/386
f 283/333/324 325/395/379 276/324/317
f 283/333/324 335/406/389 325/395/379
f 283/333/324 326/396/380 335/406/389
f 283/333/324 268/316/309 326/396/380
f 324/394/378 336/407/390 323/393/377
f 324/394/378 337/408/391 336/407/390
f 324/394/378 338/409/392 337/408/391
f 324/394/378 325/395/379 338/409/392
f 327/397/381 339/410/393 326/396/380
f 327/397/381 340/411/394 339/410/393
f 327/397/381 341/412/395 340/411/394
f 327/397/381 328/398/382 341/412/395
f 330/400/384 342/413/396 343/414/397
f 330/400/384 329/399/383 342/413/396
f 330/400/384 344/415/398 331/401/385
f 330/400/384 343/414/397 344/415/398
f 333/403/387 345/416/399 346/417/400
f 333/403/387 332/402/386 345/416/399
f 333/403/387 342/413/396 329/399/383
f 333/403/387 346/417/400 342/413/396
f 334/405/388 336/418/390 347/419/401
f 334/405/388 323/404/377 336/418/390
f 334/405/388 345/416/399 332/402/386
f 334/405/388 347/419/401 345/416/399
f 335/406/389 338/409/392 325/395/379
f 335/406/389 348/420/402 338/409/392
f 335/406/389 339/410/393 348/420/402
f 335/406/389 326/396/380 339/410/393
f 337/408/391 349/421/403 336/407/390
f 337/408/391 350/422/404 349/421/403
f 338/409/392 350/422/404 337/408/391
f 338/409/392 351/423/405 350/422/404
f 340/411/394 352/424/406 339/410/393
f 340/411/394 353/425/407 352/424/406
f 341/412/395 353/425/407 340/411/394
f 341/412/395 354/426/408 353/425/407
f 342/413/396 355/427/409 343/414/397
f 342/413/396 356/428/410 355/427/409
f 343/414/397 357/429/411 344/415/398
f 343/414/397 355/427/409 357/429/411
f 345/416/399 358/430/412 346/417/400
f 345/416/399 359/431/413 358/430/412
f 346/417/400 356/428/410 342/413/396
f 346/417/400 358/430/412 356/428/410
f 336/418/390 360/432/414 347/419/401
f 336/418/390 349/433/403 360/432/414
f 347/419/401 359/431/413 345/416/399
f 347/419/401 360/432/414 359/431/413
f 348/420/402 351/423/405 338/409/392
f 348/420/402 361/434/415 351/423/405
f 339/410/393 361/434/415 348/420/402
f 339/410/393 352/424/406 361/434/415
f 198/240/229 308/364/354 24/25/25
f 198/240/229 305/361/351 308/364/354
f 181/222/205 170/207/191 180/220/203
f 181/222/205 173/211/195 170/207/191
f 173/211/195 171/208/192 170/207/191
f 173/211/195 172/210/194 171/208/192
f 83/95/92 77/97/94 315/435/416
f 12/436/417 31/437/418 362/438/419
f 12/436/417 32/439/420 31/437/418
f 4/4/4 6/6/6 2/2/2
f 4/4/4 17/17/17 6/6/6
f 7/7/7 3/3/3 2/2/2
f 7/7/7 10/10/10 3/3/3
f 7/7/7 22/22/22 9/9/9
f 7/7/7 5/5/5 22/22/22
f 14/14/14 32/33/35 12/12/12
f 14/14/14 363/440/421 32/33/35
f 85/99/96 69/102/99 86/100/97
f 85/99/96 87/103/100 69/102/99
f 125/146/135 17/17/17 4/4/4
f 125/146/135 15/15/15 17/17/17
f 136/158/147 188/230/219 134/156/145
f 136/158/147 186/228/217 188/230/219
f 112/136/125 111/441/422 116/137/126
f 364/442/423 365/443/424 366/444/425
f 364/442/423 367/445/426 365/443/424
f 317/386/369 78/90/427 368/446/428
f 317/386/369 80/92/371 78/90/427
f 366/444/429 151/184/430 364/442/431
f 366/444/429 150/183/432 151/184/430
f 369/447/433 370/448/434 371/449/435
f 369/447/433 372/450/436 370/448/434
f 373/451/437 75/452/438 74/453/439
f 373/451/437 374/454/438 75/452/438
f 365/455/440 76/456/441 73/457/442
f 365/455/440 375/458/443 76/456/441
f 374/459/444 317/386/445 368/446/446
f 374/459/444 373/460/447 317/386/445
f 365/455/448 367/461/449 376/462/448
f 77/89/86 149/181/167 78/90/87
f 77/89/86 86/182/168 149/181/167
f 78/90/427 150/183/169 368/446/428
f 78/90/427 149/181/167 150/183/169
f 374/459/444 150/183/432 366/444/429
f 374/459/444 368/446/446 150/183/432
f 374/454/438 366/463/450 75/452/438
f 75/87/84 365/443/424 73/85/82
f 75/87/84 366/444/425 365/443/424
f 375/458/451 365/455/448 376/462/448
f 87/103/100 141/163/152 72/104/101
f 72/84/81 141/464/452 70/82/79
f 70/82/79 141/464/452 152/185/171
f 105/125/116 95/465/115 103/123/116
f 105/125/116 93/466/115 95/465/115
f 377/467/453 99/119/112 378/468/454
f 377/467/453 101/121/114 99/119/112
f 379/469/455 380/470/456 381/471/457
f 379/469/455 382/472/458 380/470/456
f 383/473/459 384/474/460 385/475/461
f 386/476/462 385/475/461 384/474/460
f 386/476/462 387/477/463 385/475/461
f 386/476/462 388/478/464 387/477/463
f 386/476/462 389/479/465 388/478/464
f 383/473/459 390/480/466 384/474/460
f 383/473/459 391/481/467 390/480/466
f 391/481/467 392/482/468 390/480/466
f 391/481/467 393/483/469 392/482/468
f 35/484/470 394/485/471 395/486/472
f 35/484/470 100/120/113 394/485/471
f 92/117/110 396/487/473 96/488/474
f 92/117/110 36/114/107 396/487/473
f 100/120/113 397/489/475 394/485/471
f 100/120/113 101/121/114 397/489/475
f 101/121/114 398/490/476 397/489/475
f 101/121/114 377/467/453 398/490/476
f 36/491/107 395/492/472 396/493/473
f 36/491/107 35/494/470 395/492/472
f 399/495/477 400/496/478 401/497/479
f 402/498/480 401/497/479 400/496/478
f 402/498/480 403/499/481 401/497/479
f 90/500/482 107/501/482 88/502/482
f 90/500/482 106/503/482 107/501/482
f 381/471/457 91/108/104 379/469/455
f 381/471/457 89/106/103 91/108/104
f 398/490/476 380/470/456 382/472/458
f 377/467/453 380/470/456 398/490/476
f 378/468/454 380/470/456 377/467/453
f 89/504/483 386/476/462 90/505/484
f 89/504/483 389/479/465 386/476/462
f 93/506/485 393/483/469 94/507/486
f 93/506/485 392/482/468 393/483/469
f 94/507/486 391/481/467 97/508/487
f 94/507/486 393/483/469 391/481/467
f 97/115/487 383/509/459 99/119/488
f 97/115/487 391/510/467 383/509/459
f 102/122/489 390/511/466 105/125/490
f 102/122/489 384/512/460 390/511/466
f 106/126/491 384/512/460 102/122/489
f 106/126/491 386/513/462 384/512/460
f 99/119/488 385/514/461 378/468/492
f 99/119/488 383/509/459 385/514/461
f 380/470/493 388/515/464 381/471/494
f 380/470/493 387/516/463 388/515/464
f 105/517/490 392/482/468 93/506/485
f 105/517/490 390/480/466 392/482/468
f 90/505/484 386/476/462 106/518/491
f 381/471/494 389/519/465 89/106/483
f 381/471/494 388/515/464 389/519/465
f 378/468/492 387/516/463 380/470/493
f 378/468/492 385/514/461 387/516/463
f 394/520/495 399/495/477 395/492/496
f 394/520/495 404/521/497 399/495/477
f 88/522/498 405/523/499 91/524/500
f 88/522/498 406/525/501 405/523/499
f 96/526/502 402/498/480 95/527/503
f 96/526/502 403/499/481 402/498/480
f 396/493/504 403/499/481 96/526/502
f 396/493/504 401/497/479 403/499/481
f 397/528/505 404/521/497 394/520/495
f 397/528/505 407/529/506 404/521/497
f 95/465/503 400/530/478 103/123/507
f 95/465/503 402/531/480 400/530/478
f 398/532/508 407/529/506 397/528/505
f 398/532/508 408/533/509 407/529/506
f 104/124/510 406/534/501 107/127/511
f 104/124/510 409/535/512 406/534/501
f 379/536/513 410/537/514 382/538/515
f 379/536/513 411/539/516 410/537/514
f 103/123/507 409/535/512 104/124/510
f 103/123/507 400/530/478 409/535/512
f 395/492/496 401/497/479 396/493/504
f 395/492/496 399/495/477 401/497/479
f 91/524/500 411/539/516 379/536/513
f 91/524/500 405/523/499 411/539/516
f 107/501/511 406/540/501 88/502/498
f 382/538/515 408/533/509 398/532/508
f 382/538/515 410/537/514 408/533/509
f 408/541/509 409/542/512 407/543/506
f 410/544/514 409/542/512 408/541/509
f 411/545/516 409/542/512 410/544/514
f 405/546/499 409/542/512 411/545/516
f 406/547/501 409/542/512 405/546/499
f 400/548/478 399/549/477 409/542/512
f 399/549/477 404/550/497 409/542/512
f 407/543/506 409/542/512 404/550/497
f 10/10/10 412/551/517 45/48/50
f 10/10/10 8/8/8 412/551/517
f 189/231/220 363/440/518 188/230/219
f 189/231/220 197/239/228 363/440/518
f 188/230/219 14/14/519 134/156/145
f 188/230/219 363/440/518 14/14/519
f 134/156/145 11/11/520 135/157/146
f 134/156/145 14/14/519 11/11/520
f 135/157/146 65/552/521 62/553/522
f 135/157/146 11/11/520 65/552/521
f 21/21/21 87/103/100 22/22/22
f 21/21/21 142/164/153 87/103/100
f 158/191/178 309/367/356 156/189/176
f 158/191/178 161/368/182 309/367/356
f 158/197/178 142/164/153 21/21/21
f 158/197/178 155/192/175 142/164/153
f 163/554/184 177/217/200 164/216/185
f 163/554/184 209/253/240 177/217/200
f 178/555/201 162/199/183 164/201/185
f 178/555/201 310/370/357 162/199/183
f 22/22/22 85/99/96 9/9/9
f 22/22/22 87/103/100 85/99/96
f 26/27/273 207/251/238 27/28/28
f 26/27/273 204/248/235 207/251/238
f 9/9/9 84/101/98 8/8/8
f 9/9/9 85/99/96 84/101/98
f 8/8/8 47/556/52 412/551/517
f 8/8/8 84/101/523 47/556/52
f 253/299/285 245/291/304 242/288/286
f 253/299/285 263/311/302 245/291/304
f 242/288/274 255/302/289 252/298/291
f 242/288/274 244/290/276 255/302/289
f 296/557/341 413/558/524 246/559/278
f 246/559/278 413/558/524 297/353/342
f 246/559/278 241/287/272 243/560/275
f 246/559/278 297/353/342 241/287/272
f 243/289/275 240/342/271 244/290/276
f 243/289/275 241/561/272 240/342/271
f 244/290/276 288/339/330 255/302/289
f 244/290/276 240/342/271 288/339/330
f 255/302/289 293/348/337 228/303/290
f 255/302/289 288/339/330 293/348/337
f 228/303/290 293/348/337 234/349/338
f 228/274/259 233/279/264 231/277/262
f 228/274/259 234/280/265 233/279/264
f 231/277/262 237/283/268 239/285/270
f 231/277/262 233/279/264 237/283/268
f 239/285/270 280/330/321 279/329/320
f 239/285/270 237/283/268 280/330/321
f 279/329/320 222/268/253 216/262/247
f 279/329/320 280/330/321 222/268/253
f 216/262/247 221/267/252 219/265/250
f 216/262/247 222/268/253 221/267/252
f 219/265/250 224/270/255 226/272/257
f 219/265/250 221/267/252 224/270/255
f 413/558/524 296/557/341 414/562/525
f 414/562/525 249/563/281 415/564/526
f 414/562/525 296/557/341 249/563/281
f 415/564/526 251/565/283 416/566/527
f 415/564/526 249/563/281 251/565/283
f 416/566/527 295/567/340 417/568/528
f 416/566/527 251/565/283 295/567/340
f 418/569/529 419/570/530 420/571/531
f 418/569/529 420/571/531 421/572/532
f 418/569/529 421/572/532 422/573/533
f 418/569/529 422/573/533 423/574/534
f 419/570/530 424/575/535 420/571/531
f 419/570/530 425/576/536 424/575/535
f 420/571/531 426/577/537 421/572/532
f 420/571/531 424/575/535 426/577/537
f 421/572/532 427/578/538 422/573/533
f 421/572/532 426/577/537 427/578/538
f 422/573/533 428/579/539 423/574/534
f 422/573/533 427/578/538 428/579/539
f 425/576/536 429/580/540 424/575/535
f 425/576/536 430/581/541 429/580/540
f 424/575/535 431/582/542 426/577/537
f 424/575/535 429/580/540 431/582/542
f 426/577/537 432/583/543 427/578/538
f 426/577/537 431/582/542 432/583/543
f 427/578/538 433/584/544 428/579/539
f 427/578/538 432/583/543 433/584/544
f 430/581/541 434/585/545 429/580/540
f 430/581/541 435/586/546 434/585/545
f 429/580/540 436/587/547 431/582/542
f 429/580/540 434/585/545 436/587/547
f 431/582/542 437/588/548 432/583/543
f 431/582/542 436/587/547 437/588/548
f 432/583/543 438/589/549 433/584/544
f 432/583/543 437/588/548 438/589/549
f 435/586/546 439/590/550 434/585/545
f 434/585/545 439/590/550 436/587/547
f 436/587/547 439/590/550 437/588/548
f 437/588/548 439/590/550 438/589/549
f 440/591/551 441/592/552 442/593/553
f 440/591/551 442/593/553 443/594/554
f 440/591/551 443/594/554 444/595/555
f 440/591/551 445/596/556 446/597/557
f 440/591/551 444/595/555 445/596/556
f 440/591/551 447/598/558 448/599/559
f 440/591/551 446/597/557 447/598/558
f 440/591/551 448/599/559 449/600/560
f 440/591/551 449/600/560 450/601/561
f 440/591/551 450/601/561 441/592/552
f 441/592/552 451/602/562 442/593/553
f 441/592/552 452/603/563 451/602/562
f 442/593/553 453/604/564 443/594/554
f 442/593/553 451/602/562 453/604/564
f 443/594/554 454/605/565 444/595/555
f 443/594/554 453/604/564 454/605/565
f 444/595/555 455/606/566 445/596/556
f 444/595/555 454/605/565 455/606/566
f 456/607/567 448/599/559 447/598/558
f 456/607/567 457/608/568 448/599/559
f 448/599/559 458/609/569 449/600/560
f 448/599/559 457/608/568 458/609/569
f 449/600/560 459/610/570 450/601/561
f 449/600/560 458/609/569 459/610/570
f 450/601/561 452/603/563 441/592/552
f 450/601/561 459/610/570 452/603/563
f 452/603/563 460/611/571 451/602/562
f 452/603/563 461/612/572 460/611/571
f 451/602/562 462/613/573 453/604/564
f 451/602/562 460/611/571 462/613/573
f 453/604/564 463/614/574 454/605/565
f 453/604/564 462/613/573 463/614/574
f 454/605/565 464/615/575 455/606/566
f 454/605/565 463/614/574 464/615/575
f 465/616/576 457/608/568 456/607/567
f 465/616/576 466/617/577 457/608/568
f 457/608/568 467/618/578 458/609/569
f 457/608/568 466/617/577 467/618/578
f 458/609/569 468/619/579 459/610/570
f 458/609/569 467/618/578 468/619/579
f 459/610/570 461/612/572 452/603/563
f 459/610/570 468/619/579 461/612/572
f 461/612/572 469/620/580 460/611/571
f 461/612/572 470/621/581 469/620/580
f 460/611/571 471/622/582 462/613/573
f 460/611/571 469/620/580 471/622/582
f 462/613/573 472/623/583 463/614/574
f 462/613/573 471/622/582 472/623/583
f 463/614/574 473/624/584 464/615/575
f 463/614/574 472/623/583 473/624/584
f 474/625/585 466/617/577 465/616/576
f 474/625/585 475/626/586 466/617/577
f 466/617/577 476/627/587 467/618/578
f 466/617/577 475/626/586 476/627/587
f 467/618/578 477/628/588 468/619/579
f 467/618/578 476/627/587 477/628/588
f 468/619/579 470/621/581 461/612/572
f 468/619/579 477/628/588 470/621/581
f 470/621/581 478/629/589 469/620/580
f 470/621/581 479/630/590 478/629/589
f 469/620/580 480/631/591 471/622/582
f 469/620/580 478/629/589 480/631/591
f 471/622/582 481/632/592 472/623/583
f 471/622/582 480/631/591 481/632/592
f 472/623/583 482/633/593 473/624/584
f 472/623/583 481/632/592 482/633/593
f 483/634/594 475/626/586 474/625/585
f 483/634/594 484/635/595 475/626/586
f 475/626/586 485/636/596 476/627/587
f 475/626/586 484/635/595 485/636/596
f 476/627/587 486/637/597 477/628/588
f 476/627/587 485/636/596 486/637/597
f 477/628/588 479/630/590 470/621/581
f 477/628/588 486/637/597 479/630/590
f 479/630/590 487/638/598 478/629/589
f 479/630/590 488/639/599 487/638/598
f 478/629/589 489/640/600 480/631/591
f 478/629/589 487/638/598 489/640/600
f 480/631/591 490/641/601 481/632/592
f 480/631/591 489/640/600 490/641/601
f 481/632/592 491/642/602 482/633/593
f 481/632/592 490/641/601 491/642/602
f 492/643/603 484/635/595 483/634/594
f 492/643/603 493/644/604 484/635/595
f 484/635/595 494/645/605 485/636/596
f 484/635/595 493/644/604 494/645/605
f 485/636/596 495/646/606 486/637/597
f 485/636/596 494/645/605 495/646/606
f 486/637/597 488/639/599 479/630/590
f 486/637/597 495/646/606 488/639/599
f 496/647/607 497/648/608 498/649/609
f 496/647/607 499/650/610 497/648/608
f 498/649/609 500/651/611 501/652/612
f 498/649/609 497/648/608 500/651/611
f 501/652/612 502/653/613 503/654/614
f 501/652/612 500/651/611 502/653/613
f 503/654/614 504/655/615 505/656/616
f 503/654/614 502/653/613 504/655/615
f 505/656/616 506/657/617 507/658/618
f 505/656/616 504/655/615 506/657/617
f 507/658/618 506/657/617 508/659/619
f 508/659/619 506/657/617 509/660/620
f 509/660/620 504/655/615 510/661/621
f 509/660/620 506/657/617 504/655/615
f 510/661/621 502/653/613 511/662/622
f 510/661/621 504/655/615 502/653/613
f 511/662/622 500/651/611 512/663/623
f 511/662/622 502/653/613 500/651/611
f 512/663/623 497/648/608 513/664/624
f 512/663/623 500/651/611 497/648/608
f 513/664/624 499/650/610 514/665/625
f 513/664/624 497/648/608 499/650/610
f 491/642/602 498/649/609 482/633/593
f 491/642/602 496/647/607 498/649/609
f 482/633/593 501/652/612 473/624/584
f 482/633/593 498/649/609 501/652/612
f 473/624/584 503/654/614 464/615/575
f 473/624/584 501/652/612 503/654/614
f 464/615/575 505/656/616 455/606/566
f 464/615/575 503/654/614 505/656/616
f 455/606/566 507/658/618 445/596/556
f 455/606/566 505/656/616 507/658/618
f 445/596/556 508/659/619 446/597/557
f 445/596/556 507/658/618 508/659/619
f 446/597/557 509/660/620 447/598/558
f 446/597/557 508/659/619 509/660/620
f 447/598/558 510/661/621 456/607/567
f 447/598/558 509/660/620 510/661/621
f 456/607/567 511/662/622 465/616/576
f 456/607/567 510/661/621 511/662/622
f 465/616/576 512/663/623 474/625/585
f 465/616/576 511/662/622 512/663/623
f 474/625/585 513/664/624 483/634/594
f 474/625/585 512/663/623 513/664/624
f 483/634/594 514/665/625 492/643/603
f 483/634/594 513/664/624 514/665/625
f 350/422/404 515/666/626 349/421/403
f 351/423/405 515/666/626 350/422/404
f 353/425/407 515/666/626 352/424/406
f 354/426/408 515/666/626 353/425/407
f 356/428/410 515/667/626 355/427/409
f 355/427/409 515/667/626 357/429/411
f 359/431/413 515/667/626 358/430/412
f 358/430/412 515/667/626 356/428/410
f 349/433/403 515/667/626 360/432/414
f 360/432/414 515/667/626 359/431/413
f 361/434/415 515/666/626 351/423/405
f 352/424/406 515/666/626 361/434/415
f 207/256/238 163/554/184 27/668/28
f 207/256/238 209/253/240 163/554/184
f 27/28/28 165/202/186 25/26/26
f 27/28/28 163/200/184 165/202/186
f 25/371/358 304/669/349 298/354/343
f 25/371/358 165/670/186 304/669/349
f 298/354/343 174/671/197 284/335/326
f 298/354/343 304/669/349 174/671/197
f 284/335/326 169/672/196 285/336/327
f 284/335/326 174/671/197 169/672/196
f 285/345/334 171/208/192 290/344/333
f 285/345/334 169/206/190 171/208/192
f 290/344/333 172/210/194 291/346/335
f 290/344/333 171/208/192 172/210/194
f 291/346/335 172/210/194 292/347/336
f 292/347/336 172/210/194 166/203/187
f 292/347/336 166/203/187 289/343/332
f 289/343/332 168/205/189 287/338/329
f 289/343/332 166/203/187 168/205/189
f 287/338/329 175/214/198 286/337/328
f 287/338/329 168/205/189 175/214/198
f 32/33/35 197/239/627 34/35/37
f 32/33/35 363/440/421 197/239/627
f 34/35/37 195/237/350 198/240/229
f 34/35/37 197/239/627 195/237/350
f 74/86/439 371/673/628 370/674/629
f 74/86/439 76/88/441 371/673/628
f 76/456/441 369/447/630 371/449/628
f 76/456/441 375/458/443 369/447/630
f 373/451/631 370/448/632 372/450/631
f 373/451/631 74/453/633 370/448/632
f 109/675/634 108/676/635 130/677/636
f 113/133/122 130/677/636 111/131/120
f 113/133/122 109/675/634 130/677/636
f 31/437/418 125/678/637 362/438/419
f 31/437/418 15/679/638 125/678/637
f 109/129/118 516/680/639 110/130/119
f 109/129/118 113/681/640 516/680/639
f 113/681/640 112/682/641 516/680/639
f 116/137/126 60/64/65 58/61/63
f 116/137/126 136/158/147 60/64/65
f 136/158/147 131/153/142 186/228/217
f 136/158/147 130/151/140 131/153/142
f 136/158/147 111/441/422 130/151/140
f 116/137/126 111/441/422 136/158/147
f 516/683/642 112/136/643 114/134/644
f 132/154/143 129/150/139 133/155/144
f 132/154/143 127/148/137 129/150/139
f 115/135/124 120/141/130 114/134/123
f 115/135/124 118/139/128 120/141/130
f 127/148/212 132/154/208 120/141/210
f 132/154/208 110/223/207 120/141/210
f 110/223/207 516/683/642 120/141/210
f 120/141/210 516/683/642 114/134/644
f 42/684/645 3/3/3 43/47/49
f 42/684/645 1/1/1 3/3/3
f 45/685/646 41/43/45 43/45/47
f 45/685/646 517/686/647 41/43/45
f 47/556/52 83/687/648 48/688/53
f 47/556/52 84/101/523 83/687/648
f 51/689/649 118/139/128 52/690/650
f 51/689/649 119/140/129 118/139/128
f 52/690/650 115/135/124 55/691/60
f 52/690/650 118/139/128 115/135/124
f 55/691/60 58/61/63 57/63/62
f 55/691/60 115/135/124 58/61/63
f 59/66/67 56/59/61 57/60/62
f 59/66/67 63/68/69 56/59/61
f 59/62/64 135/157/146 62/553/522
f 59/62/64 60/64/65 135/157/146
f 65/692/521 1/693/1 42/694/645
f 65/692/521 11/695/520 1/693/1
f 412/696/651 517/686/647 45/685/646
f 412/696/651 518/697/652 517/686/647
f 65/72/71 61/65/66 62/67/68
f 65/72/71 64/69/70 61/65/66
f 47/50/52 518/697/652 412/696/651
f 47/50/52 49/52/54 518/697/652
f 68/698/653 66/699/654 13/700/655
f 68/701/656 13/702/656 143/703/656
f 146/704/657 125/678/637 68/705/653
f 146/704/657 362/438/419 125/678/637
f 12/436/417 146/704/657 13/706/655
f 12/436/417 362/438/419 146/704/657
f 519/707/658 520/708/659 521/709/660
f 519/707/658 522/710/661 520/708/659
f 523/711/662 520/708/659 524/712/663
f 523/711/662 525/713/664 520/708/659
f 526/714/665 524/712/663 527/715/666
f 526/714/665 528/716/667 524/712/663
f 529/717/668 530/718/669 531/719/670
f 529/717/668 532/720/671 530/718/669
f 533/721/672 534/722/673 535/723/674
f 533/721/672 536/724/675 534/722/673
f 523/711/662 537/725/676 525/713/664
f 523/711/662 538/726/677 537/725/676
f 523/711/662 539/727/678 538/726/677
f 523/711/662 540/728/679 539/727/678
f 541/729/680 542/730/681 535/731/682
f 543/732/683 544/733/684 545/734/685
f 543/732/683 546/735/686 544/733/684
f 533/721/687 547/736/688 548/737/689
f 533/721/687 549/738/690 547/736/688
f 533/721/687 535/723/691 549/738/690
f 550/739/692 535/731/682 551/740/693
f 550/739/692 552/741/694 535/731/682
f 553/742/695 547/743/696 554/744/697
f 553/742/695 552/741/694 547/743/696
f 37/39/41 555/745/698 556/746/699
f 40/42/44 555/745/698 37/39/41
f 557/747/700 558/748/701 559/749/702
f 557/747/700 560/750/703 558/748/701
f 527/715/666 560/751/704 561/752/705
f 527/715/666 522/710/661 560/751/704
f 46/49/51 562/753/706 563/754/707
f 46/49/51 48/51/53 562/753/706
f 564/755/708 51/54/56 53/56/58
f 564/755/708 565/756/709 51/54/56
f 566/757/710 565/756/709 564/755/708
f 566/757/710 567/758/711 565/756/709
f 568/759/712 567/758/711 566/757/710
f 568/759/712 569/760/713 567/758/711
f 570/761/714 571/762/715 572/763/716
f 570/761/714 569/764/713 571/762/715
f 573/765/717 571/766/718 574/767/719
f 573/765/717 575/768/720 571/766/718
f 576/769/721 558/748/701 577/770/722
f 576/769/721 559/749/702 558/748/701
f 578/771/723 519/707/658 579/772/724
f 578/771/723 580/773/73 519/707/658
f 529/774/725 519/775/725 580/776/725
f 532/720/671 580/777/726 578/778/77
f 532/720/671 529/717/668 580/777/726
f 581/779/727 582/780/728 583/781/729
f 581/779/727 584/782/730 582/780/728
f 585/783/731 586/784/732 587/785/733
f 585/783/731 588/786/734 586/784/732
f 589/787/735 590/788/736 591/789/737
f 590/788/736 592/790/738 591/789/737
f 591/789/737 592/790/738 593/791/739
f 593/791/739 592/790/738 594/792/740
f 83/95/92 590/793/741 595/794/742
f 590/795/743 596/796/744 595/797/745
f 590/795/743 597/798/746 596/796/744
f 581/799/747 583/800/748 598/801/749
f 599/802/750 600/803/751 601/804/752
f 599/802/750 602/805/750 600/803/751
f 603/806/753 604/807/753 605/808/753
f 606/809/753 605/808/753 604/807/753
f 607/810/754 605/808/753 606/809/753
f 603/811/755 608/812/756 609/813/757
f 603/811/755 554/814/758 608/812/756
f 603/811/755 605/815/759 554/814/758
f 610/816/760 609/813/757 608/812/756
f 611/817/761 609/813/757 610/816/760
f 612/818/762 609/813/757 611/817/761
f 613/819/763 614/820/764 615/821/764
f 613/819/763 616/822/763 614/820/764
f 617/823/763 616/822/763 613/819/763
f 617/823/763 618/824/763 616/822/763
f 619/825/765 620/826/766 621/827/767
f 622/828/768 623/829/769 624/830/770
f 625/831/771 570/761/714 626/832/772
f 627/833/773 626/832/772 570/761/714
f 627/833/773 624/834/774 626/832/772
f 117/138/127 628/835/775 629/836/776
f 117/138/127 119/140/129 628/835/775
f 630/837/777 631/838/778 632/839/779
f 630/837/777 633/840/780 631/838/778
f 579/772/724 521/709/660 634/841/781
f 579/772/724 519/707/658 521/709/660
f 126/147/136 635/842/782 636/843/783
f 126/147/136 128/149/138 635/842/782
f 637/844/784 619/845/785 638/846/786
f 637/844/784 639/847/787 619/845/785
f 640/848/788 639/847/787 637/844/784
f 572/763/716 641/849/789 642/850/790
f 572/763/716 643/851/791 641/849/789
f 644/852/792 138/160/149 645/853/793
f 644/852/792 139/161/150 138/160/149
f 598/801/749 37/39/41 646/854/794
f 598/801/749 141/163/152 37/39/41
f 647/855/795 648/856/796 532/857/797
f 579/858/798 649/859/799 650/860/800
f 651/861/763 650/862/763 652/863/763
f 652/863/801 648/864/801 651/861/801
f 650/860/800 651/865/802 579/858/798
f 649/866/803 532/857/797 650/867/804
f 647/868/805 579/858/798 648/869/806
f 648/856/796 652/870/807 532/857/797
f 648/869/806 579/858/798 651/865/802
f 650/867/804 532/857/797 652/870/807
f 581/779/727 653/871/808 584/782/730
f 581/779/727 597/872/809 653/871/808
f 584/782/730 654/873/810 151/874/170
f 584/782/730 653/871/808 654/873/810
f 584/782/730 152/875/171 582/780/728
f 584/782/730 151/874/170 152/875/171
f 655/876/811 593/791/811 656/877/812
f 655/876/811 591/789/813 593/791/811
f 657/878/814 658/879/815 659/880/816
f 657/878/814 660/881/817 658/879/815
f 556/746/699 646/854/794 37/39/41
f 556/746/699 661/882/818 646/854/794
f 541/883/819 534/722/673 662/884/820
f 541/883/819 535/723/674 534/722/673
f 663/885/821 660/881/817 657/878/814
f 538/726/677 664/886/822 665/887/823
f 538/726/677 539/727/678 664/886/822
f 666/888/824 667/889/825 668/890/826
f 666/888/824 669/891/827 667/889/825
f 644/852/792 670/892/828 671/893/829
f 644/852/792 672/894/830 670/892/828
f 673/895/831 674/896/832 630/897/833
f 673/895/831 675/898/834 674/896/832
f 672/894/830 676/899/835 670/892/828
f 672/894/830 677/900/836 676/899/835
f 632/839/779 673/901/837 630/837/777
f 632/839/779 678/902/838 673/901/837
f 671/893/829 139/161/150 644/852/792
f 671/893/829 175/214/198 139/161/150
f 660/903/817 669/904/827 658/905/815
f 660/903/817 679/906/839 669/904/827
f 645/853/793 672/894/830 644/852/792
f 645/853/793 680/907/840 672/894/830
f 630/897/833 681/908/841 633/909/842
f 630/897/833 674/896/832 681/908/841
f 680/907/840 677/900/836 672/894/830
f 680/907/840 682/910/843 677/900/836
f 619/845/844 639/847/845 620/911/846
f 128/149/209 629/836/847 635/842/848
f 128/149/209 117/138/211 629/836/847
f 636/843/783 182/224/213 126/147/136
f 636/843/783 683/912/849 182/224/213
f 640/848/788 683/912/849 636/843/783
f 640/848/788 684/913/850 683/912/849
f 685/914/851 686/915/852 687/916/853
f 685/914/851 637/844/784 686/915/852
f 688/917/854 687/916/853 686/915/852
f 688/917/854 689/918/855 687/916/853
f 690/919/856 182/224/213 683/912/849
f 691/920/857 182/224/213 690/919/856
f 191/233/222 182/224/213 691/920/857
f 692/921/858 683/912/849 684/913/850
f 693/922/859 683/912/849 692/921/858
f 690/919/856 683/912/849 693/922/859
f 694/923/860 689/918/855 695/924/861
f 694/923/860 696/925/862 689/918/855
f 697/926/863 535/731/682 542/730/681
f 697/926/863 551/740/693 535/731/682
f 698/927/864 699/928/865 660/881/817
f 660/903/817 699/929/865 679/906/839
f 699/929/865 700/930/866 679/906/839
f 701/931/867 679/906/839 700/930/866
f 702/932/868 703/933/869 704/934/870
f 705/935/871 704/934/870 703/933/869
f 705/935/871 706/936/872 704/934/870
f 679/906/839 707/937/873 708/938/874
f 679/906/839 709/939/875 707/937/873
f 679/906/839 701/931/867 709/939/875
f 710/940/876 708/938/874 707/937/873
f 708/938/874 710/940/876 705/941/871
f 706/942/872 705/941/871 710/940/876
f 212/258/243 555/745/698 40/42/44
f 711/943/877 555/745/698 212/258/243
f 712/944/878 555/745/698 711/943/877
f 712/944/878 713/945/879 555/745/698
f 713/945/879 663/885/821 555/745/698
f 555/745/698 663/885/821 556/746/699
f 660/881/817 663/885/821 698/927/864
f 714/946/880 715/947/881 716/948/882
f 714/946/880 717/949/883 715/947/881
f 718/950/884 719/951/885 720/952/886
f 718/950/884 721/953/887 719/951/885
f 224/270/255 720/952/886 719/951/885
f 224/270/255 225/271/256 720/952/886
f 226/272/257 715/947/881 227/273/258
f 226/272/257 716/948/882 715/947/881
f 722/954/888 723/955/889 724/956/890
f 722/954/888 725/957/891 723/955/889
f 726/958/892 727/959/893 728/960/894
f 726/958/892 729/961/895 727/959/893
f 730/962/896 727/959/893 731/963/897
f 730/962/896 728/960/894 727/959/893
f 724/956/890 732/964/898 733/965/899
f 724/956/890 723/955/889 732/964/898
f 703/933/869 734/966/900 544/733/684
f 703/933/869 735/967/901 734/966/900
f 736/968/902 737/969/903 738/970/904
f 736/968/902 739/971/905 737/969/903
f 740/972/906 738/970/904 737/969/903
f 740/972/906 741/973/907 738/970/904
f 248/294/280 742/974/908 743/975/909
f 248/294/280 744/976/910 742/974/908
f 745/977/911 746/978/912 747/979/913
f 745/977/911 736/968/914 746/978/912
f 725/980/915 748/981/916 745/977/917
f 725/980/915 722/982/918 748/981/916
f 741/973/919 749/983/920 750/984/921
f 741/973/919 744/976/922 749/983/920
f 751/985/923 749/983/920 752/986/924
f 751/985/923 750/984/921 749/983/920
f 260/308/298 749/983/920 261/309/299
f 260/308/298 752/986/924 749/983/920
f 248/294/300 749/983/920 744/976/922
f 248/294/300 261/309/299 749/983/920
f 753/987/925 754/988/926 755/989/927
f 753/987/925 746/978/912 754/988/926
f 751/985/923 754/988/926 750/984/921
f 751/985/923 755/989/927 754/988/926
f 741/973/919 754/988/926 738/970/928
f 741/973/919 750/984/921 754/988/926
f 725/980/929 747/979/913 756/990/930
f 725/980/929 745/977/911 747/979/913
f 757/991/931 747/979/913 758/992/932
f 757/991/931 756/990/930 747/979/913
f 753/987/925 747/979/913 746/978/912
f 753/987/925 758/992/932 747/979/913
f 759/993/933 760/994/934 761/995/935
f 759/993/933 762/996/936 760/994/934
f 715/947/881 761/995/935 760/994/934
f 715/947/881 717/949/883 761/995/935
f 227/273/258 760/994/934 272/320/313
f 227/273/258 715/947/881 760/994/934
f 273/321/314 760/994/934 762/996/936
f 273/321/314 272/320/313 760/994/934
f 732/964/898 763/997/937 764/998/938
f 732/964/898 723/955/889 763/997/937
f 765/999/939 763/997/937 766/1000/940
f 765/999/939 764/998/938 763/997/937
f 757/1001/931 763/997/937 756/1002/930
f 757/1001/931 766/1000/940 763/997/937
f 725/957/891 763/997/937 723/955/889
f 725/957/891 756/1002/930 763/997/937
f 733/965/899 767/1003/941 768/1004/942
f 733/965/899 732/964/898 767/1003/941
f 730/962/896 769/1005/943 770/1006/944
f 730/962/896 731/963/897 769/1005/943
f 718/950/884 769/1005/943 721/953/887
f 718/950/884 770/1006/944 769/1005/943
f 768/1004/942 717/949/883 714/946/880
f 768/1004/942 767/1003/941 717/949/883
f 767/1003/941 764/998/938 771/1007/945
f 767/1003/941 732/964/898 764/998/938
f 717/949/883 771/1007/945 761/995/935
f 717/949/883 767/1003/941 771/1007/945
f 759/993/933 771/1007/945 772/1008/946
f 759/993/933 761/995/935 771/1007/945
f 765/999/939 771/1007/945 764/998/938
f 765/999/939 772/1008/946 771/1007/945
f 726/1009/947 773/1010/948 774/1011/949
f 286/337/328 720/952/886 225/271/256
f 286/337/328 775/1012/950 720/952/886
f 776/1013/951 544/1014/684 734/1015/900
f 776/1013/951 545/1016/685 544/1014/684
f 718/950/884 775/1012/950 777/1017/952
f 718/950/884 720/952/886 775/1012/950
f 726/958/892 778/1018/953 773/1019/954
f 726/958/892 728/960/894 778/1018/953
f 730/962/896 778/1018/953 728/960/894
f 730/962/896 779/1020/955 778/1018/953
f 730/962/896 780/1021/956 779/1020/955
f 730/962/896 770/1006/944 780/1021/956
f 718/950/884 780/1021/956 770/1006/944
f 718/950/884 777/1017/952 780/1021/956
f 781/1022/957 726/1009/947 782/1023/958
f 781/1022/957 729/1024/959 726/1009/947
f 295/351/340 248/294/280 743/975/909
f 742/974/908 744/976/910 783/1025/960
f 741/973/907 783/1025/960 744/976/910
f 741/973/907 740/972/906 783/1025/960
f 784/1026/961 703/933/869 702/932/868
f 784/1026/961 735/967/901 703/933/869
f 782/1023/958 774/1011/949 785/1027/962
f 782/1023/958 726/1009/947 774/1011/949
f 534/722/673 525/713/664 537/725/676
f 534/722/673 536/724/675 525/713/664
f 632/839/779 786/1028/963 787/1029/964
f 632/839/779 631/838/778 786/1028/963
f 631/838/778 788/1030/965 786/1028/963
f 631/838/778 789/1031/966 788/1030/965
f 662/884/820 537/725/676 790/1032/967
f 662/884/820 534/722/673 537/725/676
f 787/1029/964 678/902/838 632/839/779
f 787/1029/964 791/1033/968 678/902/838
f 792/1034/969 680/1035/840 793/1036/970
f 792/1034/969 682/1037/843 680/1035/840
f 633/1038/842 794/1039/971 795/1040/972
f 633/1038/842 681/1041/841 794/1039/971
f 789/1031/966 633/840/780 795/1042/973
f 789/1031/966 631/838/778 633/840/780
f 790/1032/967 538/726/677 665/887/823
f 790/1032/967 537/725/676 538/726/677
f 796/1043/974 786/1028/963 788/1030/965
f 796/1043/974 797/1044/975 786/1028/963
f 797/1044/975 787/1029/964 786/1028/963
f 797/1044/975 666/888/824 787/1029/964
f 787/1029/964 668/890/826 791/1033/968
f 787/1029/964 666/888/824 668/890/826
f 785/1027/962 545/1016/685 782/1023/958
f 785/1027/962 543/1045/683 545/1016/685
f 782/1023/958 776/1013/951 781/1022/957
f 782/1023/958 545/1016/685 776/1013/951
f 592/1046/359 311/373/359 594/1047/359
f 592/1046/359 312/374/359 311/373/359
f 656/1048/360 313/377/360 314/379/360
f 656/1048/360 593/1049/360 313/377/360
f 590/1050/976 312/374/362 592/1046/362
f 590/1050/976 315/381/363 312/374/362
f 656/1048/977 316/382/365 655/1051/978
f 656/1048/977 314/379/365 316/382/365
f 593/1052/367 311/373/367 313/385/367
f 593/1052/367 594/1047/367 311/373/367
f 655/876/979 317/1053/369 591/789/980
f 655/876/979 316/1054/370 317/1053/369
f 637/844/784 684/913/850 640/848/788
f 637/844/784 685/914/851 684/913/850
f 798/1055/981 684/913/850 685/914/851
f 799/1056/982 684/913/850 798/1055/981
f 692/921/858 684/913/850 799/1056/982
f 687/916/853 689/918/855 800/1057/983
f 800/1057/983 689/918/855 801/1058/984
f 801/1058/984 689/918/855 696/925/862
f 800/1057/983 685/914/851 687/916/853
f 802/1059/985 685/914/851 800/1057/983
f 798/1055/981 685/914/851 802/1059/985
f 766/1000/940 803/1060/986 804/1061/987
f 766/1000/940 757/1001/931 803/1060/986
f 766/1000/940 805/1062/988 765/999/939
f 766/1000/940 804/1061/987 805/1062/988
f 762/996/936 806/1063/989 807/1064/990
f 762/996/936 759/993/933 806/1063/989
f 762/996/936 328/398/382 273/321/314
f 762/996/936 807/1064/990 328/398/382
f 752/986/924 808/1065/991 751/985/923
f 752/986/924 809/1066/992 808/1065/991
f 752/986/924 331/401/385 809/1066/992
f 752/986/924 260/308/298 331/401/385
f 755/989/927 810/1067/993 753/987/925
f 755/989/927 811/1068/994 810/1067/993
f 755/989/927 808/1065/991 811/1068/994
f 755/989/927 751/985/923 808/1065/991
f 758/992/932 803/1069/986 757/991/931
f 758/992/932 812/1070/995 803/1069/986
f 758/992/932 810/1067/993 812/1070/995
f 758/992/932 753/987/925 810/1067/993
f 772/1008/946 805/1062/988 813/1071/996
f 772/1008/946 765/999/939 805/1062/988
f 772/1008/946 806/1063/989 759/993/933
f 772/1008/946 813/1071/996 806/1063/989
f 804/1061/987 814/1072/997 815/1073/998
f 804/1061/987 803/1060/986 814/1072/997
f 804/1061/987 816/1074/999 805/1062/988
f 804/1061/987 815/1073/998 816/1074/999
f 807/1064/990 817/1075/1000 818/1076/1001
f 807/1064/990 806/1063/989 817/1075/1000
f 807/1064/990 341/412/395 328/398/382
f 807/1064/990 818/1076/1001 341/412/395
f 809/1066/992 819/1077/1002 808/1065/991
f 809/1066/992 820/1078/1003 819/1077/1002
f 809/1066/992 344/415/398 820/1078/1003
f 809/1066/992 331/401/385 344/415/398
f 811/1068/994 821/1079/1004 810/1067/993
f 811/1068/994 822/1080/1005 821/1079/1004
f 811/1068/994 819/1077/1002 822/1080/1005
f 811/1068/994 808/1065/991 819/1077/1002
f 812/1070/995 814/1081/997 803/1069/986
f 812/1070/995 823/1082/1006 814/1081/997
f 812/1070/995 821/1079/1004 823/1082/1006
f 812/1070/995 810/1067/993 821/1079/1004
f 813/1071/996 816/1074/999 824/1083/1007
f 813/1071/996 805/1062/988 816/1074/999
f 813/1071/996 817/1075/1000 806/1063/989
f 813/1071/996 824/1083/1007 817/1075/1000
f 815/1073/998 825/1084/1008 826/1085/1009
f 815/1073/998 814/1072/997 825/1084/1008
f 816/1074/999 826/1085/1009 827/1086/1010
f 816/1074/999 815/1073/998 826/1085/1009
f 818/1076/1001 828/1087/1011 829/1088/1012
f 818/1076/1001 817/1075/1000 828/1087/1011
f 341/412/395 829/1088/1012 354/426/408
f 341/412/395 818/1076/1001 829/1088/1012
f 819/1077/1002 830/1089/1013 831/1090/1014
f 819/1077/1002 820/1078/1003 830/1089/1013
f 820/1078/1003 357/429/411 830/1089/1013
f 820/1078/1003 344/415/398 357/429/411
f 821/1079/1004 832/1091/1015 833/1092/1016
f 821/1079/1004 822/1080/1005 832/1091/1015
f 822/1080/1005 831/1090/1014 832/1091/1015
f 822/1080/1005 819/1077/1002 831/1090/1014
f 814/1081/997 834/1093/1017 825/1094/1008
f 814/1081/997 823/1082/1006 834/1093/1017
f 823/1082/1006 833/1092/1016 834/1093/1017
f 823/1082/1006 821/1079/1004 833/1092/1016
f 824/1083/1007 827/1086/1010 835/1095/1018
f 824/1083/1007 816/1074/999 827/1086/1010
f 817/1075/1000 835/1095/1018 828/1087/1011
f 817/1075/1000 824/1083/1007 835/1095/1018
f 794/1039/971 682/1037/843 792/1034/969
f 794/1039/971 681/1041/841 682/1037/843
f 682/910/843 674/896/832 677/900/836
f 682/910/843 681/908/841 674/896/832
f 677/900/836 675/898/834 676/899/835
f 677/900/836 674/896/832 675/898/834
f 83/95/92 315/435/416 590/793/741
f 530/1096/1019 548/1097/1020 550/1098/1021
f 530/1096/1019 836/1099/1022 548/1097/1020
f 521/709/660 525/713/664 536/724/675
f 521/709/660 520/708/659 525/713/664
f 524/712/663 522/710/661 527/715/666
f 524/712/663 520/708/659 522/710/661
f 524/712/663 540/728/679 523/711/662
f 524/712/663 528/716/667 540/728/679
f 531/719/670 550/739/692 837/1100/1023
f 531/719/670 530/718/669 550/739/692
f 596/796/744 597/798/746 581/799/747
f 596/796/744 581/799/747 598/801/749
f 634/841/781 536/724/675 533/721/672
f 634/841/781 521/709/660 536/724/675
f 642/850/790 688/917/854 686/915/852
f 642/850/790 641/849/789 688/917/854
f 624/834/774 627/833/773 622/1101/1024
f 364/1102/1025 838/1103/1026 367/1104/1027
f 364/1102/1025 839/1105/1028 838/1103/1026
f 317/1053/369 589/787/1029 591/789/980
f 317/1053/369 840/1106/1030 589/787/1029
f 839/1105/1031 151/874/1032 654/873/1033
f 839/1105/1031 364/1102/1034 151/874/1032
f 369/447/433 841/1107/1035 372/450/436
f 369/447/433 842/1108/1036 841/1107/1035
f 373/451/437 588/1109/1037 843/1110/1037
f 373/451/437 586/1111/1038 588/1109/1037
f 838/1112/1039 587/1113/1040 375/458/443
f 838/1112/1039 585/1114/1041 587/1113/1040
f 843/1115/1042 317/1053/1043 373/1116/1044
f 843/1115/1042 840/1106/1045 317/1053/1043
f 838/1112/448 376/462/448 367/461/449
f 590/788/736 653/871/808 597/872/809
f 590/788/736 589/787/735 653/871/808
f 589/787/1029 654/873/810 653/871/808
f 589/787/1029 840/1106/1030 654/873/810
f 843/1115/1042 654/873/1033 840/1106/1045
f 843/1115/1042 839/1105/1031 654/873/1033
f 843/1110/1037 588/1109/1037 839/1117/1038
f 588/786/734 838/1103/1026 839/1105/1028
f 588/786/734 585/783/731 838/1103/1026
f 375/458/451 376/462/448 838/1112/448
f 598/801/749 583/800/748 141/163/152
f 583/781/729 582/780/728 141/1118/452
f 582/780/728 152/875/171 141/1118/452
f 615/821/764 606/1119/763 604/1120/763
f 615/821/764 614/820/764 606/1119/763
f 844/1121/1046 612/818/762 611/817/761
f 844/1121/1046 845/1122/1047 612/818/762
f 846/1123/1048 847/1124/1049 848/1125/1050
f 846/1123/1048 849/1126/1051 847/1124/1049
f 850/1127/1052 851/1128/1053 852/1129/1054
f 853/1130/1055 851/1128/1053 850/1127/1052
f 854/1131/1056 851/1128/1053 853/1130/1055
f 855/1132/1057 851/1128/1053 854/1131/1056
f 856/1133/1058 851/1128/1053 855/1132/1057
f 852/1129/1054 857/1134/1059 858/1135/1060
f 852/1129/1054 851/1128/1053 857/1134/1059
f 858/1135/1060 859/1136/1061 860/1137/1062
f 858/1135/1060 857/1134/1059 859/1136/1061
f 553/1138/1063 861/1139/1064 610/1140/760
f 553/1138/1063 862/1141/1065 861/1139/1064
f 605/815/759 863/1142/1066 554/814/758
f 605/815/759 607/1143/1067 863/1142/1066
f 610/816/760 864/1144/1068 611/817/761
f 610/816/760 861/1145/1064 864/1144/1068
f 611/817/761 865/1146/1069 844/1121/1046
f 611/817/761 864/1144/1068 865/1146/1069
f 554/814/758 862/1147/1065 553/1148/1063
f 554/814/758 863/1142/1066 862/1147/1065
f 866/1149/1070 867/1150/1071 868/1151/1072
f 869/1152/1073 867/1150/1071 866/1149/1070
f 870/1153/1074 867/1150/1071 869/1152/1073
f 602/1154/1075 618/1155/1075 617/1156/1075
f 602/1154/1075 599/1157/1075 618/1155/1075
f 849/1126/1051 601/804/752 600/803/751
f 849/1126/1051 846/1123/1048 601/804/752
f 848/1125/1050 847/1124/1049 865/1146/1069
f 845/1122/1047 865/1146/1069 847/1124/1049
f 845/1122/1047 844/1121/1046 865/1146/1069
f 600/1158/1076 856/1133/1058 855/1132/1057
f 600/1158/1076 602/1159/1077 856/1133/1058
f 604/1160/1078 860/1137/1062 859/1136/1061
f 604/1160/1078 603/1161/1079 860/1137/1062
f 603/811/1079 858/1162/1060 860/1163/1062
f 603/811/1079 609/813/1080 858/1162/1060
f 609/813/1080 852/1164/1054 858/1162/1060
f 609/813/1080 612/818/1081 852/1164/1054
f 613/1165/1082 857/1134/1059 851/1128/1053
f 613/1165/1082 615/1166/1083 857/1134/1059
f 617/823/1084 851/1167/1053 856/1168/1058
f 617/823/1084 613/819/1082 851/1167/1053
f 612/818/1081 850/1169/1052 852/1164/1054
f 612/818/1081 845/1122/1085 850/1169/1052
f 847/1124/1086 854/1170/1056 853/1171/1055
f 847/1124/1086 849/1126/1087 854/1170/1056
f 615/1166/1083 859/1136/1061 857/1134/1059
f 615/1166/1083 604/1160/1078 859/1136/1061
f 602/1159/1077 617/1172/1084 856/1133/1058
f 849/1126/1087 855/1173/1057 854/1170/1056
f 849/1126/1087 600/803/1076 855/1173/1057
f 845/1122/1085 853/1171/1055 850/1169/1052
f 845/1122/1085 847/1124/1086 853/1171/1055
f 861/1139/1088 868/1151/1072 871/1174/1089
f 861/1139/1088 862/1141/1090 868/1151/1072
f 599/1175/1091 872/1176/1092 873/1177/1093
f 599/1175/1091 601/1178/1094 872/1176/1092
f 607/1179/1095 870/1153/1074 869/1152/1073
f 607/1179/1095 606/1180/1096 870/1153/1074
f 863/1181/1097 869/1152/1073 866/1149/1070
f 863/1181/1097 607/1179/1095 869/1152/1073
f 864/1182/1098 871/1174/1089 874/1183/1099
f 864/1182/1098 861/1139/1088 871/1174/1089
f 606/1119/1096 867/1184/1071 870/1185/1074
f 606/1119/1096 614/820/1100 867/1184/1071
f 865/1186/1101 874/1183/1099 875/1187/1102
f 865/1186/1101 864/1182/1098 874/1183/1099
f 616/822/1103 873/1188/1093 876/1189/1104
f 616/822/1103 618/824/1105 873/1188/1093
f 846/1190/1106 877/1191/1107 878/1192/1108
f 846/1190/1106 848/1193/1109 877/1191/1107
f 614/820/1100 876/1189/1104 867/1184/1071
f 614/820/1100 616/822/1103 876/1189/1104
f 862/1141/1090 866/1149/1070 868/1151/1072
f 862/1141/1090 863/1181/1097 866/1149/1070
f 601/1178/1094 878/1192/1108 872/1176/1092
f 601/1178/1094 846/1190/1106 878/1192/1108
f 618/1155/1105 599/1157/1091 873/1194/1093
f 848/1193/1109 875/1187/1102 877/1191/1107
f 848/1193/1109 865/1186/1101 875/1187/1102
f 873/1177/1093 874/1183/1099 876/1195/1104
f 873/1177/1093 875/1187/1102 874/1183/1099
f 873/1177/1093 877/1191/1107 875/1187/1102
f 873/1177/1093 878/1192/1108 877/1191/1107
f 873/1177/1093 872/1176/1092 878/1192/1108
f 876/1195/1104 868/1151/1072 867/1150/1071
f 876/1195/1104 871/1174/1089 868/1151/1072
f 874/1183/1099 871/1174/1089 876/1195/1104
f 527/715/666 879/1196/1110 526/714/665
f 527/715/666 561/752/705 879/1196/1110
f 689/918/855 837/1100/1111 695/924/861
f 689/918/855 688/917/854 837/1100/1111
f 688/917/854 531/719/1112 837/1100/1111
f 688/917/854 641/849/789 531/719/1112
f 641/849/789 529/717/1113 531/719/1112
f 641/849/789 643/851/791 529/717/1113
f 643/851/791 577/1197/1114 529/717/1113
f 643/851/791 575/1198/1115 577/1197/1114
f 539/727/678 598/801/749 646/854/794
f 539/727/678 540/728/679 598/801/749
f 659/880/816 797/1044/975 796/1043/974
f 659/880/816 658/879/815 797/1044/975
f 664/886/822 646/854/794 661/882/818
f 664/886/822 539/727/678 646/854/794
f 667/1199/825 679/906/839 708/938/874
f 667/1199/825 669/904/827 679/906/839
f 658/879/815 666/888/824 797/1044/975
f 658/879/815 669/891/827 666/888/824
f 540/728/679 596/796/744 598/801/749
f 540/728/679 528/716/667 596/796/744
f 544/733/684 705/935/871 703/933/869
f 544/733/684 546/735/686 705/935/871
f 528/716/667 595/797/745 596/796/744
f 528/716/667 526/714/665 595/797/745
f 526/714/665 562/1200/706 595/797/1116
f 526/714/665 879/1196/1110 562/1200/706
f 746/978/912 738/970/928 754/988/926
f 746/978/912 736/968/914 738/970/928
f 736/968/902 748/981/916 739/971/905
f 736/968/902 745/977/917 748/981/916
f 783/1201/960 740/1202/906 880/1203/1117
f 740/1202/906 784/1026/961 880/1203/1117
f 740/1202/906 735/967/901 784/1026/961
f 740/1202/906 737/1204/903 735/967/901
f 737/969/903 734/1015/900 735/1205/901
f 737/969/903 739/971/905 734/1015/900
f 739/971/905 776/1013/951 734/1015/900
f 739/971/905 748/981/916 776/1013/951
f 748/981/916 781/1022/957 776/1013/951
f 748/981/916 722/982/918 781/1022/957
f 722/982/918 729/1024/959 781/1022/957
f 722/954/888 727/959/893 729/961/895
f 722/954/888 724/956/890 727/959/893
f 724/956/890 731/963/897 727/959/893
f 724/956/890 733/965/899 731/963/897
f 733/965/899 769/1005/943 731/963/897
f 733/965/899 768/1004/942 769/1005/943
f 768/1004/942 721/953/887 769/1005/943
f 768/1004/942 714/946/880 721/953/887
f 714/946/880 719/951/885 721/953/887
f 714/946/880 716/948/882 719/951/885
f 716/948/882 224/270/255 719/951/885
f 716/948/882 226/272/257 224/270/255
f 880/1203/1117 881/1206/1118 783/1201/960
f 881/1206/1118 742/1207/908 783/1201/960
f 881/1206/1118 882/1208/1119 742/1207/908
f 882/1208/1119 743/1209/909 742/1207/908
f 882/1208/1119 883/1210/1120 743/1209/909
f 883/1210/1120 295/567/340 743/1209/909
f 883/1210/1120 417/568/528 295/567/340
f 884/1211/1121 885/1212/1122 886/1213/1123
f 884/1211/1121 887/1214/1124 885/1212/1122
f 884/1211/1121 888/1215/1125 887/1214/1124
f 884/1211/1121 889/1216/1126 888/1215/1125
f 886/1213/1123 890/1217/1127 891/1218/1128
f 886/1213/1123 885/1212/1122 890/1217/1127
f 885/1212/1122 892/1219/1129 890/1217/1127
f 885/1212/1122 887/1214/1124 892/1219/1129
f 887/1214/1124 893/1220/1130 892/1219/1129
f 887/1214/1124 888/1215/1125 893/1220/1130
f 888/1215/1125 894/1221/1131 893/1220/1130
f 888/1215/1125 889/1216/1126 894/1221/1131
f 891/1218/1128 895/1222/1132 896/1223/1133
f 891/1218/1128 890/1217/1127 895/1222/1132
f 890/1217/1127 897/1224/1134 895/1222/1132
f 890/1217/1127 892/1219/1129 897/1224/1134
f 892/1219/1129 898/1225/1135 897/1224/1134
f 892/1219/1129 893/1220/1130 898/1225/1135
f 893/1220/1130 899/1226/1136 898/1225/1135
f 893/1220/1130 894/1221/1131 899/1226/1136
f 896/1223/1133 900/1227/1137 901/1228/1138
f 896/1223/1133 895/1222/1132 900/1227/1137
f 895/1222/1132 902/1229/1139 900/1227/1137
f 895/1222/1132 897/1224/1134 902/1229/1139
f 897/1224/1134 903/1230/1140 902/1229/1139
f 897/1224/1134 898/1225/1135 903/1230/1140
f 898/1225/1135 904/1231/1141 903/1230/1140
f 898/1225/1135 899/1226/1136 904/1231/1141
f 901/1228/1138 900/1227/1137 905/1232/1142
f 900/1227/1137 902/1229/1139 905/1232/1142
f 902/1229/1139 903/1230/1140 905/1232/1142
f 903/1230/1140 904/1231/1141 905/1232/1142
f 906/1233/1143 907/1234/1144 908/1235/1145
f 906/1233/1143 909/1236/1146 907/1234/1144
f 906/1233/1143 910/1237/1147 909/1236/1146
f 906/1233/1143 911/1238/1148 910/1237/1147
f 906/1233/1143 912/1239/1149 911/1238/1148
f 906/1233/1143 913/1240/1150 912/1239/1149
f 906/1233/1143 914/1241/1151 913/1240/1150
f 906/1233/1143 915/1242/1152 914/1241/1151
f 906/1233/1143 916/1243/1153 915/1242/1152
f 906/1233/1143 908/1235/1145 916/1243/1153
f 908/1235/1145 917/1244/1154 918/1245/1155
f 908/1235/1145 907/1234/1144 917/1244/1154
f 907/1234/1144 919/1246/1156 917/1244/1154
f 907/1234/1144 909/1236/1146 919/1246/1156
f 909/1236/1146 920/1247/1157 919/1246/1156
f 909/1236/1146 910/1237/1147 920/1247/1157
f 910/1237/1147 921/1248/1158 920/1247/1157
f 910/1237/1147 911/1238/1148 921/1248/1158
f 922/1249/1159 914/1241/1151 923/1250/1160
f 922/1249/1159 913/1240/1150 914/1241/1151
f 914/1241/1151 924/1251/1161 923/1250/1160
f 914/1241/1151 915/1242/1152 924/1251/1161
f 915/1242/1152 925/1252/1162 924/1251/1161
f 915/1242/1152 916/1243/1153 925/1252/1162
f 916/1243/1153 918/1245/1155 925/1252/1162
f 916/1243/1153 908/1235/1145 918/1245/1155
f 918/1245/1155 926/1253/1163 927/1254/1164
f 918/1245/1155 917/1244/1154 926/1253/1163
f 917/1244/1154 928/1255/1165 926/1253/1163
f 917/1244/1154 919/1246/1156 928/1255/1165
f 919/1246/1156 929/1256/1166 928/1255/1165
f 919/1246/1156 920/1247/1157 929/1256/1166
f 920/1247/1157 930/1257/1167 929/1256/1166
f 920/1247/1157 921/1248/1158 930/1257/1167
f 931/1258/1168 923/1250/1160 932/1259/1169
f 931/1258/1168 922/1249/1159 923/1250/1160
f 923/1250/1160 933/1260/1170 932/1259/1169
f 923/1250/1160 924/1251/1161 933/1260/1170
f 924/1251/1161 934/1261/1171 933/1260/1170
f 924/1251/1161 925/1252/1162 934/1261/1171
f 925/1252/1162 927/1254/1164 934/1261/1171
f 925/1252/1162 918/1245/1155 927/1254/1164
f 927/1254/1164 935/1262/1172 936/1263/1173
f 927/1254/1164 926/1253/1163 935/1262/1172
f 926/1253/1163 937/1264/1174 935/1262/1172
f 926/1253/1163 928/1255/1165 937/1264/1174
f 928/1255/1165 938/1265/1175 937/1264/1174
f 928/1255/1165 929/1256/1166 938/1265/1175
f 929/1256/1166 939/1266/1176 938/1265/1175
f 929/1256/1166 930/1257/1167 939/1266/1176
f 940/1267/1177 932/1259/1169 941/1268/1178
f 940/1267/1177 931/1258/1168 932/1259/1169
f 932/1259/1169 942/1269/1179 941/1268/1178
f 932/1259/1169 933/1260/1170 942/1269/1179
f 933/1260/1170 943/1270/1180 942/1269/1179
f 933/1260/1170 934/1261/1171 943/1270/1180
f 934/1261/1171 936/1263/1173 943/1270/1180
f 934/1261/1171 927/1254/1164 936/1263/1173
f 936/1263/1173 944/1271/1181 945/1272/1182
f 936/1263/1173 935/1262/1172 944/1271/1181
f 935/1262/1172 946/1273/1183 944/1271/1181
f 935/1262/1172 937/1264/1174 946/1273/1183
f 937/1264/1174 947/1274/1184 946/1273/1183
f 937/1264/1174 938/1265/1175 947/1274/1184
f 938/1265/1175 948/1275/1185 947/1274/1184
f 938/1265/1175 939/1266/1176 948/1275/1185
f 949/1276/1186 941/1268/1178 950/1277/1187
f 949/1276/1186 940/1267/1177 941/1268/1178
f 941/1268/1178 951/1278/1188 950/1277/1187
f 941/1268/1178 942/1269/1179 951/1278/1188
f 942/1269/1179 952/1279/1189 951/1278/1188
f 942/1269/1179 943/1270/1180 952/1279/1189
f 943/1270/1180 945/1272/1182 952/1279/1189
f 943/1270/1180 936/1263/1173 945/1272/1182
f 945/1272/1182 953/1280/1190 954/1281/1191
f 945/1272/1182 944/1271/1181 953/1280/1190
f 944/1271/1181 955/1282/1192 953/1280/1190
f 944/1271/1181 946/1273/1183 955/1282/1192
f 946/1273/1183 956/1283/1193 955/1282/1192
f 946/1273/1183 947/1274/1184 956/1283/1193
f 947/1274/1184 957/1284/1194 956/1283/1193
f 947/1274/1184 948/1275/1185 957/1284/1194
f 958/1285/1195 950/1277/1187 959/1286/1196
f 958/1285/1195 949/1276/1186 950/1277/1187
f 950/1277/1187 960/1287/1197 959/1286/1196
f 950/1277/1187 951/1278/1188 960/1287/1197
f 951/1278/1188 961/1288/1198 960/1287/1197
f 951/1278/1188 952/1279/1189 961/1288/1198
f 952/1279/1189 954/1281/1191 961/1288/1198
f 952/1279/1189 945/1272/1182 954/1281/1191
f 962/1289/1199 963/1290/1200 964/1291/1201
f 962/1289/1199 965/1292/1202 963/1290/1200
f 965/1292/1202 966/1293/1203 963/1290/1200
f 965/1292/1202 967/1294/1204 966/1293/1203
f 967/1294/1204 968/1295/1205 966/1293/1203
f 967/1294/1204 969/1296/1206 968/1295/1205
f 969/1296/1206 970/1297/1207 968/1295/1205
f 969/1296/1206 971/1298/1208 970/1297/1207
f 971/1298/1208 972/1299/1209 970/1297/1207
f 971/1298/1208 973/1300/1210 972/1299/1209
f 973/1300/1210 974/1301/1211 972/1299/1209
f 974/1301/1211 975/1302/1212 972/1299/1209
f 975/1302/1212 970/1297/1207 972/1299/1209
f 975/1302/1212 976/1303/1213 970/1297/1207
f 976/1303/1213 968/1295/1205 970/1297/1207
f 976/1303/1213 977/1304/1214 968/1295/1205
f 977/1304/1214 966/1293/1203 968/1295/1205
f 977/1304/1214 978/1305/1215 966/1293/1203
f 978/1305/1215 963/1290/1200 966/1293/1203
f 978/1305/1215 979/1306/1216 963/1290/1200
f 979/1306/1216 964/1291/1201 963/1290/1200
f 979/1306/1216 980/1307/1217 964/1291/1201
f 957/1284/1194 965/1292/1202 962/1289/1199
f 957/1284/1194 948/1275/1185 965/1292/1202
f 948/1275/1185 967/1294/1204 965/1292/1202
f 948/1275/1185 939/1266/1176 967/1294/1204
f 939/1266/1176 969/1296/1206 967/1294/1204
f 939/1266/1176 930/1257/1167 969/1296/1206
f 930/1257/1167 971/1298/1208 969/1296/1206
f 930/1257/1167 921/1248/1158 971/1298/1208
f 921/1248/1158 973/1300/1210 971/1298/1208
f 921/1248/1158 911/1238/1148 973/1300/1210
f 911/1238/1148 974/1301/1211 973/1300/1210
f 911/1238/1148 912/1239/1149 974/1301/1211
f 912/1239/1149 975/1302/1212 974/1301/1211
f 912/1239/1149 913/1240/1150 975/1302/1212
f 913/1240/1150 976/1303/1213 975/1302/1212
f 913/1240/1150 922/1249/1159 976/1303/1213
f 922/1249/1159 977/1304/1214 976/1303/1213
f 922/1249/1159 931/1258/1168 977/1304/1214
f 931/1258/1168 978/1305/1215 977/1304/1214
f 931/1258/1168 940/1267/1177 978/1305/1215
f 940/1267/1177 979/1306/1216 978/1305/1215
f 940/1267/1177 949/1276/1186 979/1306/1216
f 949/1276/1186 980/1307/1217 979/1306/1216
f 949/1276/1186 958/1285/1195 980/1307/1217
f 826/1085/1009 825/1084/1008 515/666/626
f 827/1086/1010 826/1085/1009 515/666/626
f 829/1088/1012 828/1087/1011 515/666/626
f 354/426/408 829/1088/1012 515/666/626
f 831/1090/1014 830/1089/1013 515/667/626
f 830/1089/1013 357/429/411 515/667/626
f 833/1092/1016 832/1091/1015 515/667/626
f 832/1091/1015 831/1090/1014 515/667/626
f 825/1094/1008 834/1093/1017 515/667/626
f 834/1093/1017 833/1092/1016 515/667/626
f 835/1095/1018 827/1086/1010 515/666/626
f 828/1087/1011 835/1095/1018 515/666/626
f 705/941/871 667/1199/825 708/938/874
f 705/941/871 546/1308/686 667/1199/825
f 546/735/686 668/890/826 667/889/825
f 546/735/686 543/732/683 668/890/826
f 543/1045/683 791/1309/968 668/1310/826
f 543/1045/683 785/1027/962 791/1309/968
f 785/1027/962 678/1311/838 791/1309/968
f 785/1027/962 774/1011/949 678/1311/838
f 774/1011/949 673/1312/837 678/1311/838
f 774/1011/949 773/1010/948 673/1312/837
f 773/1019/954 675/898/834 673/895/831
f 773/1019/954 778/1018/953 675/898/834
f 778/1018/953 676/899/835 675/898/834
f 778/1018/953 779/1020/955 676/899/835
f 779/1020/955 780/1021/956 676/899/835
f 780/1021/956 670/892/828 676/899/835
f 780/1021/956 777/1017/952 670/892/828
f 777/1017/952 671/893/829 670/892/828
f 777/1017/952 775/1012/950 671/893/829
f 775/1012/950 175/214/198 671/893/829
f 775/1012/950 286/337/328 175/214/198
f 550/739/692 695/924/1218 837/1100/1023
f 550/739/692 551/740/693 695/924/1218
f 551/740/693 694/923/1219 695/924/1218
f 551/740/693 697/926/863 694/923/1219
f 586/784/732 842/1313/1220 587/785/733
f 586/784/732 841/1314/1221 842/1313/1220
f 587/1113/1040 369/447/630 375/458/443
f 587/1113/1040 842/1108/1222 369/447/630
f 373/451/631 841/1107/1223 586/1111/1224
f 373/451/631 372/450/631 841/1107/1223
f 621/1315/1225 638/1316/1226 619/1317/1227
f 623/829/769 638/1316/1226 621/1315/1225
f 623/829/769 622/828/768 638/1316/1226
f 548/1097/1020 634/1318/1228 533/1319/1229
f 548/1097/1020 836/1099/1022 634/1318/1228
f 621/827/767 981/1320/1230 623/1321/1231
f 621/827/767 620/826/766 981/1320/1230
f 623/1321/1231 981/1320/1230 624/1322/1232
f 627/833/773 572/763/716 642/850/790
f 627/833/773 570/761/714 572/763/716
f 686/915/852 637/844/784 642/850/790
f 637/844/784 638/846/786 642/850/790
f 638/846/786 622/1101/1024 642/850/790
f 627/833/773 642/850/790 622/1101/1024
f 981/1323/1233 626/832/1234 624/834/1235
f 639/847/787 636/843/783 635/842/782
f 639/847/787 640/848/788 636/843/783
f 625/831/771 629/836/776 628/835/775
f 625/831/771 626/832/772 629/836/776
f 629/836/847 639/847/845 635/842/848
f 629/836/847 620/911/846 639/847/845
f 629/836/847 981/1323/1233 620/911/846
f 981/1323/1233 629/836/847 626/832/1234
f 558/1324/1236 522/710/661 519/707/658
f 558/1324/1236 560/751/704 522/710/661
f 561/1325/1237 557/747/700 982/1326/1238
f 561/1325/1237 560/750/703 557/747/700
f 562/1200/706 83/687/648 595/797/1116
f 562/1200/706 48/688/53 83/687/648
f 51/689/649 628/835/775 119/140/129
f 51/689/649 565/1327/1239 628/835/775
f 565/1327/1239 625/831/771 628/835/775
f 565/1327/1239 567/1328/711 625/831/771
f 567/1328/711 570/761/714 625/831/771
f 567/1328/711 569/764/713 570/761/714
f 571/766/718 568/759/712 574/767/719
f 571/766/718 569/760/713 568/759/712
f 571/762/715 643/851/791 572/763/716
f 571/762/715 575/1198/1115 643/851/791
f 577/1329/1114 519/1330/658 529/1331/1113
f 577/1329/1114 558/1332/1236 519/1330/658
f 879/1333/1240 982/1326/1238 983/1334/1241
f 879/1333/1240 561/1325/1237 982/1326/1238
f 577/770/722 573/765/717 576/769/721
f 577/770/722 575/768/720 573/765/717
f 562/753/706 983/1334/1241 563/754/707
f 562/753/706 879/1333/1240 983/1334/1241
f 579/1335/1242 532/1336/1243 578/1337/1244
f 579/1338/1245 647/1339/1245 532/1340/1245
f 649/1341/1246 634/1318/1228 836/1099/1022
f 649/1341/1246 579/1342/1242 634/1318/1228
f 530/1096/1019 649/1341/1246 836/1099/1022
f 530/1096/1019 532/1343/1243 649/1341/1246
f 549/738/690 554/1344/1247 547/736/688
f 549/738/690 608/1345/1248 554/1344/1247
f 535/723/691 608/1345/1248 549/738/690
f 535/723/691 610/1346/1249 608/1345/1248
f 552/741/694 610/1347/1250 535/731/682
f 552/741/694 553/742/695 610/1347/1250
f 552/741/694 548/1348/1251 547/743/696
f 552/741/694 550/739/692 548/1348/1251
f 29/30/31 98/1349/1252 30/31/32
f 29/30/31 36/1350/1253 98/1349/1252
f 30/31/32 100/1351/1254 18/18/34
f 30/31/32 98/1349/1252 100/1351/1254
f 18/24/24 35/36/38 33/34/36
f 18/24/24 100/1352/1255 35/36/38
f 29/37/39 32/33/35 33/34/36
f 29/37/39 31/1353/1256 32/33/35
f 984/1354/1257 985/1355/1258 986/1356/1259
f 984/1354/1257 987/1357/1260 985/1355/1258
f 987/1358/1261 988/1359/1262 985/1360/1263
f 987/1358/1261 989/1361/1264 988/1359/1262
f 989/1361/1264 990/1362/1265 988/1359/1262
f 989/1361/1264 991/1363/1266 990/1362/1265
f 991/1364/1267 986/1356/1259 990/1365/1268
f 991/1364/1267 984/1354/1257 986/1356/1259
f 986/1366/1269 988/1367/1269 990/1368/1269
f 986/1366/1269 985/1369/1269 988/1367/1269
f 992/1370/1270 993/1371/1271 994/1372/1272
f 992/1370/1270 995/1373/1273 993/1371/1271
f 982/1326/1238 996/1374/1274 997/1375/1275
f 982/1326/1238 557/747/700 996/1374/1274
f 557/747/700 998/1376/1276 996/1374/1274
f 557/747/700 559/749/702 998/1376/1276
f 992/1370/1270 998/1376/1276 995/1373/1273
f 992/1370/1270 996/1374/1274 998/1376/1276
f 992/1370/1270 997/1375/1275 996/1374/1274
f 999/1377/1277 997/1375/1275 992/1370/1270
f 1000/1378/1278 997/1375/1275 999/1377/1277
f 992/1370/1270 1001/1379/1279 999/1377/1277
f 992/1370/1270 994/1372/1272 1001/1379/1279
f 559/749/702 1002/1380/1280 998/1376/1276
f 1002/1380/1280 995/1373/1273 998/1376/1276
f 1002/1380/1280 1003/1381/1281 995/1373/1273
f 1004/1382/1282 982/1326/1283 997/1375/1284
f 1004/1382/1282 997/1375/1284 1000/1378/1285
f 1005/1383/1286 1006/1384/1287 1007/1385/1288
f 1005/1383/1286 1008/1386/1289 1006/1384/1287
f 559/749/702 1009/1387/1290 1010/1388/1291
f 559/749/702 576/769/721 1009/1387/1290
f 576/769/721 1011/1389/1292 1009/1387/1290
f 576/769/721 573/765/717 1011/1389/1292
f 1005/1383/1286 1011/1389/1292 1008/1386/1289
f 1005/1383/1286 1009/1387/1290 1011/1389/1292
f 1010/1388/1291 1009/1387/1290 1012/1390/1293
f 1005/1383/1286 1012/1390/1293 1009/1387/1290
f 1005/1383/1286 1013/1391/1294 1012/1390/1293
f 1005/1383/1286 1014/1392/1295 1013/1391/1294
f 1005/1383/1286 1007/1385/1288 1014/1392/1295
f 573/765/717 1015/1393/1296 1011/1389/1292
f 1015/1393/1296 1008/1386/1289 1011/1389/1292
f 1015/1393/1296 1016/1394/1297 1008/1386/1289
f 1002/1380/1298 559/749/1299 1010/1388/1300
f 1002/1380/1298 1010/1388/1300 1012/1390/1301
f 1017/1395/1302 1018/1396/1303 1019/1397/1304
f 1017/1395/1302 1020/1398/1305 1018/1396/1303
f 563/754/707 1021/1399/1306 1022/1400/1307
f 563/754/707 983/1334/1241 1021/1399/1306
f 983/1334/1241 1023/1401/1308 1021/1399/1306
f 983/1334/1241 982/1326/1238 1023/1401/1308
f 1017/1395/1302 1023/1401/1308 1020/1398/1305
f 1017/1395/1302 1021/1399/1306 1023/1401/1308
f 1017/1395/1302 1022/1400/1307 1021/1399/1306
f 1024/1402/1309 1022/1400/1307 1017/1395/1302
f 1025/1403/1310 1022/1400/1307 1024/1402/1309
f 1017/1395/1302 1026/1404/1311 1024/1402/1309
f 1017/1395/1302 1019/1397/1304 1026/1404/1311
f 982/1326/1238 1004/1382/1312 1023/1401/1308
f 1004/1382/1312 1020/1398/1305 1023/1401/1308
f 1004/1382/1312 1027/1405/1313 1020/1398/1305
f 1028/1406/1314 563/754/1315 1022/1400/1316
f 1028/1406/1314 1022/1400/1316 1025/1403/1317
f 1029/1407/1318 1030/1408/1319 1031/1409/1320
f 1029/1407/1318 1032/1410/1321 1030/1408/1319
f 49/52/54 1033/1411/1322 1034/1412/1323
f 49/52/54 46/49/51 1033/1411/1322
f 46/49/51 1035/1413/1324 1033/1411/1322
f 46/49/51 563/754/707 1035/1413/1324
f 1029/1407/1318 1035/1413/1324 1032/1410/1321
f 1029/1407/1318 1033/1411/1322 1035/1413/1324
f 1029/1407/1318 1034/1412/1323 1033/1411/1322
f 1036/1414/1325 1034/1412/1323 1029/1407/1318
f 1037/1415/1326 1034/1412/1323 1036/1414/1325
f 1029/1407/1318 1038/1416/1327 1036/1414/1325
f 1029/1407/1318 1031/1409/1320 1038/1416/1327
f 563/754/707 1028/1406/1328 1035/1413/1324
f 1028/1406/1328 1032/1410/1321 1035/1413/1324
f 1028/1406/1328 1039/1417/1329 1032/1410/1321
f 1040/1418/1330 49/52/1331 1034/1412/1332
f 1040/1418/1330 1034/1412/1332 1037/1415/1333
f 1041/1419/1334 1042/1420/1335 1043/1421/1336
f 1041/1419/1334 1044/1422/1337 1042/1420/1335
f 517/686/647 1045/1423/1338 1046/1424/1339
f 517/686/647 518/697/652 1045/1423/1338
f 518/697/652 1047/1425/1340 1045/1423/1338
f 518/697/652 49/52/54 1047/1425/1340
f 1041/1419/1334 1047/1425/1340 1044/1422/1337
f 1041/1419/1334 1045/1423/1338 1047/1425/1340
f 1041/1419/1334 1046/1424/1339 1045/1423/1338
f 1048/1426/1341 1046/1424/1339 1041/1419/1334
f 1049/1427/1342 1046/1424/1339 1048/1426/1341
f 1041/1419/1334 1050/1428/1343 1048/1426/1341
f 1041/1419/1334 1043/1421/1336 1050/1428/1343
f 49/52/54 1040/1418/1344 1047/1425/1340
f 1040/1418/1344 1044/1422/1337 1047/1425/1340
f 1040/1418/1344 1051/1429/1345 1044/1422/1337
f 1052/1430/1346 517/686/1347 1046/1424/1348
f 1052/1430/1346 1046/1424/1348 1049/1427/1349
f 1053/1431/1350 1054/1432/1351 1055/1433/1352
f 1053/1431/1350 1056/1434/1353 1054/1432/1351
f 44/46/48 1057/1435/1354 1058/1436/1355
f 44/46/48 41/43/45 1057/1435/1354
f 41/43/45 1059/1437/1356 1057/1435/1354
f 41/43/45 517/686/647 1059/1437/1356
f 1053/1431/1350 1059/1437/1356 1056/1434/1353
f 1053/1431/1350 1057/1435/1354 1059/1437/1356
f 1053/1431/1350 1058/1436/1355 1057/1435/1354
f 1060/1438/1357 1058/1436/1355 1053/1431/1350
f 1061/1439/1358 1058/1436/1355 1060/1438/1357
f 1053/1431/1350 1062/1440/1359 1060/1438/1357
f 1053/1431/1350 1055/1433/1352 1062/1440/1359
f 517/686/647 1052/1430/1360 1059/1437/1356
f 1052/1430/1360 1056/1434/1353 1059/1437/1356
f 1052/1430/1360 1063/1441/1361 1056/1434/1353
f 1064/1442/1362 44/46/1363 1058/1436/1364
f 1065/1443/1365 1066/1444/1366 1067/1445/1367
f 1065/1443/1365 1068/1446/1368 1066/1444/1366
f 61/65/66 1069/1447/1369 1070/1448/1370
f 61/65/66 64/69/70 1069/1447/1369
f 64/69/70 1071/1449/1371 1069/1447/1369
f 64/69/70 44/71/48 1071/1449/1371
f 1065/1443/1365 1071/1449/1371 1068/1446/1368
f 1065/1443/1365 1069/1447/1369 1071/1449/1371
f 1065/1443/1365 1070/1448/1370 1069/1447/1369
f 1072/1450/1372 1070/1448/1370 1065/1443/1365
f 1073/1451/1373 1070/1448/1370 1072/1450/1372
f 1065/1443/1365 1074/1452/1374 1072/1450/1372
f 1065/1443/1365 1067/1445/1367 1074/1452/1374
f 44/71/48 1064/1453/1375 1071/1449/1371
f 1064/1453/1375 1068/1446/1368 1071/1449/1371
f 1064/1453/1375 1075/1454/1376 1068/1446/1368
f 1076/1455/1377 61/65/1378 1070/1448/1379
f 1076/1455/1377 1070/1448/1379 1073/1451/1380
f 1077/1456/1381 1078/1457/1382 1079/1458/1383
f 1077/1456/1381 1080/1459/1384 1078/1457/1382
f 56/59/61 1081/1460/1385 1082/1461/1386
f 56/59/61 63/68/69 1081/1460/1385
f 63/68/69 1083/1462/1387 1081/1460/1385
f 63/68/69 61/65/66 1083/1462/1387
f 1077/1456/1381 1083/1462/1387 1080/1459/1384
f 1077/1456/1381 1081/1460/1385 1083/1462/1387
f 1082/1461/1386 1081/1460/1385 1084/1463/1388
f 1084/1463/1388 1081/1460/1385 1085/1464/1389
f 1077/1456/1381 1085/1464/1389 1081/1460/1385
f 1077/1456/1381 1086/1465/1390 1085/1464/1389
f 1077/1456/1381 1079/1458/1383 1086/1465/1390
f 61/65/66 1076/1455/1391 1083/1462/1387
f 1076/1455/1391 1080/1459/1384 1083/1462/1387
f 1076/1455/1391 1087/1466/1392 1080/1459/1384
f 1088/1467/1393 56/59/1394 1082/1461/1395
f 1088/1467/1393 1082/1461/1395 1084/1463/1396
f 1089/1468/1397 1090/1469/1398 1091/1470/1399
f 1089/1468/1397 1092/1471/1400 1090/1469/1398
f 50/53/55 1093/1472/1401 1094/1473/1402
f 50/53/55 54/57/59 1093/1472/1401
f 54/57/59 1095/1474/1403 1093/1472/1401
f 54/57/59 56/59/61 1095/1474/1403
f 1089/1468/1397 1095/1474/1403 1092/1471/1400
f 1089/1468/1397 1093/1472/1401 1095/1474/1403
f 1094/1473/1402 1093/1472/1401 1096/1475/1404
f 1096/1475/1404 1093/1472/1401 1097/1476/1405
f 1089/1468/1397 1097/1476/1405 1093/1472/1401
f 1089/1468/1397 1098/1477/1406 1097/1476/1405
f 1089/1468/1397 1091/1470/1399 1098/1477/1406
f 56/59/61 1088/1467/1407 1095/1474/1403
f 1088/1467/1407 1092/1471/1400 1095/1474/1403
f 1088/1467/1407 1099/1478/1408 1092/1471/1400
f 1100/1479/1409 50/53/1410 1094/1473/1411
f 1100/1479/1409 1094/1473/1411 1096/1475/1412
f 1101/1480/1413 1102/1481/1414 1103/1482/1415
f 1101/1480/1413 1104/1483/1416 1102/1481/1414
f 564/755/708 1105/1484/1417 1106/1485/1418
f 564/755/708 53/56/58 1105/1484/1417
f 53/56/58 1107/1486/1419 1105/1484/1417
f 53/56/58 50/53/55 1107/1486/1419
f 1101/1480/1413 1107/1486/1419 1104/1483/1416
f 1101/1480/1413 1105/1484/1417 1107/1486/1419
f 1106/1485/1418 1105/1484/1417 1108/1487/1420
f 1108/1487/1420 1105/1484/1417 1109/1488/1421
f 1101/1480/1413 1109/1488/1421 1105/1484/1417
f 1101/1480/1413 1110/1489/1422 1109/1488/1421
f 1101/1480/1413 1103/1482/1415 1110/1489/1422
f 50/53/55 1100/1479/1423 1107/1486/1419
f 1100/1479/1423 1104/1483/1416 1107/1486/1419
f 1100/1479/1423 1111/1490/1424 1104/1483/1416
f 1112/1491/1425 564/755/1426 1106/1485/1427
f 1112/1491/1425 1106/1485/1427 1108/1487/1428
f 1113/1492/1429 1114/1493/1430 1115/1494/1431
f 1113/1492/1429 1116/1495/1432 1114/1493/1430
f 568/759/712 1117/1496/1433 1118/1497/1434
f 568/759/712 566/757/710 1117/1496/1433
f 566/757/710 1119/1498/1435 1117/1496/1433
f 566/757/710 564/755/708 1119/1498/1435
f 1113/1492/1429 1119/1498/1435 1116/1495/1432
f 1113/1492/1429 1117/1496/1433 1119/1498/1435
f 1118/1497/1434 1117/1496/1433 1120/1499/1436
f 1113/1492/1429 1120/1499/1436 1117/1496/1433
f 1113/1492/1429 1121/1500/1437 1120/1499/1436
f 1113/1492/1429 1122/1501/1438 1121/1500/1437
f 1113/1492/1429 1115/1494/1431 1122/1501/1438
f 564/755/708 1112/1491/1439 1119/1498/1435
f 1112/1491/1439 1116/1495/1432 1119/1498/1435
f 1112/1491/1439 1123/1502/1440 1116/1495/1432
f 1124/1503/1441 568/759/1442 1118/1497/1443
f 1124/1503/1441 1118/1497/1443 1120/1499/1444
f 1125/1504/1445 1126/1505/1446 1127/1506/1447
f 1125/1504/1445 1128/1507/1448 1126/1505/1446
f 573/765/717 1129/1508/1449 1130/1509/1450
f 573/765/717 574/767/719 1129/1508/1449
f 574/767/719 1131/1510/1451 1129/1508/1449
f 574/767/719 568/759/712 1131/1510/1451
f 1125/1504/1445 1131/1510/1451 1128/1507/1448
f 1125/1504/1445 1129/1508/1449 1131/1510/1451
f 1130/1509/1450 1129/1508/1449 1132/1511/1452
f 1125/1504/1445 1132/1511/1452 1129/1508/1449
f 1125/1504/1445 1133/1512/1453 1132/1511/1452
f 1125/1504/1445 1134/1513/1454 1133/1512/1453
f 1125/1504/1445 1127/1506/1447 1134/1513/1454
f 568/759/712 1124/1503/1455 1131/1510/1451
f 1124/1503/1455 1128/1507/1448 1131/1510/1451
f 1124/1503/1455 1135/1514/1456 1128/1507/1448
f 1015/1393/1457 573/765/1458 1130/1509/1459
f 1015/1393/1457 1130/1509/1459 1132/1511/1460
f 1064/1442/1362 1058/1436/1364 1061/1439/1461
f 993/1515/1462 1136/1516/1463 1137/1517/1464
f 993/1515/1462 995/1518/1465 1136/1516/1463
f 994/1519/1466 1137/1517/1464 1138/1520/1467
f 994/1519/1466 993/1515/1462 1137/1517/1464
f 1000/1521/1285 1139/1522/1468 1140/1523/1469
f 1000/1521/1285 999/1524/1470 1139/1522/1468
f 1001/1525/1471 1138/1520/1467 1141/1526/1472
f 1001/1525/1471 994/1519/1466 1138/1520/1467
f 999/1524/1470 1141/1526/1472 1139/1522/1468
f 999/1524/1470 1001/1525/1471 1141/1526/1472
f 1003/1527/1473 1142/1528/1474 1143/1529/1475
f 1003/1527/1473 1002/1530/1298 1142/1528/1474
f 995/1518/1465 1143/1529/1475 1136/1516/1463
f 995/1518/1465 1003/1527/1473 1143/1529/1475
f 1004/1531/1282 1140/1523/1469 1144/1532/1476
f 1004/1531/1282 1000/1521/1285 1140/1523/1469
f 1006/1533/1477 1145/1534/1478 1146/1535/1479
f 1006/1533/1477 1008/1536/1480 1145/1534/1478
f 1007/1537/1481 1146/1535/1479 1147/1538/1482
f 1007/1537/1481 1006/1533/1477 1146/1535/1479
f 1012/1539/1301 1148/1540/1483 1149/1541/1484
f 1012/1539/1301 1013/1542/1485 1148/1540/1483
f 1014/1543/1486 1147/1538/1482 1150/1544/1487
f 1014/1543/1486 1007/1537/1481 1147/1538/1482
f 1013/1542/1485 1150/1544/1487 1148/1540/1483
f 1013/1542/1485 1014/1543/1486 1150/1544/1487
f 1016/1545/1488 1151/1546/1489 1152/1547/1490
f 1016/1545/1488 1015/1548/1457 1151/1546/1489
f 1008/1536/1480 1152/1547/1490 1145/1534/1478
f 1008/1536/1480 1016/1545/1488 1152/1547/1490
f 1002/1530/1298 1149/1541/1484 1142/1528/1474
f 1002/1530/1298 1012/1539/1301 1149/1541/1484
f 1018/1549/1491 1153/1550/1492 1154/1551/1493
f 1018/1549/1491 1020/1552/1494 1153/1550/1492
f 1019/1553/1495 1154/1551/1493 1155/1554/1496
f 1019/1553/1495 1018/1549/1491 1154/1551/1493
f 1025/1555/1317 1156/1556/1497 1157/1557/1498
f 1025/1555/1317 1024/1558/1499 1156/1556/1497
f 1026/1559/1500 1155/1554/1496 1158/1560/1501
f 1026/1559/1500 1019/1553/1495 1155/1554/1496
f 1024/1558/1499 1158/1560/1501 1156/1556/1497
f 1024/1558/1499 1026/1559/1500 1158/1560/1501
f 1027/1561/1502 1144/1532/1476 1159/1562/1503
f 1027/1561/1502 1004/1531/1282 1144/1532/1476
f 1020/1552/1494 1159/1562/1503 1153/1550/1492
f 1020/1552/1494 1027/1561/1502 1159/1562/1503
f 1028/1563/1314 1157/1557/1498 1160/1564/1504
f 1028/1563/1314 1025/1555/1317 1157/1557/1498
f 1030/1565/1505 1161/1566/1506 1162/1567/1507
f 1030/1565/1505 1032/1568/1508 1161/1566/1506
f 1031/1569/1509 1162/1567/1507 1163/1570/1510
f 1031/1569/1509 1030/1565/1505 1162/1567/1507
f 1037/1571/1333 1164/1572/1511 1165/1573/1512
f 1037/1571/1333 1036/1574/1513 1164/1572/1511
f 1038/1575/1514 1163/1570/1510 1166/1576/1515
f 1038/1575/1514 1031/1569/1509 1163/1570/1510
f 1036/1574/1513 1166/1576/1515 1164/1572/1511
f 1036/1574/1513 1038/1575/1514 1166/1576/1515
f 1039/1577/1516 1160/1564/1504 1167/1578/1517
f 1039/1577/1516 1028/1563/1314 1160/1564/1504
f 1032/1568/1508 1167/1578/1517 1161/1566/1506
f 1032/1568/1508 1039/1577/1516 1167/1578/1517
f 1040/1579/1330 1165/1573/1512 1168/1580/1518
f 1040/1579/1330 1037/1571/1333 1165/1573/1512
f 1042/1581/1519 1169/1582/1520 1170/1583/1521
f 1042/1581/1519 1044/1584/1522 1169/1582/1520
f 1043/1585/1523 1170/1583/1521 1171/1586/1524
f 1043/1585/1523 1042/1581/1519 1170/1583/1521
f 1049/1587/1349 1172/1588/1525 1173/1589/1526
f 1049/1587/1349 1048/1590/1527 1172/1588/1525
f 1050/1591/1528 1171/1586/1524 1174/1592/1529
f 1050/1591/1528 1043/1585/1523 1171/1586/1524
f 1048/1590/1527 1174/1592/1529 1172/1588/1525
f 1048/1590/1527 1050/1591/1528 1174/1592/1529
f 1051/1593/1530 1168/1580/1518 1175/1594/1531
f 1051/1593/1530 1040/1579/1330 1168/1580/1518
f 1044/1584/1522 1175/1594/1531 1169/1582/1520
f 1044/1584/1522 1051/1593/1530 1175/1594/1531
f 1052/1595/1346 1173/1589/1526 1176/1596/1532
f 1052/1595/1346 1049/1587/1349 1173/1589/1526
f 1054/1597/1533 1177/1598/1534 1178/1599/1535
f 1054/1597/1533 1056/1600/1536 1177/1598/1534
f 1055/1601/1537 1178/1599/1535 1179/1602/1538
f 1055/1601/1537 1054/1597/1533 1178/1599/1535
f 1061/1603/1461 1180/1604/1539 1181/1605/1540
f 1061/1603/1461 1060/1606/1541 1180/1604/1539
f 1062/1607/1542 1179/1602/1538 1182/1608/1543
f 1062/1607/1542 1055/1601/1537 1179/1602/1538
f 1060/1606/1541 1182/1608/1543 1180/1604/1539
f 1060/1606/1541 1062/1607/1542 1182/1608/1543
f 1063/1609/1544 1176/1596/1532 1183/1610/1545
f 1063/1609/1544 1052/1595/1346 1176/1596/1532
f 1056/1600/1536 1183/1610/1545 1177/1598/1534
f 1056/1600/1536 1063/1609/1544 1183/1610/1545
f 1066/1611/1546 1184/1612/1547 1185/1613/1548
f 1066/1611/1546 1068/1614/1549 1184/1612/1547
f 1067/1615/1550 1185/1613/1548 1186/1616/1551
f 1067/1615/1550 1066/1611/1546 1185/1613/1548
f 1073/1617/1380 1187/1618/1552 1188/1619/1553
f 1073/1617/1380 1072/1620/1554 1187/1618/1552
f 1074/1621/1555 1186/1616/1551 1189/1622/1556
f 1074/1621/1555 1067/1615/1550 1186/1616/1551
f 1072/1620/1554 1189/1622/1556 1187/1618/1552
f 1072/1620/1554 1074/1621/1555 1189/1622/1556
f 1075/1623/1557 1190/1624/1558 1191/1625/1559
f 1075/1623/1557 1064/1626/1362 1190/1624/1558
f 1068/1614/1549 1191/1625/1559 1184/1612/1547
f 1068/1614/1549 1075/1623/1557 1191/1625/1559
f 1076/1627/1377 1188/1619/1553 1192/1628/1560
f 1076/1627/1377 1073/1617/1380 1188/1619/1553
f 1078/1629/1561 1193/1630/1562 1194/1631/1563
f 1078/1629/1561 1080/1632/1564 1193/1630/1562
f 1079/1633/1565 1194/1631/1563 1195/1634/1566
f 1079/1633/1565 1078/1629/1561 1194/1631/1563
f 1084/1635/1396 1196/1636/1567 1197/1637/1568
f 1084/1635/1396 1085/1638/1569 1196/1636/1567
f 1086/1639/1570 1195/1634/1566 1198/1640/1571
f 1086/1639/1570 1079/1633/1565 1195/1634/1566
f 1085/1638/1569 1198/1640/1571 1196/1636/1567
f 1085/1638/1569 1086/1639/1570 1198/1640/1571
f 1087/1641/1572 1192/1628/1560 1199/1642/1573
f 1087/1641/1572 1076/1627/1377 1192/1628/1560
f 1080/1632/1564 1199/1642/1573 1193/1630/1562
f 1080/1632/1564 1087/1641/1572 1199/1642/1573
f 1088/1643/1393 1197/1637/1568 1200/1644/1574
f 1088/1643/1393 1084/1635/1396 1197/1637/1568
f 1090/1645/1575 1201/1646/1576 1202/1647/1577
f 1090/1645/1575 1092/1648/1578 1201/1646/1576
f 1091/1649/1579 1202/1647/1577 1203/1650/1580
f 1091/1649/1579 1090/1645/1575 1202/1647/1577
f 1096/1651/1412 1204/1652/1581 1205/1653/1582
f 1096/1651/1412 1097/1654/1583 1204/1652/1581
f 1098/1655/1584 1203/1650/1580 1206/1656/1585
f 1098/1655/1584 1091/1649/1579 1203/1650/1580
f 1097/1654/1583 1206/1656/1585 1204/1652/1581
f 1097/1654/1583 1098/1655/1584 1206/1656/1585
f 1099/1657/1586 1200/1644/1574 1207/1658/1587
f 1099/1657/1586 1088/1643/1393 1200/1644/1574
f 1092/1648/1578 1207/1658/1587 1201/1646/1576
f 1092/1648/1578 1099/1657/1586 1207/1658/1587
f 1100/1659/1409 1205/1653/1582 1208/1660/1588
f 1100/1659/1409 1096/1651/1412 1205/1653/1582
f 1102/1661/1589 1209/1662/1590 1210/1663/1591
f 1102/1661/1589 1104/1664/1592 1209/1662/1590
f 1103/1665/1593 1210/1663/1591 1211/1666/1594
f 1103/1665/1593 1102/1661/1589 1210/1663/1591
f 1108/1667/1428 1212/1668/1595 1213/1669/1596
f 1108/1667/1428 1109/1670/1597 1212/1668/1595
f 1110/1671/1598 1211/1666/1594 1214/1672/1599
f 1110/1671/1598 1103/1665/1593 1211/1666/1594
f 1109/1670/1597 1214/1672/1599 1212/1668/1595
f 1109/1670/1597 1110/1671/1598 1214/1672/1599
f 1111/1673/1600 1208/1660/1588 1215/1674/1601
f 1111/1673/1600 1100/1659/1409 1208/1660/1588
f 1104/1664/1592 1215/1674/1601 1209/1662/1590
f 1104/1664/1592 1111/1673/1600 1215/1674/1601
f 1112/1675/1425 1213/1669/1596 1216/1676/1602
f 1112/1675/1425 1108/1667/1428 1213/1669/1596
f 1114/1677/1603 1217/1678/1604 1218/1679/1605
f 1114/1677/1603 1116/1680/1606 1217/1678/1604
f 1115/1681/1607 1218/1679/1605 1219/1682/1608
f 1115/1681/1607 1114/1677/1603 1218/1679/1605
f 1120/1683/1444 1220/1684/1609 1221/1685/1610
f 1120/1683/1444 1121/1686/1611 1220/1684/1609
f 1122/1687/1612 1219/1682/1608 1222/1688/1613
f 1122/1687/1612 1115/1681/1607 1219/1682/1608
f 1121/1686/1611 1222/1688/1613 1220/1684/1609
f 1121/1686/1611 1122/1687/1612 1222/1688/1613
f 1123/1689/1614 1216/1676/1602 1223/1690/1615
f 1123/1689/1614 1112/1675/1425 1216/1676/1602
f 1116/1680/1606 1223/1690/1615 1217/1678/1604
f 1116/1680/1606 1123/1689/1614 1223/1690/1615
f 1124/1691/1441 1221/1685/1610 1224/1692/1616
f 1124/1691/1441 1120/1683/1444 1221/1685/1610
f 1126/1693/1617 1225/1694/1618 1226/1695/1619
f 1126/1693/1617 1128/1696/1620 1225/1694/1618
f 1127/1697/1621 1226/1695/1619 1227/1698/1622
f 1127/1697/1621 1126/1693/1617 1226/1695/1619
f 1132/1699/1460 1228/1700/1623 1229/1701/1624
f 1132/1699/1460 1133/1702/1625 1228/1700/1623
f 1134/1703/1626 1227/1698/1622 1230/1704/1627
f 1134/1703/1626 1127/1697/1621 1227/1698/1622
f 1133/1702/1625 1230/1704/1627 1228/1700/1623
f 1133/1702/1625 1134/1703/1626 1230/1704/1627
f 1135/1705/1628 1224/1692/1616 1231/1706/1629
f 1135/1705/1628 1124/1691/1441 1224/1692/1616
f 1128/1696/1620 1231/1706/1629 1225/1694/1618
f 1128/1696/1620 1135/1705/1628 1231/1706/1629
f 1015/1548/1457 1229/1701/1624 1151/1546/1489
f 1015/1548/1457 1132/1699/1460 1229/1701/1624
f 1064/1626/1362 1181/1605/1540 1190/1624/1558
f 1064/1626/1362 1061/1603/1461 1181/1605/1540
f 1143/1707/1475 1142/1708/1474 1136/1709/1463
f 1138/1710/1467 1232/1711/1630 1233/1712/1631
f 1138/1710/1467 1142/1708/1474 1232/1711/1630
f 1138/1710/1467 1136/1709/1463 1142/1708/1474
f 1137/1713/1464 1136/1709/1463 1138/1710/1467
f 1140/1714/1469 1139/1715/1468 1144/1716/1476
f 1233/1712/1631 1234/1717/1632 1138/1710/1467
f 1234/1717/1632 1144/1716/1476 1138/1710/1467
f 1144/1716/1476 1139/1715/1468 1138/1710/1467
f 1141/1718/1472 1138/1710/1467 1139/1715/1468
f 1235/1719/1633 1236/1720/1634 1151/1721/1489
f 1152/1722/1490 1151/1721/1489 1145/1723/1478
f 1147/1724/1482 1151/1721/1489 1236/1720/1634
f 1147/1724/1482 1145/1723/1478 1151/1721/1489
f 1147/1724/1482 1146/1725/1479 1145/1723/1478
f 1149/1726/1484 1148/1727/1483 1142/1708/1474
f 1236/1728/1634 1232/1711/1630 1147/1729/1482
f 1232/1711/1630 1142/1708/1474 1147/1729/1482
f 1142/1708/1474 1148/1727/1483 1147/1729/1482
f 1150/1730/1487 1147/1729/1482 1148/1727/1483
f 1159/1731/1503 1144/1716/1476 1153/1732/1492
f 1155/1733/1496 1234/1717/1632 1237/1734/1635
f 1155/1733/1496 1144/1716/1476 1234/1717/1632
f 1155/1733/1496 1153/1732/1492 1144/1716/1476
f 1154/1735/1493 1153/1732/1492 1155/1733/1496
f 1157/1736/1498 1156/1737/1497 1160/1738/1504
f 1237/1734/1635 1238/1739/1636 1155/1733/1496
f 1238/1739/1636 1160/1738/1504 1155/1733/1496
f 1160/1738/1504 1156/1737/1497 1155/1733/1496
f 1158/1740/1501 1155/1733/1496 1156/1737/1497
f 1167/1741/1517 1160/1738/1504 1161/1742/1506
f 1163/1743/1510 1238/1739/1636 1239/1744/1637
f 1163/1743/1510 1160/1738/1504 1238/1739/1636
f 1163/1743/1510 1161/1742/1506 1160/1738/1504
f 1162/1745/1507 1161/1742/1506 1163/1743/1510
f 1165/1746/1512 1164/1747/1511 1168/1748/1518
f 1239/1744/1637 1240/1749/1638 1163/1743/1510
f 1240/1749/1638 1168/1748/1518 1163/1743/1510
f 1168/1748/1518 1164/1747/1511 1163/1743/1510
f 1166/1750/1515 1163/1743/1510 1164/1747/1511
f 1175/1751/1531 1168/1748/1518 1169/1752/1520
f 1171/1753/1524 1240/1749/1638 1241/1754/1639
f 1171/1753/1524 1168/1748/1518 1240/1749/1638
f 1171/1753/1524 1169/1752/1520 1168/1748/1518
f 1170/1755/1521 1169/1752/1520 1171/1753/1524
f 1173/1756/1526 1172/1757/1525 1176/1758/1532
f 1241/1754/1639 1242/1759/1640 1171/1753/1524
f 1242/1759/1640 1176/1758/1532 1171/1753/1524
f 1176/1758/1532 1172/1757/1525 1171/1753/1524
f 1174/1760/1529 1171/1753/1524 1172/1757/1525
f 1183/1761/1545 1176/1758/1532 1177/1762/1534
f 1179/1763/1538 1242/1759/1640 1243/1764/1641
f 1179/1763/1538 1176/1758/1532 1242/1759/1640
f 1179/1763/1538 1177/1762/1534 1176/1758/1532
f 1178/1765/1535 1177/1762/1534 1179/1763/1538
f 1191/1766/1559 1190/1767/1558 1184/1768/1547
f 1186/1769/1551 1244/1770/1642 1245/1771/1643
f 1186/1769/1551 1190/1767/1558 1244/1770/1642
f 1186/1769/1551 1184/1768/1547 1190/1767/1558
f 1185/1772/1548 1184/1768/1547 1186/1769/1551
f 1192/1773/1560 1245/1771/1643 1246/1774/1644
f 1188/1775/1553 1245/1771/1643 1192/1773/1560
f 1187/1776/1552 1245/1771/1643 1188/1775/1553
f 1189/1777/1556 1245/1771/1643 1187/1776/1552
f 1186/1769/1551 1245/1771/1643 1189/1777/1556
f 1246/1774/1644 1247/1778/1645 1192/1773/1560
f 1199/1779/1573 1192/1773/1560 1193/1780/1562
f 1195/1781/1566 1192/1773/1560 1247/1778/1645
f 1195/1781/1566 1193/1780/1562 1192/1773/1560
f 1195/1781/1566 1194/1782/1563 1193/1780/1562
f 1200/1783/1574 1247/1778/1645 1248/1784/1646
f 1197/1785/1568 1247/1778/1645 1200/1783/1574
f 1196/1786/1567 1247/1778/1645 1197/1785/1568
f 1198/1787/1571 1247/1778/1645 1196/1786/1567
f 1195/1781/1566 1247/1778/1645 1198/1787/1571
f 1248/1784/1646 1249/1788/1647 1200/1783/1574
f 1207/1789/1587 1200/1783/1574 1201/1790/1576
f 1203/1791/1580 1200/1783/1574 1249/1788/1647
f 1203/1791/1580 1201/1790/1576 1200/1783/1574
f 1203/1791/1580 1202/1792/1577 1201/1790/1576
f 1208/1793/1588 1249/1788/1647 1250/1794/1648
f 1205/1795/1582 1249/1788/1647 1208/1793/1588
f 1204/1796/1581 1249/1788/1647 1205/1795/1582
f 1206/1797/1585 1249/1788/1647 1204/1796/1581
f 1203/1791/1580 1249/1788/1647 1206/1797/1585
f 1250/1794/1648 1251/1798/1649 1208/1793/1588
f 1215/1799/1601 1208/1793/1588 1209/1800/1590
f 1211/1801/1594 1208/1793/1588 1251/1798/1649
f 1211/1801/1594 1209/1800/1590 1208/1793/1588
f 1211/1801/1594 1210/1802/1591 1209/1800/1590
f 1216/1803/1602 1251/1798/1649 1252/1804/1650
f 1213/1805/1596 1251/1798/1649 1216/1803/1602
f 1212/1806/1595 1251/1798/1649 1213/1805/1596
f 1214/1807/1599 1251/1798/1649 1212/1806/1595
f 1211/1801/1594 1251/1798/1649 1214/1807/1599
f 1252/1804/1650 1253/1808/1651 1216/1803/1602
f 1223/1809/1615 1216/1803/1602 1217/1810/1604
f 1219/1811/1608 1216/1803/1602 1253/1808/1651
f 1219/1811/1608 1217/1810/1604 1216/1803/1602
f 1219/1811/1608 1218/1812/1605 1217/1810/1604
f 1224/1813/1616 1253/1808/1651 1254/1814/1652
f 1221/1815/1610 1253/1808/1651 1224/1813/1616
f 1220/1816/1609 1253/1808/1651 1221/1815/1610
f 1222/1817/1613 1253/1808/1651 1220/1816/1609
f 1219/1811/1608 1253/1808/1651 1222/1817/1613
f 1254/1814/1652 1255/1818/1653 1224/1813/1616
f 1231/1819/1629 1224/1813/1616 1225/1820/1618
f 1227/1821/1622 1224/1813/1616 1255/1818/1653
f 1227/1821/1622 1225/1820/1618 1224/1813/1616
f 1227/1821/1622 1226/1822/1619 1225/1820/1618
f 1229/1823/1624 1228/1824/1623 1151/1721/1489
f 1255/1818/1653 1235/1719/1633 1227/1821/1622
f 1235/1719/1633 1151/1721/1489 1227/1821/1622
f 1151/1721/1489 1228/1824/1623 1227/1821/1622
f 1230/1825/1627 1227/1821/1622 1228/1824/1623
f 1190/1767/1558 1243/1764/1641 1244/1770/1642
f 1181/1826/1540 1243/1764/1641 1190/1767/1558
f 1180/1827/1539 1243/1764/1641 1181/1826/1540
f 1182/1828/1543 1243/1764/1641 1180/1827/1539
f 1179/1763/1538 1243/1764/1641 1182/1828/1543
f 1256/1829/1654 1257/1830/1655 1258/1831/1656
f 1256/1829/1654 1259/1832/1657 1257/1830/1655
f 1260/1833/1658 1258/1831/1656 1261/1834/1659
f 1260/1833/1658 1256/1829/1654 1258/1831/1656
f 1262/1835/1660 1261/1834/1659 1263/1836/1661
f 1262/1835/1660 1260/1833/1658 1261/1834/1659
f 1264/1837/1662 1263/1836/1661 1265/1838/1663
f 1264/1837/1662 1262/1835/1660 1263/1836/1661
f 1266/1839/1664 1265/1838/1663 1267/1840/1665
f 1266/1839/1664 1264/1837/1662 1265/1838/1663
f 1268/1841/1666 1267/1840/1665 1269/1842/1667
f 1268/1841/1666 1266/1839/1664 1267/1840/1665
f 1270/1843/1668 1271/1844/1669 1272/1845/1670
f 1270/1843/1668 1273/1846/1671 1271/1844/1669
f 1274/1847/1672 1272/1845/1670 1275/1848/1673
f 1274/1847/1672 1270/1843/1668 1272/1845/1670
f 1276/1849/1674 1275/1848/1673 1277/1850/1675
f 1276/1849/1674 1274/1847/1672 1275/1848/1673
f 1278/1851/1676 1277/1850/1675 1279/1852/1677
f 1278/1851/1676 1276/1849/1674 1277/1850/1675
f 1280/1853/1678 1279/1852/1677 1281/1854/1679
f 1280/1853/1678 1278/1851/1676 1279/1852/1677
f 1259/1855/1657 1281/1854/1679 1257/1856/1655
f 1259/1855/1657 1280/1853/1678 1281/1854/1679
f 1282/1857/1680 1283/1858/1681 1284/1859/1682
f 1282/1857/1680 1285/1860/1683 1283/1858/1681
f 1285/1860/1683 1286/1861/1684 1283/1858/1681
f 1285/1860/1683 1287/1862/1685 1286/1861/1684
f 1287/1862/1685 1288/1863/1686 1286/1861/1684
f 1287/1862/1685 1289/1864/1687 1288/1863/1686
f 1289/1864/1687 1290/1865/1688 1288/1863/1686
f 1289/1864/1687 1291/1866/1689 1290/1865/1688
f 1291/1866/1689 1292/1867/1690 1290/1865/1688
f 1291/1866/1689 1293/1868/1691 1292/1867/1690
f 1293/1868/1691 1269/1842/1667 1292/1867/1690
f 1293/1868/1691 1268/1841/1666 1269/1842/1667
f 1273/1846/1671 1294/1869/1692 1271/1844/1669
f 1273/1846/1671 1295/1870/1693 1294/1869/1692
f 1295/1870/1693 1296/1871/1694 1294/1869/1692
f 1295/1870/1693 1297/1872/1695 1296/1871/1694
f 1297/1872/1695 1298/1873/1696 1296/1871/1694
f 1297/1872/1695 1299/1874/1697 1298/1873/1696
f 1299/1874/1697 1300/1875/1698 1298/1873/1696
f 1299/1874/1697 1301/1876/1699 1300/1875/1698
f 1301/1876/1699 1302/1877/1700 1300/1875/1698
f 1301/1876/1699 1303/1878/1701 1302/1877/1700
f 1303/1878/1701 1284/1859/1682 1302/1877/1700
f 1303/1878/1701 1282/1857/1680 1284/1859/1682
f 1258/1879/1702 1304/1880/1702 1305/1881/1702
f 1258/1879/1702 1257/1882/1702 1304/1880/1702
f 1261/1883/1702 1305/1881/1702 1306/1884/1702
f 1261/1883/1702 1258/1879/1702 1305/1881/1702
f 1263/1885/1703 1306/1884/1702 1307/1886/367
f 1263/1885/1703 1261/1883/1702 1306/1884/1702
f 1265/1887/1702 1307/1886/367 1308/1888/1702
f 1265/1887/1702 1263/1885/1703 1307/1886/367
f 1267/1889/1702 1308/1888/1702 1309/1890/1702
f 1267/1889/1702 1265/1887/1702 1308/1888/1702
f 1269/1891/1702 1309/1890/1702 1310/1892/1702
f 1269/1891/1702 1267/1889/1702 1309/1890/1702
f 1272/1893/1702 1311/1894/1702 1312/1895/1702
f 1272/1893/1702 1271/1896/1702 1311/1894/1702
f 1275/1897/1702 1312/1895/1702 1313/1898/1702
f 1275/1897/1702 1272/1893/1702 1312/1895/1702
f 1277/1899/1702 1313/1898/1702 1314/1900/1702
f 1277/1899/1702 1275/1897/1702 1313/1898/1702
f 1279/1901/1704 1314/1900/1702 1315/1902/1704
f 1279/1901/1704 1277/1899/1702 1314/1900/1702
f 1281/1903/1702 1315/1902/1704 1316/1904/1702
f 1281/1903/1702 1279/1901/1704 1315/1902/1704
f 1257/1882/1702 1316/1904/1702 1304/1880/1702
f 1257/1882/1702 1281/1903/1702 1316/1904/1702
f 1284/1905/1702 1317/1906/1702 1318/1907/1702
f 1284/1905/1702 1283/1908/1702 1317/1906/1702
f 1283/1908/1702 1319/1909/367 1317/1906/1702
f 1283/1908/1702 1286/1910/367 1319/1909/367
f 1286/1910/367 1320/1911/1702 1319/1909/367
f 1286/1910/367 1288/1912/1702 1320/1911/1702
f 1288/1912/1702 1321/1913/1702 1320/1911/1702
f 1288/1912/1702 1290/1914/1702 1321/1913/1702
f 1290/1914/1702 1322/1915/1702 1321/1913/1702
f 1290/1914/1702 1292/1916/1702 1322/1915/1702
f 1292/1916/1702 1310/1892/1702 1322/1915/1702
f 1292/1916/1702 1269/1891/1702 1310/1892/1702
f 1271/1896/1702 1323/1917/1702 1311/1894/1702
f 1271/1896/1702 1294/1918/1702 1323/1917/1702
f 1294/1918/1702 1324/1919/1702 1323/1917/1702
f 1294/1918/1702 1296/1920/1702 1324/1919/1702
f 1296/1920/1702 1325/1921/1704 1324/1919/1702
f 1296/1920/1702 1298/1922/1704 1325/1921/1704
f 1298/1922/1704 1326/1923/1702 1325/1921/1704
f 1298/1922/1704 1300/1924/1702 1326/1923/1702
f 1300/1924/1702 1327/1925/1702 1326/1923/1702
f 1300/1924/1702 1302/1926/1702 1327/1925/1702
f 1302/1926/1702 1318/1907/1702 1327/1925/1702
f 1302/1926/1702 1284/1905/1702 1318/1907/1702
f 1232/1927/1705 1318/1928/1706 1317/1929/1707
f 1232/1927/1705 1236/1930/1708 1318/1928/1706
f 1236/1930/1708 1327/1931/1709 1318/1928/1706
f 1236/1930/1708 1235/1932/1710 1327/1931/1709
f 1235/1932/1710 1326/1933/1711 1327/1931/1709
f 1235/1932/1710 1255/1934/1712 1326/1933/1711
f 1255/1934/1712 1325/1935/1713 1326/1933/1711
f 1255/1934/1712 1254/1936/1714 1325/1935/1713
f 1254/1936/1714 1324/1937/1715 1325/1935/1713
f 1254/1936/1714 1253/1938/1716 1324/1937/1715
f 1253/1938/1716 1323/1939/1717 1324/1937/1715
f 1253/1938/1716 1252/1940/1718 1323/1939/1717
f 1252/1940/1718 1311/1941/1719 1323/1939/1717
f 1252/1940/1718 1251/1942/1720 1311/1941/1719
f 1251/1942/1720 1312/1943/1721 1311/1941/1719
f 1251/1942/1720 1250/1944/1722 1312/1943/1721
f 1250/1944/1722 1313/1945/1723 1312/1943/1721
f 1250/1944/1722 1249/1946/1724 1313/1945/1723
f 1249/1946/1724 1314/1947/1725 1313/1945/1723
f 1249/1946/1724 1248/1948/1726 1314/1947/1725
f 1248/1948/1726 1315/1949/1727 1314/1947/1725
f 1248/1948/1726 1247/1950/1728 1315/1949/1727
f 1247/1950/1728 1316/1951/1729 1315/1949/1727
f 1247/1950/1728 1246/1952/1730 1316/1951/1729
f 1246/1952/1730 1304/1953/1731 1316/1951/1729
f 1246/1952/1730 1245/1954/1732 1304/1953/1731
f 1245/1954/1732 1305/1955/1733 1304/1953/1731
f 1245/1954/1732 1244/1956/1734 1305/1955/1733
f 1244/1957/1734 1306/1958/1735 1305/1959/1733
f 1244/1957/1734 1243/1960/1736 1306/1958/1735
f 1243/1960/1736 1307/1961/1737 1306/1958/1735
f 1243/1960/1736 1242/1962/1738 1307/1961/1737
f 1242/1962/1738 1308/1963/1739 1307/1961/1737
f 1242/1962/1738 1241/1964/1740 1308/1963/1739
f 1241/1964/1740 1309/1965/1741 1308/1963/1739
f 1241/1964/1740 1240/1966/1742 1309/1965/1741
f 1240/1966/1742 1310/1967/1743 1309/1965/1741
f 1240/1966/1742 1239/1968/1744 1310/1967/1743
f 1239/1968/1744 1322/1969/1745 1310/1967/1743
f 1239/1968/1744 1238/1970/1746 1322/1969/1745
f 1238/1970/1746 1321/1971/1747 1322/1969/1745
f 1238/1970/1746 1237/1972/1748 1321/1971/1747
f 1237/1972/1748 1320/1973/1749 1321/1971/1747
f 1237/1972/1748 1234/1974/1750 1320/1973/1749
f 1234/1974/1750 1319/1975/1751 1320/1973/1749
f 1234/1974/1750 1233/1976/1752 1319/1975/1751
f 1233/1976/1752 1317/1929/1707 1319/1975/1751
f 1233/1976/1752 1232/1927/1705 1317/1929/1707
f 1328/1977/1753 1329/1978/1754 1330/1979/1755
f 1328/1977/1753 1331/1980/1756 1329/1978/1754
f 1332/1981/1757 1329/1978/1754 1331/1980/1756
f 1332/1981/1757 1333/1982/1758 1329/1978/1754
f 1329/1978/1754 1334/1983/1759 1335/1984/1760
f 1329/1978/1754 1333/1982/1758 1334/1983/1759
f 1330/1979/1755 1335/1984/1760 1336/1985/1761
f 1330/1979/1755 1329/1978/1754 1335/1984/1760
f 1337/1986/1762 1338/1987/1763 1339/1988/1764
f 1337/1986/1762 1340/1989/1765 1338/1987/1763
f 1341/1990/1766 1340/1989/1765 1337/1986/1762
f 1341/1990/1766 1342/1991/1767 1340/1989/1765
f 1343/1992/1768 1340/1989/1765 1342/1991/1767
f 1343/1992/1768 1344/1993/1769 1340/1989/1765
f 1345/1994/1770 1340/1989/1765 1344/1993/1769
f 1345/1994/1770 1338/1987/1763 1340/1989/1765
f 1346/1995/1771 1347/1996/1772 1348/1997/1773
f 1346/1995/1771 1349/1998/1774 1347/1996/1772
f 1350/1999/1775 1347/1996/1772 1349/1998/1774
f 1350/1999/1775 1351/2000/1776 1347/1996/1772
f 306/2001/1777 196/2002/1778 1352/2003/1779
f 306/2001/1777 195/2004/1780 196/2002/1778
f 138/2005/1781 1353/2006/1782 1354/2007/1783
f 138/2005/1781 140/2008/1784 1353/2006/1782
f 1331/1980/1756 1355/2009/1785 1332/1981/1757
f 1331/1980/1756 1356/2010/1786 1355/2009/1785
f 1328/1977/1753 1356/2010/1786 1331/1980/1756
f 1328/1977/1753 1357/2011/1787 1356/2010/1786
f 1358/2012/1788 1356/2010/1786 1357/2011/1787
f 1358/2012/1788 1359/2013/1789 1356/2010/1786
f 1360/2014/1790 1361/2015/1791 1362/2016/1792
f 1360/2014/1790 1363/2017/1793 1361/2015/1791
f 1364/2018/1794 1362/2016/1792 1365/2019/1795
f 1364/2018/1794 1360/2014/1790 1362/2016/1792
f 1366/2020/1796 1360/2014/1790 1364/2018/1794
f 1366/2020/1796 1367/2021/1797 1360/2014/1790
f 1368/2022/1798 1369/2023/1799 1370/2024/1800
f 1368/2022/1798 1371/2025/1801 1369/2023/1799
f 1372/2026/1802 1368/2022/1798 1373/2027/1803
f 1372/2026/1802 1371/2025/1801 1368/2022/1798
f 1374/2028/1804 1371/2025/1805 1372/2026/1806
f 1374/2028/1804 1375/2029/1807 1371/2025/1805
f 1369/2030/1808 1375/2029/1807 1376/2031/1809
f 1369/2030/1808 1371/2025/1805 1375/2029/1807
f 140/2032/1784 1377/2033/1810 1353/2034/1782
f 140/2032/1784 179/2035/1811 1377/2033/1810
f 1378/2036/1812 1351/2000/1776 1379/2037/1813
f 1378/2036/1812 1347/1996/1772 1351/2000/1776
f 1380/2038/1814 1347/1996/1772 1378/2036/1812
f 1380/2038/1814 1348/1997/1773 1347/1996/1772
f 1353/2039/1815 1381/2040/1816 1354/2041/1817
f 1353/2039/1815 1382/2042/1818 1381/2040/1816
f 1383/2043/1819 1381/2040/1816 1382/2042/1818
f 1383/2043/1819 1384/2044/1820 1381/2040/1816
f 1377/2045/1821 1352/2046/1822 1385/2047/1823
f 196/2048/227 1386/2049/1824 1352/2046/1825
f 1387/2050/1826 1352/2046/1825 1386/2049/1824
f 1387/2050/1826 1388/2051/1827 1352/2046/1825
f 1385/2047/1828 1352/2046/1825 1388/2051/1827
f 1387/2052/1826 1389/2053/1829 1390/2054/1830
f 1387/2052/1826 1386/2055/1824 1389/2053/1829
f 1386/2055/1824 196/2002/227 1389/2053/1829
f 1390/2054/1830 1391/2056/1831 1392/2057/1832
f 1390/2054/1830 1389/2053/1829 1391/2056/1831
f 319/2058/373 1393/2059/1833 1394/2060/1834
f 1395/2061/1835 1393/2062/1833 1396/2063/1836
f 1395/2061/1835 1394/2064/1834 1393/2062/1833
f 1397/2065/1837 1394/2060/1834 1395/2066/1835
f 1397/2065/1837 1398/2067/1838 1394/2060/1834
f 322/2068/376 319/2058/373 1394/2060/1834
f 1398/2067/1838 322/2068/376 1394/2060/1834
f 190/232/221 1399/2069/1839 1400/2070/1840
f 1401/2071/1841 1400/2070/1840 1399/2069/1839
f 1401/2071/1841 1402/2072/1842 1400/2070/1840
f 1403/2073/1843 1400/2070/1840 1402/2072/1842
f 1403/2073/1843 1404/2074/1844 1400/2070/1840
f 194/236/225 190/232/221 1400/2070/1840
f 1404/2074/1844 194/236/225 1400/2070/1840
f 1405/2075/1845 1406/2076/1846 1407/2077/1847
f 1405/2075/1845 1408/2078/1848 1406/2076/1846
f 1409/2079/1849 1406/2076/1846 1408/2078/1848
f 1409/2079/1849 1410/2080/1850 1406/2076/1846
f 192/234/223 191/233/222 1406/2076/1846
f 1410/2080/1850 192/234/223 1406/2076/1846
f 191/233/222 1407/2077/1847 1406/2076/1846
f 196/2002/227 321/2081/375 1391/2056/1831
f 1389/2053/1829 196/2002/227 1391/2056/1831
f 321/2081/375 1411/2082/1851 1391/2056/1831
f 1412/2083/1852 1391/2056/1831 1411/2082/1851
f 1412/2083/1852 1392/2057/1832 1391/2056/1831
f 193/235/224 1413/2084/1853 1414/2085/1854
f 1415/2086/1855 1414/2085/1854 1413/2084/1853
f 1415/2086/1855 1416/2087/1856 1414/2085/1854
f 1396/2063/1836 1414/2085/1854 1416/2087/1856
f 1396/2063/1836 1393/2062/1833 1414/2085/1854
f 318/388/372 193/235/224 1414/2085/1854
f 1393/2062/1833 318/388/372 1414/2085/1854
f 1417/2088/1857 1383/2089/1858 1418/2090/1858
f 1417/2088/1857 1384/2091/1857 1383/2089/1858
f 1419/2092/1859 1333/2093/1860 1332/2094/1861
f 1419/2092/1859 1420/2095/1862 1333/2093/1860
f 1421/2096/1863 1333/2093/1860 1420/2095/1862
f 1421/2096/1863 1334/2097/1864 1333/2093/1860
f 1422/2098/1865 1379/2099/1866 1423/2100/1867
f 1422/2098/1865 1424/2101/1868 1379/2099/1866
f 1379/2037/1813 1425/2102/1869 1378/2036/1812
f 1379/2037/1813 1424/2103/1870 1425/2102/1869
f 1426/2104/1871 1369/2105/1857 1427/2106/1857
f 1426/2104/1871 1370/2107/1871 1369/2105/1857
f 1427/2106/1872 1376/2108/1873 1428/2109/1874
f 1427/2106/1872 1369/2105/1875 1376/2108/1873
f 1429/2110/1876 1363/2111/1877 1430/2112/1878
f 1429/2110/1876 1361/2113/1879 1363/2111/1877
f 1431/2114/1880 1361/2113/1879 1429/2110/1876
f 1431/2114/1880 1345/2115/1881 1361/2113/1879
f 1344/1993/1769 1361/2116/1791 1345/1994/1770
f 1344/1993/1769 1362/2117/1792 1361/2116/1791
f 1432/2118/1882 1367/2021/1797 1433/2119/1883
f 1432/2118/1882 1434/2120/1884 1367/2021/1797
f 1435/2121/1885 1434/2122/1886 1432/2123/1887
f 1435/2121/1885 1436/2124/1888 1434/2122/1886
f 1430/2112/1878 1434/2122/1886 1436/2124/1888
f 1430/2112/1878 1363/2111/1877 1434/2122/1886
f 1367/2021/1797 1363/2017/1793 1360/2014/1790
f 1367/2021/1797 1434/2120/1884 1363/2017/1793
f 1423/2100/1867 1351/2125/1889 1437/2126/1890
f 1423/2100/1867 1379/2099/1866 1351/2125/1889
f 1438/2127/1891 1351/2125/1889 1350/2128/1892
f 1438/2127/1891 1437/2126/1890 1351/2125/1889
f 1439/2129/1893 1359/2013/1789 1440/2130/1894
f 1439/2129/1893 1441/2131/1895 1359/2013/1789
f 1442/2132/1896 1441/2133/1897 1439/2134/1896
f 1442/2132/1896 1443/2135/1898 1441/2133/1897
f 1444/2136/1899 1441/2133/1897 1443/2135/1898
f 1444/2136/1899 1355/2137/1900 1441/2133/1897
f 1359/2013/1789 1355/2009/1785 1356/2010/1786
f 1359/2013/1789 1441/2131/1895 1355/2009/1785
f 1445/2138/1901 1446/2139/1902 1447/2140/1903
f 1445/2138/1901 1448/2141/1904 1446/2139/1902
f 1449/2142/1905 1447/2140/1903 1446/2139/1902
f 1449/2142/1905 1450/2143/1906 1447/2140/1903
f 1451/2144/1907 1452/2145/1908 1453/2146/1909
f 1451/2144/1907 1454/2147/1910 1452/2145/1908
f 1455/2148/1911 1453/2149/1909 1452/2150/1908
f 1455/2148/1911 1456/2151/1912 1453/2149/1909
f 680/2152/1913 1457/2153/1914 793/2154/1915
f 680/2152/1913 1458/2155/1916 1457/2153/1914
f 696/2156/1917 793/2154/1915 1457/2153/1914
f 696/2156/1917 694/2157/1918 793/2154/1915
f 645/2158/1919 1354/2007/1920 1459/2159/1921
f 645/2158/1919 138/2005/1922 1354/2007/1920
f 1460/2160/1923 1461/2161/1924 1462/2162/1925
f 1460/2160/1923 1405/2075/1845 1461/2161/1924
f 1463/2163/1926 1462/2162/1925 1461/2161/1924
f 1463/2163/1926 1464/2164/1927 1462/2162/1925
f 1465/2165/1928 1466/2166/1929 1467/2167/1930
f 1465/2165/1928 1468/2168/1931 1466/2166/1929
f 1454/2147/1910 1467/2167/1930 1466/2166/1929
f 1454/2147/1910 1451/2144/1907 1467/2167/1930
f 1469/2169/1932 1470/2170/1933 1471/2171/1934
f 1469/2169/1932 1472/2172/1935 1470/2170/1933
f 1473/2173/1936 1470/2170/1933 1472/2172/1935
f 1473/2173/1936 1474/2174/1937 1470/2170/1933
f 645/2175/1919 1458/2155/1916 680/2152/1913
f 645/2175/1919 1459/2176/1921 1458/2155/1916
f 1475/2177/1938 1476/2178/1939 1477/2179/1940
f 1475/2177/1938 1478/2180/1941 1476/2178/1939
f 1459/2181/1942 1479/2182/1943 1458/2183/1944
f 1474/2174/1945 1458/2183/1944 1479/2182/1943
f 1474/2174/1945 1473/2173/1946 1458/2183/1944
f 1458/2183/1944 1473/2173/1946 1457/2184/1947
f 1472/2172/1935 1457/2184/1948 1473/2173/1936
f 1469/2169/1932 1457/2184/1948 1472/2172/1935
f 1469/2169/1932 1480/2185/1949 1457/2184/1948
f 1480/2185/1949 696/2186/862 1457/2184/1948
f 1469/2187/1932 1481/2188/1950 1480/2189/1949
f 1469/2187/1932 1475/2177/1938 1481/2188/1950
f 1477/2179/1940 1481/2188/1950 1475/2177/1938
f 1477/2179/1940 1482/2190/1951 1481/2188/1950
f 696/2156/862 1480/2189/1949 1481/2188/1950
f 798/2191/981 802/2192/985 1483/2193/1952
f 1484/2194/1953 798/2191/981 1483/2193/1952
f 802/2192/985 1485/2195/1954 1483/2193/1952
f 1455/2148/1911 1483/2193/1952 1485/2195/1954
f 1455/2148/1911 1452/2150/1908 1483/2193/1952
f 1454/2147/1910 1483/2196/1952 1452/2145/1908
f 1454/2147/1910 1484/2197/1953 1483/2196/1952
f 690/919/856 693/922/859 1486/2198/1955
f 1487/2199/1956 690/919/856 1486/2198/1955
f 693/922/859 1488/2200/1957 1486/2198/1955
f 1446/2139/1902 1488/2200/1957 1449/2142/1905
f 1446/2139/1902 1486/2198/1955 1488/2200/1957
f 1448/2141/1904 1486/2198/1955 1446/2139/1902
f 1448/2141/1904 1487/2199/1956 1486/2198/1955
f 1405/2075/1845 1489/2201/1958 1461/2161/1924
f 1405/2075/1845 1407/2077/1847 1489/2201/1958
f 191/233/222 691/920/857 1489/2201/1958
f 1407/2077/1847 191/233/222 1489/2201/1958
f 691/920/857 1490/2202/1959 1489/2201/1958
f 1461/2161/1924 1490/2202/1959 1463/2163/1926
f 1461/2161/1924 1489/2201/1958 1490/2202/1959
f 1491/2203/1960 1482/2190/1951 1477/2179/1940
f 1491/2203/1960 1492/2204/1961 1482/2190/1951
f 801/2205/984 696/2156/862 1482/2190/1951
f 1492/2204/1961 801/2205/984 1482/2190/1951
f 696/2156/862 1481/2188/1950 1482/2190/1951
f 692/921/858 799/1056/982 1493/2206/1962
f 1494/2207/1963 692/921/858 1493/2206/1962
f 799/1056/982 1484/2197/1953 1493/2206/1962
f 1466/2166/1929 1484/2197/1953 1454/2147/1910
f 1466/2166/1929 1493/2206/1962 1484/2197/1953
f 1468/2168/1931 1493/2206/1962 1466/2166/1929
f 1468/2168/1931 1494/2207/1963 1493/2206/1962
f 1417/2088/1857 1495/2208/1858 1384/2091/1857
f 1417/2088/1857 1496/2209/1858 1495/2208/1858
f 1497/2210/1964 1384/2044/1820 1495/2211/1965
f 1497/2210/1964 1381/2040/1816 1384/2044/1820
f 1498/2212/1966 1499/2213/1967 1500/2214/1968
f 1498/2212/1966 1501/2215/1969 1499/2213/1967
f 1502/2216/1970 1501/2217/1971 1498/2218/1972
f 1502/2216/1970 1503/2219/1973 1501/2217/1971
f 1504/2220/1974 1501/2217/1971 1503/2219/1973
f 1504/2220/1974 1505/2221/1975 1501/2217/1971
f 1499/2213/1967 1505/2222/1976 1506/2223/1977
f 1499/2213/1967 1501/2215/1969 1505/2222/1976
f 1507/2224/1978 1508/2225/1979 1509/2226/1980
f 1507/2224/1978 1510/2227/1981 1508/2225/1979
f 1511/2228/1982 1509/2229/1983 1508/2230/1984
f 1511/2228/1982 1512/2231/1985 1509/2229/1983
f 1507/2224/1978 1513/2232/1986 1514/2233/1987
f 1507/2224/1978 1509/2226/1980 1513/2232/1986
f 1512/2234/1985 1513/2235/1988 1509/2236/1983
f 1512/2234/1985 1515/2237/1989 1513/2235/1988
f 1514/2233/1987 1516/2238/1990 1517/2239/1991
f 1514/2233/1987 1513/2232/1986 1516/2238/1990
f 1500/2214/1968 1518/2240/1992 1498/2212/1966
f 1500/2214/1968 1519/2241/1993 1518/2240/1992
f 1518/2240/1992 1520/2242/1994 1521/2243/1995
f 1518/2240/1992 1519/2241/1993 1520/2242/1994
f 1522/2244/1996 1521/2245/1997 1523/2246/1998
f 1522/2244/1996 1518/2247/1999 1521/2245/1997
f 1502/2216/1970 1518/2247/1999 1522/2244/1996
f 1502/2216/1970 1498/2218/1972 1518/2247/1999
f 1524/2248/2000 1525/2249/2001 1526/2250/2002
f 1524/2248/2000 1527/2251/2003 1525/2249/2001
f 1528/2252/2004 1525/2249/2001 1527/2251/2003
f 1528/2252/2004 1529/2253/2005 1525/2249/2001
f 1530/2254/2006 1525/2255/2007 1529/2256/2008
f 1530/2254/2006 1531/2257/2009 1525/2255/2007
f 1526/2258/2010 1531/2257/2009 1532/2259/2011
f 1526/2258/2010 1525/2255/2007 1531/2257/2009
f 1533/2260/2012 1534/2261/2013 1535/2262/2014
f 1533/2260/2012 1536/2263/2015 1534/2261/2013
f 1537/2264/2016 1534/2265/2017 1536/2266/2018
f 1537/2264/2016 1538/2267/2019 1534/2265/2017
f 1440/2130/1894 1539/2268/2020 1439/2129/1893
f 1440/2130/1894 1540/2269/2021 1539/2268/2020
f 1539/2268/2020 1541/2270/2022 1542/2271/2023
f 1539/2268/2020 1540/2269/2021 1541/2270/2022
f 1543/2272/2024 1542/2273/2025 1544/2274/2026
f 1543/2272/2024 1539/2275/2027 1542/2273/2025
f 1442/2132/1896 1539/2275/2027 1543/2272/2024
f 1442/2132/1896 1439/2134/1896 1539/2275/2027
f 1545/2276/2028 1546/2277/2029 1547/2278/2030
f 1545/2276/2028 1548/2279/2031 1546/2277/2029
f 1491/2203/1960 1547/2278/2030 1546/2277/2029
f 1491/2203/1960 1549/2280/2032 1547/2278/2030
f 1427/2281/2033 1550/2282/2034 1426/2283/2035
f 1427/2281/2033 1551/2284/2036 1550/2282/2034
f 1428/2285/2037 1551/2284/2038 1427/2281/2039
f 1428/2285/2037 1552/2286/2040 1551/2284/2038
f 1553/2287/2041 1552/2286/2040 1554/2288/2042
f 1553/2287/2041 1551/2284/2038 1552/2286/2040
f 1555/2289/2043 1551/2284/2036 1553/2287/2044
f 1555/2289/2043 1550/2282/2034 1551/2284/2036
f 1419/2290/2045 1556/2291/2046 1557/2292/2047
f 1419/2290/2045 1444/2293/2048 1556/2291/2046
f 1443/2294/2049 1556/2291/2046 1444/2293/2048
f 1443/2294/2049 1558/2295/2050 1556/2291/2046
f 1559/2296/2051 1558/2295/2050 1560/2297/2052
f 1559/2296/2051 1556/2291/2046 1558/2295/2050
f 1561/2298/2053 1556/2291/2046 1559/2296/2051
f 1561/2298/2053 1557/2292/2047 1556/2291/2046
f 1435/2299/2054 1562/2300/2055 1563/2301/2056
f 1435/2299/2054 1421/2302/2057 1562/2300/2055
f 1420/2303/2058 1562/2300/2055 1421/2302/2057
f 1420/2303/2058 1564/2304/2059 1562/2300/2055
f 1565/2305/2060 1564/2304/2059 1566/2306/2061
f 1565/2305/2060 1562/2300/2055 1564/2304/2059
f 1567/2307/2062 1562/2300/2055 1565/2305/2060
f 1567/2307/2062 1563/2301/2056 1562/2300/2055
f 1430/2308/2063 1568/2309/2064 1429/2310/2065
f 1430/2308/2063 1569/2311/2066 1568/2309/2064
f 1436/2312/2067 1569/2311/2066 1430/2308/2063
f 1436/2312/2067 1570/2313/2068 1569/2311/2066
f 1571/2314/2069 1570/2313/2068 1572/2315/2070
f 1571/2314/2069 1569/2311/2066 1570/2313/2068
f 1573/2316/2071 1569/2311/2066 1571/2314/2069
f 1573/2316/2071 1568/2309/2064 1569/2311/2066
f 1574/2317/2072 1575/2318/2073 1576/2319/2074
f 1574/2317/2072 1577/2320/2075 1575/2318/2073
f 1431/2321/2076 1575/2318/2073 1577/2320/2075
f 1431/2321/2076 1578/2322/2077 1575/2318/2073
f 1579/2323/2078 1575/2318/2073 1578/2322/2077
f 1579/2323/2078 1580/2324/2079 1575/2318/2073
f 1581/2325/2080 1575/2318/2073 1580/2324/2079
f 1581/2325/2080 1576/2319/2074 1575/2318/2073
f 1422/2326/2081 1582/2327/2082 1583/2328/2083
f 1422/2326/2081 1423/2329/2084 1582/2327/2082
f 1584/2330/2085 1583/2328/2083 1582/2327/2082
f 1584/2330/2085 1585/2331/2086 1583/2328/2083
f 1417/2332/2087 1586/2333/2088 1587/2334/2089
f 1417/2332/2087 1418/2335/2090 1586/2333/2088
f 1588/2336/2091 1587/2334/2089 1586/2333/2088
f 1588/2336/2091 1589/2337/2092 1587/2334/2089
f 1438/2338/2093 1590/2339/2094 1437/2340/2095
f 1438/2338/2093 1591/2341/2096 1590/2339/2094
f 1592/2342/2097 1590/2339/2094 1591/2341/2096
f 1592/2342/2097 1593/2343/2098 1590/2339/2094
f 1584/2330/2085 1590/2339/2094 1593/2343/2098
f 1584/2330/2085 1582/2327/2082 1590/2339/2094
f 1510/2344/2099 1594/2345/2100 1535/2346/2101
f 1510/2344/2099 1595/2347/2102 1594/2345/2100
f 1596/2348/2103 1594/2345/2100 1595/2347/2102
f 1596/2348/2103 1597/2349/2104 1594/2345/2100
f 1524/2350/2105 1598/2351/2106 1599/2352/2107
f 1524/2350/2105 1600/2353/2108 1598/2351/2106
f 1533/2354/2109 1598/2351/2106 1600/2353/2108
f 1533/2354/2109 1601/2355/2110 1598/2351/2106
f 1602/2356/2111 1598/2351/2106 1601/2355/2110
f 1602/2356/2111 1603/2357/2112 1598/2351/2106
f 1604/2358/2113 1598/2351/2106 1603/2357/2112
f 1604/2358/2113 1599/2352/2107 1598/2351/2106
f 1605/2359/2114 1606/2360/2115 1517/2361/2116
f 1605/2359/2114 1607/2362/2117 1606/2360/2115
f 1496/2363/2118 1607/2362/2117 1605/2359/2114
f 1496/2363/2118 1608/2364/2119 1607/2362/2117
f 1609/2365/2120 1607/2362/2117 1608/2364/2119
f 1609/2365/2120 1610/2366/2121 1607/2362/2117
f 1611/2367/2122 1607/2362/2117 1610/2366/2121
f 1611/2367/2122 1606/2360/2115 1607/2362/2117
f 1507/2368/2123 1612/2369/2124 1613/2370/2125
f 1507/2368/2123 1514/2371/2126 1612/2369/2124
f 1517/2361/2127 1612/2369/2124 1514/2371/2126
f 1517/2361/2127 1606/2360/2128 1612/2369/2124
f 1614/2372/2129 1606/2360/2128 1611/2367/2130
f 1614/2372/2129 1612/2369/2124 1606/2360/2128
f 1615/2373/2131 1612/2369/2124 1614/2372/2129
f 1615/2373/2131 1613/2370/2125 1612/2369/2124
f 1616/2374/2132 1617/2375/2133 1618/2376/2134
f 1616/2374/2132 1504/2377/2135 1617/2375/2133
f 1503/2378/2136 1617/2375/2133 1504/2377/2135
f 1503/2378/2136 1619/2379/2137 1617/2375/2133
f 1620/2380/2138 1619/2379/2137 1621/2381/2139
f 1620/2380/2138 1617/2375/2133 1619/2379/2137
f 1622/2382/2140 1617/2375/2133 1620/2380/2138
f 1622/2382/2140 1618/2376/2134 1617/2375/2133
f 1623/2383/2141 1624/2384/2142 1523/2385/2143
f 1623/2383/2141 1625/2386/2144 1624/2384/2142
f 1528/2387/2145 1625/2386/2144 1623/2383/2141
f 1528/2387/2145 1626/2388/2146 1625/2386/2144
f 1627/2389/2147 1625/2386/2144 1626/2388/2146
f 1627/2389/2147 1628/2390/2148 1625/2386/2144
f 1629/2391/2149 1625/2386/2144 1628/2390/2148
f 1629/2391/2149 1624/2384/2142 1625/2386/2144
f 1502/2392/2150 1630/2393/2151 1631/2394/2152
f 1502/2392/2150 1522/2395/2153 1630/2393/2151
f 1523/2385/2143 1630/2393/2151 1522/2395/2153
f 1523/2385/2143 1624/2384/2142 1630/2393/2151
f 1632/2396/2154 1624/2384/2142 1629/2391/2149
f 1632/2396/2154 1630/2393/2151 1624/2384/2142
f 1633/2397/2155 1630/2393/2151 1632/2396/2154
f 1633/2397/2155 1631/2394/2152 1630/2393/2151
f 1442/2398/2156 1634/2399/2157 1635/2400/2156
f 1442/2398/2156 1543/2401/2158 1634/2399/2157
f 1544/2402/2159 1634/2399/2157 1543/2401/2158
f 1544/2402/2159 1636/2403/2160 1634/2399/2157
f 1637/2404/2161 1636/2403/2160 1638/2405/2162
f 1637/2404/2161 1634/2399/2157 1636/2403/2160
f 1639/2406/2156 1634/2399/2157 1637/2404/2161
f 1639/2406/2156 1635/2400/2156 1634/2399/2157
f 1353/2039/1815 1377/2045/1821 1373/2027/1803
f 1373/2027/1803 1385/2047/1823 1372/2026/1802
f 1373/2027/1803 1377/2045/1821 1385/2047/1823
f 1385/2047/1828 1374/2028/1804 1372/2026/1806
f 1385/2047/1828 1388/2051/1827 1374/2028/1804
f 1640/2407/2163 1390/2054/1830 1380/2038/1814
f 1640/2407/2163 1387/2052/1826 1390/2054/1830
f 1380/2038/1814 1392/2057/1832 1348/1997/1773
f 1380/2038/1814 1390/2054/1830 1392/2057/1832
f 1412/2083/1852 1348/1997/1773 1392/2057/1832
f 1412/2083/1852 1346/1995/1771 1348/1997/1773
f 1341/1990/1766 1641/2408/2164 1342/2409/1767
f 1341/1990/1766 1642/2410/2165 1641/2408/2164
f 1397/2065/1837 1342/2409/1767 1641/2408/2164
f 1397/2065/1837 1343/2411/1768 1342/2409/1767
f 1365/2019/1795 1396/2063/1836 1364/2018/1794
f 1365/2019/1795 1395/2061/1835 1396/2063/1836
f 1416/2087/1856 1364/2018/1794 1396/2063/1836
f 1416/2087/1856 1366/2020/1796 1364/2018/1794
f 1643/2412/2166 1403/2073/1843 1336/1985/1761
f 1643/2412/2166 1415/2086/1855 1403/2073/1843
f 1402/2072/1842 1336/1985/1761 1403/2073/1843
f 1402/2072/1842 1330/1979/1755 1336/1985/1761
f 1328/1977/1753 1409/2079/1849 1357/2011/1787
f 1328/1977/1753 1401/2071/1841 1409/2079/1849
f 1408/2078/1848 1357/2011/1787 1409/2079/1849
f 1408/2078/1848 1358/2012/1788 1357/2011/1787
f 1459/2181/1942 1381/2040/1816 1497/2210/1964
f 1459/2181/1942 1354/2041/1817 1381/2040/1816
f 1479/2182/1943 1644/2413/2167 1474/2174/1945
f 1479/2182/1943 1645/2414/2168 1644/2413/2167
f 1644/2413/2169 1513/2235/1988 1515/2237/1989
f 1644/2413/2169 1516/2415/2170 1513/2235/1988
f 1474/2174/1937 1515/2237/1989 1470/2170/1933
f 1474/2174/1937 1644/2413/2169 1515/2237/1989
f 1471/2416/1934 1511/2228/1982 1478/2180/1941
f 1471/2416/1934 1512/2231/1985 1511/2228/1982
f 1478/2180/1941 1538/2267/2019 1476/2178/1939
f 1478/2180/1941 1511/2228/1982 1538/2267/2019
f 1549/2280/2032 1538/2267/2019 1537/2264/2016
f 1549/2280/2032 1476/2178/1939 1538/2267/2019
f 1545/2276/2028 1531/2257/2009 1646/2417/2171
f 1545/2276/2028 1532/2259/2011 1531/2257/2009
f 1456/2151/1912 1531/2257/2009 1530/2254/2006
f 1456/2151/1912 1646/2417/2171 1531/2257/2009
f 1453/2146/1909 1520/2242/1994 1451/2144/1907
f 1453/2146/1909 1647/2418/2172 1520/2242/1994
f 1521/2243/1995 1647/2418/2172 1648/2419/2173
f 1521/2243/1995 1520/2242/1994 1647/2418/2172
f 1451/2144/1907 1519/2241/1993 1467/2167/1930
f 1451/2144/1907 1520/2242/1994 1519/2241/1993
f 1465/2165/1928 1499/2213/1967 1450/2143/1906
f 1465/2165/1928 1500/2214/1968 1499/2213/1967
f 1450/2143/1906 1506/2223/1977 1447/2140/1903
f 1450/2143/1906 1499/2213/1967 1506/2223/1977
f 1445/2138/1901 1541/2270/2022 1464/2164/1927
f 1445/2138/1901 1649/2420/2174 1541/2270/2022
f 1650/2421/2175 1541/2270/2022 1649/2420/2174
f 1650/2421/2175 1542/2271/2023 1541/2270/2022
f 1464/2164/1927 1540/2269/2021 1462/2162/1925
f 1464/2164/1927 1541/2270/2022 1540/2269/2021
f 1433/2119/1883 1334/1983/1759 1432/2118/1882
f 1433/2119/1883 1335/1984/1760 1334/1983/1759
f 1643/2412/2166 1335/1984/1760 1433/2119/1883
f 1643/2412/2166 1336/1985/1761 1335/1984/1760
f 1343/1992/1768 1362/2117/1792 1344/1993/1769
f 1343/1992/1768 1365/2422/1795 1362/2117/1792
f 1346/1995/1771 1651/2423/2176 1349/1998/1774
f 1346/1995/1771 1652/2424/2177 1651/2423/2176
f 1341/1990/1766 1651/2423/2176 1652/2424/2177
f 1341/1990/1766 1337/1986/1762 1651/2423/2176
f 1339/2425/1764 1651/2423/2176 1337/1986/1762
f 1339/2425/1764 1653/2426/2178 1651/2423/2176
f 1349/1998/1774 1653/2427/2178 1350/1999/1775
f 1349/1998/1774 1651/2423/2176 1653/2427/2178
f 1460/2160/1923 1359/2013/1789 1358/2012/1788
f 1460/2160/1923 1440/2130/1894 1359/2013/1789
f 1643/2412/2166 1367/2021/1797 1366/2020/1796
f 1643/2412/2166 1433/2119/1883 1367/2021/1797
f 1640/2428/2163 1375/2029/1807 1374/2028/1804
f 1640/2428/2163 1425/2429/1869 1375/2029/1807
f 1424/2430/1870 1375/2029/1807 1425/2429/1869
f 1424/2430/1870 1376/2431/1809 1375/2029/1807
f 1640/2407/2163 1378/2036/1812 1425/2102/1869
f 1640/2407/2163 1380/2038/1814 1378/2036/1812
f 1353/2039/1815 1368/2022/1798 1382/2042/1818
f 1353/2039/1815 1373/2027/1803 1368/2022/1798
f 1382/2042/1818 1370/2432/1800 1383/2043/1819
f 1382/2042/1818 1368/2022/1798 1370/2432/1800
f 1397/2065/1837 1654/2433/2179 1398/2067/1838
f 1397/2065/1837 1641/2408/2164 1654/2433/2179
f 1642/2410/2165 1654/2433/2179 1641/2408/2164
f 1642/2410/2165 1655/2434/2180 1654/2433/2179
f 320/2435/374 322/2068/376 1654/2433/2179
f 1655/2434/2180 320/2435/374 1654/2433/2179
f 322/2068/376 1398/2067/1838 1654/2433/2179
f 1415/2086/1855 1404/2074/1844 1403/2073/1843
f 1415/2086/1855 1413/2084/1853 1404/2074/1844
f 193/235/224 194/236/225 1404/2074/1844
f 1413/2084/1853 193/235/224 1404/2074/1844
f 1401/2071/1841 1410/2080/1850 1409/2079/1849
f 1401/2071/1841 1399/2069/1839 1410/2080/1850
f 190/232/221 192/234/223 1410/2080/1850
f 1399/2069/1839 190/232/221 1410/2080/1850
f 321/2081/375 320/2435/374 1656/2436/2181
f 1411/2082/1851 321/2081/375 1656/2436/2181
f 320/2435/374 1655/2434/2180 1656/2436/2181
f 1642/2410/2165 1656/2436/2181 1655/2434/2180
f 1642/2410/2165 1657/2437/2182 1656/2436/2181
f 1412/2083/1852 1656/2436/2181 1657/2437/2182
f 1412/2083/1852 1411/2082/1851 1656/2436/2181
f 319/389/373 318/388/372 1393/2062/1833
f 1418/2090/1858 1370/2107/1871 1426/2104/1871
f 1418/2090/1858 1383/2089/1858 1370/2107/1871
f 1435/2121/1885 1334/2097/1864 1421/2096/1863
f 1435/2121/1885 1432/2123/1887 1334/2097/1864
f 1422/2098/1865 1376/2108/1873 1424/2101/1868
f 1422/2098/1865 1428/2109/1874 1376/2108/1873
f 1431/2114/1880 1338/2438/2183 1345/2115/1881
f 1431/2114/1880 1577/2439/2184 1338/2438/2183
f 1574/2440/2185 1338/2438/2183 1577/2439/2184
f 1574/2440/2185 1339/2441/2186 1338/2438/2183
f 1574/2440/2185 1653/2442/2187 1339/2441/2186
f 1574/2440/2185 1658/2443/2188 1653/2442/2187
f 1438/2127/1891 1653/2442/2187 1658/2443/2188
f 1438/2127/1891 1350/2128/1892 1653/2442/2187
f 1419/2092/1859 1355/2137/1900 1444/2136/1899
f 1419/2092/1859 1332/2094/1861 1355/2137/1900
f 1468/2168/1931 1450/2143/1906 1449/2142/1905
f 1468/2168/1931 1465/2165/1928 1450/2143/1906
f 1455/2148/1911 1646/2417/2171 1456/2151/1912
f 1455/2148/1911 1659/2444/2189 1646/2417/2171
f 1548/2279/2031 1646/2417/2171 1659/2444/2189
f 1548/2279/2031 1545/2276/2028 1646/2417/2171
f 1448/2141/1904 1464/2164/1927 1463/2163/1926
f 1448/2141/1904 1445/2138/1901 1464/2164/1927
f 1469/2187/1932 1478/2180/1941 1475/2177/1938
f 1469/2187/1932 1471/2416/1934 1478/2180/1941
f 802/2192/985 800/2445/983 1660/2446/2190
f 1485/2195/1954 802/2192/985 1660/2446/2190
f 800/2445/983 1661/2447/2191 1660/2446/2190
f 1548/2279/2031 1660/2446/2190 1661/2447/2191
f 1548/2279/2031 1659/2444/2189 1660/2446/2190
f 1455/2148/1911 1660/2446/2190 1659/2444/2189
f 1455/2148/1911 1485/2195/1954 1660/2446/2190
f 693/922/859 692/921/858 1488/2200/1957
f 692/921/858 1494/2207/1963 1488/2200/1957
f 1468/2168/1931 1488/2200/1957 1494/2207/1963
f 1468/2168/1931 1449/2142/1905 1488/2200/1957
f 691/920/857 690/919/856 1490/2202/1959
f 690/919/856 1487/2199/1956 1490/2202/1959
f 1448/2141/1904 1490/2202/1959 1487/2199/1956
f 1448/2141/1904 1463/2163/1926 1490/2202/1959
f 1491/2203/1960 1662/2448/2192 1492/2204/1961
f 1491/2203/1960 1546/2277/2029 1662/2448/2192
f 1548/2279/2031 1662/2448/2192 1546/2277/2029
f 1548/2279/2031 1661/2447/2191 1662/2448/2192
f 800/2445/983 801/2205/984 1662/2448/2192
f 1661/2447/2191 800/2445/983 1662/2448/2192
f 801/2205/984 1492/2204/1961 1662/2448/2192
f 799/1056/982 798/1055/981 1484/2197/1953
f 1496/2209/1858 1663/2449/1857 1495/2208/1858
f 1496/2209/1858 1605/2450/1857 1663/2449/1857
f 1517/2239/1857 1663/2449/1857 1605/2450/1857
f 1517/2239/1857 1516/2238/1857 1663/2449/1857
f 1663/2451/2193 1644/2413/2167 1645/2414/2168
f 1663/2451/2193 1516/2452/2194 1644/2413/2167
f 1495/2211/1965 1645/2414/2168 1497/2210/1964
f 1495/2211/1965 1663/2453/2193 1645/2414/2168
f 1616/2454/2195 1505/2221/1975 1504/2220/1974
f 1616/2454/2195 1650/2455/2196 1505/2221/1975
f 1649/2420/2174 1505/2222/1976 1650/2421/2175
f 1649/2420/2174 1506/2223/1977 1505/2222/1976
f 1510/2227/1981 1534/2261/2013 1508/2225/1979
f 1510/2227/1981 1535/2262/2014 1534/2261/2013
f 1508/2230/1984 1538/2267/2019 1511/2228/1982
f 1508/2230/1984 1534/2265/2017 1538/2267/2019
f 1523/2246/1998 1648/2456/2197 1623/2457/2198
f 1523/2246/1998 1521/2245/1997 1648/2456/2197
f 1528/2252/2004 1648/2456/2197 1529/2253/2005
f 1528/2252/2004 1623/2457/2198 1648/2456/2197
f 1529/2256/2008 1647/2458/2172 1530/2254/2006
f 1529/2256/2008 1648/2459/2173 1647/2458/2172
f 1533/2260/2012 1664/2460/2199 1536/2263/2015
f 1533/2260/2012 1600/2461/2200 1664/2460/2199
f 1524/2248/2000 1664/2460/2199 1600/2461/2200
f 1524/2248/2000 1526/2250/2002 1664/2460/2199
f 1532/2259/2011 1664/2462/2201 1526/2258/2010
f 1532/2259/2011 1665/2463/2202 1664/2462/2201
f 1536/2266/2018 1665/2463/2202 1537/2264/2016
f 1536/2266/2018 1664/2462/2201 1665/2463/2202
f 1616/2454/2195 1542/2273/2025 1650/2455/2196
f 1616/2454/2195 1544/2274/2026 1542/2273/2025
f 1491/2203/1960 1476/2178/1939 1549/2280/2032
f 1491/2203/1960 1477/2179/1940 1476/2178/1939
f 1422/2326/2081 1552/2286/2040 1428/2285/2037
f 1422/2326/2081 1583/2328/2083 1552/2286/2040
f 1585/2331/2086 1552/2286/2040 1583/2328/2083
f 1585/2331/2086 1554/2288/2042 1552/2286/2040
f 1442/2398/2156 1558/2464/2050 1443/2465/2049
f 1442/2398/2156 1635/2400/2156 1558/2464/2050
f 1639/2406/2156 1558/2464/2050 1635/2400/2156
f 1639/2406/2156 1560/2466/2052 1558/2464/2050
f 1419/2290/2045 1564/2304/2059 1420/2303/2058
f 1419/2290/2045 1557/2292/2047 1564/2304/2059
f 1561/2298/2053 1564/2304/2059 1557/2292/2047
f 1561/2298/2053 1566/2306/2061 1564/2304/2059
f 1435/2299/2054 1570/2313/2068 1436/2312/2067
f 1435/2299/2054 1563/2301/2056 1570/2313/2068
f 1567/2307/2062 1570/2313/2068 1563/2301/2056
f 1567/2307/2062 1572/2315/2070 1570/2313/2068
f 1431/2321/2076 1568/2309/2064 1578/2322/2077
f 1431/2321/2076 1429/2310/2065 1568/2309/2064
f 1579/2323/2078 1568/2309/2064 1573/2316/2071
f 1579/2323/2078 1578/2322/2077 1568/2309/2064
f 1423/2329/2084 1590/2339/2094 1582/2327/2082
f 1423/2329/2084 1437/2340/2095 1590/2339/2094
f 1418/2335/2090 1550/2282/2034 1586/2333/2088
f 1418/2335/2090 1426/2283/2035 1550/2282/2034
f 1588/2336/2091 1550/2282/2034 1555/2289/2043
f 1588/2336/2091 1586/2333/2088 1550/2282/2034
f 1438/2338/2093 1666/2467/2203 1591/2341/2096
f 1438/2338/2093 1658/2468/2204 1666/2467/2203
f 1574/2317/2072 1666/2467/2203 1658/2468/2204
f 1574/2317/2072 1576/2319/2074 1666/2467/2203
f 1581/2325/2080 1666/2467/2203 1576/2319/2074
f 1581/2325/2080 1667/2469/2205 1666/2467/2203
f 1592/2342/2097 1666/2467/2203 1667/2469/2205
f 1592/2342/2097 1591/2341/2096 1666/2467/2203
f 1510/2344/2099 1613/2370/2125 1595/2347/2102
f 1510/2344/2099 1507/2368/2123 1613/2370/2125
f 1615/2373/2131 1595/2347/2102 1613/2370/2125
f 1615/2373/2131 1596/2348/2103 1595/2347/2102
f 1533/2354/2109 1594/2345/2100 1601/2355/2110
f 1533/2354/2109 1535/2346/2101 1594/2345/2100
f 1602/2356/2111 1594/2345/2100 1597/2349/2104
f 1602/2356/2111 1601/2355/2110 1594/2345/2100
f 1496/2363/2118 1587/2334/2089 1608/2364/2119
f 1496/2363/2118 1417/2332/2087 1587/2334/2089
f 1589/2337/2092 1608/2364/2119 1587/2334/2089
f 1589/2337/2092 1609/2365/2120 1608/2364/2119
f 1502/2392/2150 1619/2379/2137 1503/2378/2136
f 1502/2392/2150 1631/2394/2152 1619/2379/2137
f 1633/2397/2155 1619/2379/2137 1631/2394/2152
f 1633/2397/2155 1621/2381/2139 1619/2379/2137
f 1528/2387/2145 1668/2470/2206 1626/2388/2146
f 1528/2387/2145 1527/2471/2207 1668/2470/2206
f 1524/2350/2105 1668/2470/2206 1527/2471/2207
f 1524/2350/2105 1599/2352/2107 1668/2470/2206
f 1604/2358/2113 1668/2470/2206 1599/2352/2107
f 1604/2358/2113 1669/2472/2208 1668/2470/2206
f 1627/2389/2147 1668/2470/2206 1669/2472/2208
f 1627/2389/2147 1626/2388/2146 1668/2470/2206
f 1616/2374/2132 1636/2403/2160 1544/2402/2159
f 1616/2374/2132 1618/2376/2134 1636/2403/2160
f 1622/2382/2140 1636/2403/2160 1618/2376/2134
f 1622/2382/2140 1638/2405/2162 1636/2403/2160
f 1387/2050/1826 1374/2028/1804 1388/2051/1827
f 1387/2050/1826 1640/2428/2163 1374/2028/1804
f 1412/2083/1852 1652/2424/2177 1346/1995/1771
f 1412/2083/1852 1657/2437/2182 1652/2424/2177
f 1642/2410/2165 1652/2424/2177 1657/2437/2182
f 1642/2410/2165 1341/1990/1766 1652/2424/2177
f 1397/2065/1837 1365/2473/1795 1343/2411/1768
f 1397/2065/1837 1395/2066/1835 1365/2473/1795
f 1415/2086/1855 1366/2020/1796 1416/2087/1856
f 1415/2086/1855 1643/2412/2166 1366/2020/1796
f 1401/2071/1841 1330/1979/1755 1402/2072/1842
f 1401/2071/1841 1328/1977/1753 1330/1979/1755
f 1405/2075/1845 1358/2012/1788 1408/2078/1848
f 1405/2075/1845 1460/2160/1923 1358/2012/1788
f 1459/2181/1942 1645/2414/2168 1479/2182/1943
f 1459/2181/1942 1497/2210/1964 1645/2414/2168
f 1471/2171/1934 1515/2237/1989 1512/2234/1985
f 1471/2171/1934 1470/2170/1933 1515/2237/1989
f 1545/2276/2028 1665/2463/2202 1532/2259/2011
f 1545/2276/2028 1547/2278/2030 1665/2463/2202
f 1549/2280/2032 1665/2463/2202 1547/2278/2030
f 1549/2280/2032 1537/2264/2016 1665/2463/2202
f 1456/2151/1912 1647/2458/2172 1453/2149/1909
f 1456/2151/1912 1530/2254/2006 1647/2458/2172
f 1465/2165/1928 1519/2241/1993 1500/2214/1968
f 1465/2165/1928 1467/2167/1930 1519/2241/1993
f 1445/2138/1901 1506/2223/1977 1649/2420/2174
f 1445/2138/1901 1447/2140/1903 1506/2223/1977
f 1460/2160/1923 1540/2269/2021 1440/2130/1894
f 1460/2160/1923 1462/2162/1925 1540/2269/2021
f 1555/2474/2209 1553/2475/2210 1670/2476/2211
f 1561/2477/2212 1559/2478/2213 1670/2476/2211
f 1567/2479/2214 1565/2480/2214 1670/2476/2211
f 1573/2481/2215 1571/2482/2216 1670/2476/2211
f 1580/2483/2216 1579/2484/2215 1670/2476/2211
f 1581/2485/2217 1580/2483/2216 1670/2476/2211
f 1585/2486/2218 1584/2487/2219 1670/2476/2211
f 1589/2488/2220 1588/2489/2220 1670/2476/2211
f 1593/2490/2221 1592/2491/2222 1670/2476/2211
f 1584/2487/2219 1593/2490/2221 1670/2476/2211
f 1597/2492/2223 1596/2493/2224 1670/2476/2211
f 1603/2494/2225 1602/2495/2226 1670/2476/2211
f 1604/2496/2227 1603/2494/2225 1670/2476/2211
f 1610/2497/2228 1609/2498/2220 1670/2476/2211
f 1611/2499/2229 1610/2497/2228 1670/2476/2211
f 1615/2500/2230 1614/2501/2231 1670/2476/2211
f 1622/2502/2232 1620/2503/2233 1670/2476/2211
f 1628/2504/2234 1627/2505/2235 1670/2476/2211
f 1629/2506/2234 1628/2504/2234 1670/2476/2211
f 1633/2507/2233 1632/2508/2234 1670/2476/2211
f 1639/2509/2213 1637/2510/2213 1670/2476/2211
f 1554/2511/2236 1585/2486/2218 1670/2476/2211
f 1553/2475/2210 1554/2511/2236 1670/2476/2211
f 1560/2512/2213 1639/2509/2213 1670/2476/2211
f 1559/2478/2213 1560/2512/2213 1670/2476/2211
f 1566/2513/2214 1561/2477/2212 1670/2476/2211
f 1565/2480/2214 1566/2513/2214 1670/2476/2211
f 1572/2514/2216 1567/2479/2214 1670/2476/2211
f 1571/2482/2216 1572/2514/2216 1670/2476/2211
f 1579/2484/2215 1573/2481/2215 1670/2476/2211
f 1588/2489/2220 1555/2474/2209 1670/2476/2211
f 1667/2515/2237 1581/2485/2217 1670/2476/2211
f 1592/2491/2222 1667/2515/2237 1670/2476/2211
f 1596/2493/2224 1615/2500/2230 1670/2476/2211
f 1602/2495/2226 1597/2492/2223 1670/2476/2211
f 1609/2498/2220 1589/2488/2220 1670/2476/2211
f 1614/2501/2231 1611/2499/2229 1670/2476/2211
f 1621/2516/2233 1633/2507/2233 1670/2476/2211
f 1620/2503/2233 1621/2516/2233 1670/2476/2211
f 1669/2517/2234 1604/2496/2227 1670/2476/2211
f 1627/2505/2235 1669/2517/2234 1670/2476/2211
f 1632/2508/2234 1629/2506/2234 1670/2476/2211
f 1638/2518/2213 1622/2502/2232 1670/2476/2211
f 1637/2510/2213 1638/2518/2213 1670/2476/2211
f 1671/2519/2238 1672/2520/2239 1673/2521/2240
f 1671/2519/2238 1674/2522/2241 1672/2520/2239
f 1675/2523/2242 1672/2520/2239 1674/2522/2241
f 1675/2523/2242 1676/2524/2243 1672/2520/2239
f 1677/2525/2244 1672/2520/2239 1676/2524/2243
f 1677/2525/2244 1678/2526/2245 1672/2520/2239
f 1679/2527/2246 1672/2520/2239 1678/2526/2245
f 1679/2527/2246 1673/2521/2240 1672/2520/2239
f 1680/2528/2247 1678/2526/2245 1681/2529/2248
f 1680/2528/2247 1679/2527/2246 1678/2526/2245
f 1677/2525/2244 1681/2529/2248 1678/2526/2245
f 1682/2530/2249 1683/2531/2250 1684/2532/2251
f 1682/2530/2249 1685/2533/2252 1683/2531/2250
f 1679/2527/2246 1683/2531/2250 1685/2533/2252
f 1679/2527/2246 1680/2528/2247 1683/2531/2250
f 1686/2534/2253 1687/2535/2254 1688/2536/2255
f 1686/2534/2253 1689/2537/2256 1687/2535/2254
f 1682/2530/2249 1687/2535/2254 1689/2537/2256
f 1682/2530/2249 1690/2538/2257 1687/2535/2254
f 1691/2539/2258 1687/2535/2254 1690/2538/2257
f 1691/2539/2258 1692/2540/2259 1687/2535/2254
f 1693/2541/2260 1687/2535/2254 1692/2540/2259
f 1693/2541/2260 1688/2536/2255 1687/2535/2254
f 1694/2542/2261 1674/2522/2241 1671/2519/2238
f 1694/2542/2261 1695/2543/2262 1674/2522/2241
f 1696/2544/2263 1674/2522/2241 1695/2543/2262
f 1696/2544/2263 1675/2523/2242 1674/2522/2241
f 1697/2545/2264 1698/2546/2265 1686/2534/2253
f 1697/2545/2264 1699/2547/2266 1698/2546/2265
f 1694/2542/2261 1698/2546/2265 1699/2547/2266
f 1694/2542/2261 1671/2519/2238 1698/2546/2265
f 1700/2548/2267 1688/2536/2255 1693/2541/2260
f 1700/2548/2267 1701/2549/2268 1688/2536/2255
f 1697/2545/2264 1688/2536/2255 1701/2549/2268
f 1697/2545/2264 1686/2534/2253 1688/2536/2255
f 1702/2550/2269 1703/2551/2270 1704/2552/2271
f 1705/2553/2272 1704/2552/2271 1703/2551/2270
f 1705/2553/2272 1706/2554/2273 1704/2552/2271
f 1707/2555/2274 1708/2556/2275 1709/2557/2276
f 1707/2555/2274 1710/2558/2277 1708/2556/2275
f 1706/2554/2273 1708/2556/2275 1710/2558/2277
f 1706/2554/2273 1705/2553/2272 1708/2556/2275
f 1711/2559/2278 1712/2560/2279 1713/2561/2280
f 1707/2555/2274 1713/2561/2280 1712/2560/2279
f 1707/2555/2274 1709/2557/2276 1713/2561/2280
f 1684/2532/2251 1690/2538/2257 1682/2530/2249
f 1684/2532/2251 1714/2562/2281 1690/2538/2257
f 1691/2539/2258 1690/2538/2257 1714/2562/2281
f 1682/2530/2249 1715/2563/2282 1685/2533/2252
f 1682/2530/2249 1689/2537/2256 1715/2563/2282
f 1686/2534/2253 1715/2563/2282 1689/2537/2256
f 1686/2534/2253 1698/2546/2265 1715/2563/2282
f 1671/2519/2238 1715/2563/2282 1698/2546/2265
f 1671/2519/2238 1673/2521/2240 1715/2563/2282
f 1679/2527/2246 1715/2563/2282 1673/2521/2240
f 1679/2527/2246 1685/2533/2252 1715/2563/2282
f 1702/2550/2269 1716/2564/2283 1703/2551/2270
f 1702/2550/2269 1717/2565/2284 1716/2564/2283
f 1696/2544/2263 1716/2564/2283 1717/2565/2284
f 1696/2544/2263 1695/2543/2262 1716/2564/2283
f 1694/2542/2261 1716/2564/2283 1695/2543/2262
f 1694/2542/2261 1718/2566/2285 1716/2564/2283
f 1705/2553/2272 1716/2564/2283 1718/2566/2285
f 1705/2553/2272 1703/2551/2270 1716/2564/2283
f 1705/2553/2272 1719/2567/2286 1708/2556/2275
f 1705/2553/2272 1718/2566/2285 1719/2567/2286
f 1694/2542/2261 1719/2567/2286 1718/2566/2285
f 1694/2542/2261 1699/2547/2266 1719/2567/2286
f 1697/2545/2264 1719/2567/2286 1699/2547/2266
f 1697/2545/2264 1720/2568/2287 1719/2567/2286
f 1709/2557/2276 1719/2567/2286 1720/2568/2287
f 1709/2557/2276 1708/2556/2275 1719/2567/2286
f 1709/2557/2276 1721/2569/2288 1713/2561/2280
f 1709/2557/2276 1720/2568/2287 1721/2569/2288
f 1697/2545/2264 1721/2569/2288 1720/2568/2287
f 1697/2545/2264 1701/2549/2268 1721/2569/2288
f 1700/2548/2267 1721/2569/2288 1701/2549/2268
f 1700/2548/2267 1722/2570/2289 1721/2569/2288
f 1711/2559/2278 1721/2569/2288 1722/2570/2289
f 1711/2559/2278 1713/2561/2280 1721/2569/2288
f 1352/2003/1779 179/2035/1811 306/2001/1777
f 1352/2003/1779 1377/2033/1810 179/2035/1811
f 306/362/352 181/2571/205 305/361/351
f 306/362/352 179/2572/202 181/2571/205
f 305/361/351 180/2573/203 308/364/354
f 305/361/351 181/2571/205 180/2573/203
f 308/364/354 123/2574/204 307/363/353
f 308/364/354 180/2573/203 123/2574/204
f 307/365/355 122/143/132 302/358/347
f 307/365/355 123/144/133 122/143/132
f 302/358/347 299/355/344 301/357/346
f 302/358/347 122/143/132 299/355/344
f 301/357/346 310/370/357 309/2575/356
f 301/357/346 299/355/344 310/370/357
f 309/2575/356 178/555/201 156/2576/176
f 309/2575/356 310/370/357 178/555/201
f 156/2576/176 176/242/199 157/196/177
f 156/2576/176 178/555/201 176/242/199
f 157/196/177 176/242/199 160/195/181
f 793/1036/970 697/926/863 792/1034/969
f 793/1036/970 694/923/1219 697/926/863
f 792/1034/969 542/730/681 794/1039/971
f 792/1034/969 697/926/863 542/730/681
f 794/1039/971 541/729/680 795/1040/972
f 794/1039/971 542/730/681 541/729/680
f 795/1042/973 662/884/820 789/1031/966
f 795/1042/973 541/883/819 662/884/820
f 789/1031/966 790/1032/967 788/1030/965
f 789/1031/966 662/884/820 790/1032/967
f 788/2577/965 665/2578/823 796/2579/974
f 788/2577/965 790/2580/967 665/2578/823
f 796/2579/974 664/2581/822 659/2582/816
f 796/2579/974 665/2578/823 664/2581/822
f 659/2582/816 661/2583/818 657/2584/814
f 659/2582/816 664/2581/822 661/2583/818
f 657/878/814 556/746/699 663/885/821
f 657/878/814 661/882/818 556/746/699
f 1723/2585/2290 1724/2586/2290 1725/2587/2291
f 1723/2585/2290 1726/2588/2292 1724/2586/2290
f 160/2589/2293 1727/2590/2294 1728/2591/2295
f 160/2589/2293 199/2592/2296 1727/2590/2294
f 214/2593/2297 1729/2594/2298 1730/2595/2299
f 214/2593/2297 215/2596/2300 1729/2594/2298
f 215/2596/2300 1728/2591/2295 1729/2594/2298
f 215/2596/2300 160/2589/2293 1728/2591/2295
f 213/2597/2301 1730/2595/2299 1731/2598/2302
f 213/2597/2301 214/2593/2297 1730/2595/2299
f 212/2599/2303 1731/2598/2302 1732/2600/1857
f 212/2599/2303 213/2597/2301 1731/2598/2302
f 200/2601/2304 1733/2602/2305 1734/2603/2306
f 200/2601/2304 201/2604/2307 1733/2602/2305
f 201/2604/2307 1735/2605/2308 1733/2602/2305
f 201/2604/2307 202/2606/2309 1735/2605/2308
f 206/2607/2310 1736/2608/2311 1737/2609/2312
f 206/2607/2310 203/2610/2313 1736/2608/2311
f 203/2610/2313 1738/2611/2314 1736/2608/2311
f 203/2610/2313 205/2612/2315 1738/2611/2314
f 210/2613/2316 1739/2614/2317 1740/2615/2318
f 210/2613/2316 211/2616/2319 1739/2614/2317
f 211/2616/2319 1737/2609/2312 1739/2614/2317
f 211/2616/2319 206/2607/2310 1737/2609/2312
f 297/2617/2320 1741/2618/2321 1742/2619/2322
f 297/2617/2320 413/2620/2323 1741/2618/2321
f 205/2612/2315 1742/2619/2322 1738/2611/2314
f 205/2612/2315 297/2617/2320 1742/2619/2322
f 202/2606/2309 1743/2621/2324 1735/2605/2308
f 202/2606/2309 208/2622/2325 1743/2621/2324
f 208/2622/2325 1740/2615/2318 1743/2621/2324
f 208/2622/2325 210/2613/2316 1740/2615/2318
f 413/2620/2323 1744/2623/2326 1741/2618/2321
f 413/2620/2323 414/2624/2327 1744/2623/2326
f 414/2624/2327 1745/2625/2328 1744/2623/2326
f 414/2624/2327 415/2626/2329 1745/2625/2328
f 415/2626/2329 1746/2627/2330 1745/2625/2328
f 415/2626/2329 416/2628/2331 1746/2627/2330
f 416/2628/2331 1747/2629/2332 1746/2627/2330
f 416/2628/2331 417/2630/1702 1747/2629/2332
f 1748/2631/2333 1749/2632/2334 1750/2633/2335
f 1748/2631/2333 1751/2634/2336 1749/2632/2334
f 1741/2618/2337 1752/2635/2338 1753/2636/2339
f 1741/2618/2337 1744/2623/2340 1752/2635/2338
f 1754/2637/2341 1749/2632/2334 1755/2638/2342
f 1754/2637/2341 1750/2633/2335 1749/2632/2334
f 1752/2635/2338 1747/2629/2343 1756/2639/2344
f 1752/2635/2338 1746/2627/2345 1747/2629/2343
f 1746/2627/2345 1752/2635/2338 1745/2625/2346
f 1745/2625/2346 1752/2635/2338 1744/2623/2340
f 1757/2640/2347 1742/2619/2348 1758/2641/2349
f 1757/2640/2347 1738/2611/2350 1742/2619/2348
f 1759/2642/2351 1754/2637/2341 1755/2638/2342
f 1759/2642/2351 1760/2643/2352 1754/2637/2341
f 1758/2641/2349 1741/2618/2337 1753/2636/2339
f 1758/2641/2349 1742/2619/2348 1741/2618/2337
f 1757/2644/2347 1761/2645/2353 1762/2646/2354
f 1757/2644/2347 1758/2647/2349 1761/2645/2353
f 1758/2647/2349 1763/2648/2355 1761/2645/2353
f 1758/2647/2349 1753/2649/2339 1763/2648/2355
f 1753/2649/2339 1764/2650/2356 1763/2648/2355
f 1753/2649/2339 1752/2651/2338 1764/2650/2356
f 1756/2639/2344 1765/2652/2357 1752/2635/2338
f 1766/2653/2358 1752/2635/2338 1765/2652/2357
f 1764/2654/2356 1752/2635/2338 1766/2653/2358
f 1757/2644/2347 1767/2655/2359 1768/2656/2360
f 1757/2644/2347 1762/2646/2354 1767/2655/2359
f 1751/2634/2336 1769/2657/2361 1770/2658/2362
f 1751/2634/2336 1748/2631/2333 1769/2657/2361
f 1771/2659/2363 1772/2660/2364 1773/2661/2365
f 1771/2659/2363 1774/2662/2366 1772/2660/2364
f 1761/2663/2353 1775/2664/2367 1762/2665/2354
f 1761/2663/2353 1776/2666/2368 1775/2664/2367
f 1763/2667/2355 1776/2666/2368 1761/2663/2353
f 1763/2667/2355 1777/2668/2369 1776/2666/2368
f 1764/2654/2356 1777/2668/2369 1763/2667/2355
f 1764/2654/2356 1778/2669/2370 1777/2668/2369
f 1766/2653/2358 1778/2669/2370 1764/2654/2356
f 1766/2653/2358 1779/2670/2371 1778/2669/2370
f 1762/2665/2354 1780/2671/2372 1767/2672/2359
f 1762/2665/2354 1775/2664/2367 1780/2671/2372
f 1774/2662/2366 1781/2673/2364 1772/2660/2364
f 1774/2662/2366 1782/2674/2366 1781/2673/2364
f 1776/2675/2368 1751/2676/2336 1775/2677/2367
f 1776/2675/2368 1749/2678/2334 1751/2676/2336
f 1777/2679/2369 1749/2678/2334 1776/2675/2368
f 1777/2679/2369 1755/2680/2342 1749/2678/2334
f 1778/2681/2370 1755/2680/2342 1777/2679/2369
f 1778/2681/2370 1759/2682/2351 1755/2680/2342
f 1779/2670/2371 1759/2642/2351 1778/2669/2370
f 1779/2670/2371 1760/2643/2352 1759/2642/2351
f 1775/2677/2367 1770/2683/2362 1780/2684/2372
f 1775/2677/2367 1751/2676/2336 1770/2683/2362
f 1768/2685/2373 1783/2686/2374 1784/2687/2375
f 1768/2685/2373 1767/2688/2376 1783/2686/2374
f 1767/2688/2376 1785/2689/2377 1783/2686/2374
f 1767/2688/2376 1780/2690/2378 1785/2689/2377
f 1780/2690/2378 1786/2691/2379 1785/2689/2377
f 1780/2690/2378 1770/2692/2379 1786/2691/2379
f 1770/2692/2379 1787/2693/2380 1786/2691/2379
f 1770/2692/2379 1769/2694/2380 1787/2693/2380
f 1783/2695/2381 1774/2696/2382 1771/2697/2383
f 1783/2695/2381 1785/2698/2384 1774/2696/2382
f 1785/2698/2384 1782/2699/2385 1774/2696/2382
f 1785/2698/2384 1786/2700/2386 1782/2699/2385
f 1786/2700/2387 1781/2701/2387 1782/2699/2387
f 1786/2700/2387 1787/2702/2387 1781/2701/2387
f 1738/2611/2350 1788/2703/2388 1736/2608/2389
f 1738/2611/2350 1757/2640/2347 1788/2703/2388
f 1784/2704/2390 1757/2705/2390 1768/2706/2391
f 1784/2707/2392 1771/2697/2383 1789/2708/2393
f 1784/2707/2392 1783/2695/2381 1771/2697/2383
f 1789/2709/2394 1757/2705/2390 1784/2704/2390
f 1789/2709/2395 1788/2710/2395 1757/2705/2395
f 1731/2598/2396 1790/2711/2397 1732/2600/2398
f 1730/2595/2399 1790/2711/2397 1731/2598/2396
f 1729/2594/2400 1790/2711/2397 1730/2595/2399
f 1728/2712/2401 1727/2713/2402 1791/2714/2402
f 1727/2713/2402 1734/2715/2403 1791/2714/2402
f 1792/2716/2404 1791/2717/2405 1793/2718/2406
f 1792/2716/2404 1728/2591/2407 1791/2717/2405
f 1790/2711/2397 1728/2591/2407 1792/2716/2404
f 1790/2711/2397 1729/2594/2400 1728/2591/2407
f 1793/2718/2406 1734/2603/2408 1794/2719/2409
f 1793/2718/2406 1791/2717/2405 1734/2603/2408
f 1794/2719/2409 1795/2720/2410 1796/2721/2411
f 1794/2719/2409 1734/2603/2408 1795/2720/2410
f 1766/2653/2358 1765/2652/2357 1797/2722/2412
f 1750/2633/2335 1798/2723/2413 1748/2631/2333
f 1750/2633/2335 1799/2724/2414 1798/2723/2413
f 1800/2725/2415 1801/2726/2416 1802/2727/2417
f 1800/2725/2415 1803/2728/2418 1801/2726/2416
f 1772/2660/2364 1804/2729/2419 1773/2661/2365
f 1772/2660/2364 1805/2730/2364 1804/2729/2419
f 1781/2673/2364 1805/2730/2364 1772/2660/2364
f 1781/2673/2364 1806/2731/2364 1805/2730/2364
f 1779/2670/2371 1807/2732/2420 1760/2643/2352
f 1779/2670/2371 1808/2733/2421 1807/2732/2420
f 1787/2702/2387 1806/2734/2387 1781/2701/2387
f 1787/2702/2387 1809/2735/2387 1806/2734/2387
f 1771/2659/2363 1800/2725/2415 1789/2736/2422
f 1771/2659/2363 1773/2661/2365 1800/2725/2415
f 1789/2736/2422 1802/2727/2417 1788/2703/2423
f 1789/2736/2422 1800/2725/2415 1802/2727/2417
f 1810/2737/2424 1760/2643/2352 1807/2732/2420
f 1810/2737/2424 1754/2637/2341 1760/2643/2352
f 1808/2733/2421 1766/2653/2358 1797/2722/2412
f 1808/2733/2421 1779/2670/2371 1766/2653/2358
f 1803/2728/2418 1773/2661/2365 1804/2729/2419
f 1803/2728/2418 1800/2725/2415 1773/2661/2365
f 1799/2724/2414 1754/2637/2341 1810/2737/2424
f 1799/2724/2414 1750/2633/2335 1754/2637/2341
f 1811/2738/2361 1748/2631/2333 1798/2723/2413
f 1811/2738/2361 1769/2657/2361 1748/2631/2333
f 1809/2739/2380 1769/2694/2380 1811/2740/2380
f 1809/2739/2380 1787/2693/2380 1769/2694/2380
f 199/2592/2296 1734/2603/2306 1727/2590/2294
f 199/2592/2296 200/2601/2304 1734/2603/2306
f 663/2741/2425 1812/2742/2426 698/2743/2427
f 663/2741/2425 1813/2744/2428 1812/2742/2426
f 712/2745/2429 1814/2746/2430 713/2747/2431
f 712/2745/2429 1815/2748/2432 1814/2746/2430
f 713/2747/2431 1813/2744/2428 663/2741/2425
f 713/2747/2431 1814/2746/2430 1813/2744/2428
f 711/2749/2433 1815/2748/2432 712/2745/2429
f 711/2749/2433 1816/2750/2434 1815/2748/2432
f 212/2599/2303 1816/2750/2434 711/2749/2433
f 212/2599/2303 1732/2600/1857 1816/2750/2434
f 699/2751/2435 1817/2752/2436 700/2753/2437
f 699/2751/2435 1818/2754/2438 1817/2752/2436
f 700/2753/2437 1819/2755/2439 701/2756/2440
f 700/2753/2437 1817/2752/2436 1819/2755/2439
f 706/2757/2441 1820/2758/2442 704/2759/2443
f 706/2757/2441 1821/2760/2444 1820/2758/2442
f 704/2759/2443 1822/2761/2445 702/2762/2446
f 704/2759/2443 1820/2758/2442 1822/2761/2445
f 707/2763/2447 1823/2764/2448 710/2765/2449
f 707/2763/2447 1824/2766/2450 1823/2764/2448
f 710/2765/2449 1821/2760/2444 706/2757/2441
f 710/2765/2449 1823/2764/2448 1821/2760/2444
f 784/2767/2451 1825/2768/2452 880/2769/2453
f 784/2767/2451 1826/2770/2454 1825/2768/2452
f 702/2762/2446 1826/2770/2454 784/2767/2451
f 702/2762/2446 1822/2761/2445 1826/2770/2454
f 701/2756/2440 1827/2771/2455 709/2772/2456
f 701/2756/2440 1819/2755/2439 1827/2771/2455
f 709/2772/2456 1824/2766/2450 707/2763/2447
f 709/2772/2456 1827/2771/2455 1824/2766/2450
f 880/2769/2453 1828/2773/2457 881/2774/2458
f 880/2769/2453 1825/2768/2452 1828/2773/2457
f 881/2774/2458 1829/2775/2459 882/2776/2460
f 881/2774/2458 1828/2773/2457 1829/2775/2459
f 882/2776/2460 1830/2777/2461 883/2778/2462
f 882/2776/2460 1829/2775/2459 1830/2777/2461
f 883/2778/2462 1747/2629/2332 417/2630/1702
f 883/2778/2462 1830/2777/2461 1747/2629/2332
f 1831/2779/2463 1832/2780/2464 1833/2781/2465
f 1831/2779/2463 1834/2782/2466 1832/2780/2464
f 1825/2768/2467 1835/2783/2468 1828/2773/2469
f 1825/2768/2467 1836/2784/2470 1835/2783/2468
f 1837/2785/2471 1832/2780/2464 1834/2782/2466
f 1837/2785/2471 1838/2786/2472 1832/2780/2464
f 1756/2639/2344 1747/2629/2343 1835/2783/2468
f 1747/2629/2343 1830/2777/2473 1835/2783/2468
f 1829/2775/2474 1835/2783/2468 1830/2777/2473
f 1835/2783/2468 1829/2775/2474 1828/2773/2469
f 1839/2787/2475 1826/2770/2348 1822/2761/2476
f 1839/2787/2475 1840/2788/2477 1826/2770/2348
f 1841/2789/2478 1837/2785/2471 1842/2790/2479
f 1841/2789/2478 1838/2786/2472 1837/2785/2471
f 1840/2788/2477 1825/2768/2467 1826/2770/2348
f 1840/2788/2477 1836/2784/2470 1825/2768/2467
f 1839/2791/2475 1843/2792/2480 1840/2793/2477
f 1839/2791/2475 1844/2794/2481 1843/2792/2480
f 1840/2793/2477 1845/2795/2482 1836/2796/2470
f 1840/2793/2477 1843/2792/2480 1845/2795/2482
f 1836/2796/2470 1846/2797/2483 1835/2798/2468
f 1836/2796/2470 1845/2795/2482 1846/2797/2483
f 1835/2783/2468 1765/2652/2357 1756/2639/2344
f 1765/2652/2357 1835/2783/2468 1847/2799/2484
f 1846/2800/2483 1847/2799/2484 1835/2783/2468
f 1839/2791/2475 1848/2801/2485 1844/2794/2481
f 1839/2791/2475 1849/2802/2486 1848/2801/2485
f 1833/2781/2465 1850/2803/2361 1831/2779/2463
f 1833/2781/2465 1851/2804/2487 1850/2803/2361
f 1852/2805/2488 1853/2806/2364 1854/2807/2366
f 1852/2805/2488 1855/2808/2365 1853/2806/2364
f 1843/2809/2480 1856/2810/2489 1857/2811/2490
f 1843/2809/2480 1844/2812/2481 1856/2810/2489
f 1845/2813/2482 1857/2811/2490 1858/2814/2491
f 1845/2813/2482 1843/2809/2480 1857/2811/2490
f 1846/2800/2483 1858/2814/2491 1859/2815/2492
f 1846/2800/2483 1845/2813/2482 1858/2814/2491
f 1847/2799/2484 1859/2815/2492 1860/2816/2493
f 1847/2799/2484 1846/2800/2483 1859/2815/2492
f 1844/2812/2481 1861/2817/2494 1856/2810/2489
f 1844/2812/2481 1848/2818/2485 1861/2817/2494
f 1854/2807/2366 1862/2819/2364 1863/2820/2364
f 1854/2807/2366 1853/2806/2364 1862/2819/2364
f 1857/2821/2490 1833/2822/2465 1832/2823/2464
f 1857/2821/2490 1856/2824/2489 1833/2822/2465
f 1858/2825/2491 1832/2823/2464 1838/2826/2472
f 1858/2825/2491 1857/2821/2490 1832/2823/2464
f 1859/2827/2492 1838/2826/2472 1841/2828/2478
f 1859/2827/2492 1858/2825/2491 1838/2826/2472
f 1860/2816/2493 1841/2789/2478 1842/2790/2479
f 1860/2816/2493 1859/2815/2492 1841/2789/2478
f 1856/2824/2489 1851/2829/2487 1833/2822/2465
f 1856/2824/2489 1861/2830/2494 1851/2829/2487
f 1849/2831/2495 1864/2832/2496 1848/2833/2497
f 1849/2831/2495 1865/2834/2498 1864/2832/2496
f 1848/2833/2497 1866/2835/2499 1861/2836/2500
f 1848/2833/2497 1864/2832/2496 1866/2835/2499
f 1861/2836/2500 1867/2837/2379 1851/2838/2379
f 1861/2836/2500 1866/2835/2499 1867/2837/2379
f 1851/2838/2379 1868/2839/2380 1850/2840/2380
f 1851/2838/2379 1867/2837/2379 1868/2839/2380
f 1864/2841/2501 1854/2842/2502 1866/2843/2503
f 1864/2841/2501 1852/2844/2504 1854/2842/2502
f 1866/2843/2503 1863/2845/2505 1867/2846/2506
f 1866/2843/2503 1854/2842/2502 1863/2845/2505
f 1867/2846/2506 1862/2847/2387 1868/2848/2387
f 1867/2846/2506 1863/2845/2505 1862/2847/2387
f 1822/2761/2476 1869/2849/2507 1839/2787/2475
f 1822/2761/2476 1820/2758/2508 1869/2849/2507
f 1865/2850/2509 1849/2851/2510 1839/2852/2511
f 1865/2853/2509 1852/2844/2504 1864/2841/2501
f 1865/2853/2509 1870/2854/2512 1852/2844/2504
f 1870/2855/2512 1865/2850/2509 1839/2852/2511
f 1870/2855/2513 1839/2852/2513 1869/2856/2513
f 1814/2746/2514 1732/2600/2398 1790/2711/2397
f 1814/2746/2514 1816/2750/2515 1732/2600/2398
f 1814/2746/2514 1815/2748/2516 1816/2750/2515
f 1813/2857/2517 1871/2858/2517 1812/2859/2517
f 1812/2859/2518 1871/2858/2518 1818/2860/2518
f 1792/2716/2404 1871/2861/2519 1813/2744/2520
f 1792/2716/2404 1793/2718/2406 1871/2861/2519
f 1790/2711/2397 1813/2744/2520 1814/2746/2514
f 1790/2711/2397 1792/2716/2404 1813/2744/2520
f 1793/2718/2406 1818/2754/2521 1871/2861/2519
f 1793/2718/2406 1794/2719/2409 1818/2754/2521
f 1794/2719/2409 1872/2862/2522 1818/2754/2521
f 1794/2719/2409 1796/2721/2411 1872/2862/2522
f 1847/2799/2484 1797/2722/2412 1765/2652/2357
f 1834/2782/2466 1798/2723/2413 1799/2724/2414
f 1834/2782/2466 1831/2779/2463 1798/2723/2413
f 1873/2863/2523 1801/2726/2416 1803/2728/2418
f 1873/2863/2523 1874/2864/2524 1801/2726/2416
f 1853/2806/2364 1804/2729/2419 1805/2730/2364
f 1853/2806/2364 1855/2808/2365 1804/2729/2419
f 1862/2819/2364 1805/2730/2364 1806/2731/2364
f 1862/2819/2364 1853/2806/2364 1805/2730/2364
f 1860/2816/2493 1807/2732/2420 1808/2733/2421
f 1860/2816/2493 1842/2790/2479 1807/2732/2420
f 1868/2848/2387 1806/2734/2387 1809/2735/2387
f 1868/2848/2387 1862/2847/2387 1806/2734/2387
f 1852/2805/2488 1873/2863/2523 1855/2808/2365
f 1852/2805/2488 1870/2865/2525 1873/2863/2523
f 1870/2865/2525 1874/2864/2524 1873/2863/2523
f 1870/2865/2525 1869/2849/2526 1874/2864/2524
f 1810/2737/2424 1842/2790/2479 1837/2785/2471
f 1810/2737/2424 1807/2732/2420 1842/2790/2479
f 1808/2733/2421 1847/2799/2484 1860/2816/2493
f 1808/2733/2421 1797/2722/2412 1847/2799/2484
f 1803/2728/2418 1855/2808/2365 1873/2863/2523
f 1803/2728/2418 1804/2729/2419 1855/2808/2365
f 1799/2724/2414 1837/2785/2471 1834/2782/2466
f 1799/2724/2414 1810/2737/2424 1837/2785/2471
f 1811/2738/2361 1831/2779/2463 1850/2803/2361
f 1811/2738/2361 1798/2723/2413 1831/2779/2463
f 1809/2739/2380 1850/2840/2380 1868/2839/2380
f 1809/2739/2380 1811/2740/2380 1850/2840/2380
f 698/2743/2427 1818/2754/2438 699/2751/2435
f 698/2743/2427 1812/2742/2426 1818/2754/2438
f 1733/2602/763 1795/2720/763 1734/2603/763
f 1818/2754/115 1872/2862/115 1817/2752/115
f 1795/2720/2527 1733/2602/2528 1796/2721/2529
f 1735/2605/2530 1796/2721/2529 1733/2602/2528
f 1796/2721/2529 1735/2605/2530 1872/2862/2531
f 1743/2621/2532 1872/2862/2531 1735/2605/2530
f 1743/2621/2532 1817/2752/2533 1872/2862/2531
f 1817/2752/2533 1743/2621/2532 1819/2755/2534
f 1740/2615/2535 1819/2755/2534 1743/2621/2532
f 1819/2755/2534 1740/2615/2535 1827/2771/2536
f 1739/2614/2537 1827/2771/2536 1740/2615/2535
f 1827/2771/2536 1739/2614/2537 1824/2766/2538
f 1739/2614/2537 1737/2609/2539 1824/2766/2538
f 1736/2608/2540 1824/2766/2538 1737/2609/2539
f 1736/2608/2540 1823/2764/2541 1824/2766/2538
f 1823/2764/2541 1736/2608/2540 1821/2760/2542
f 1736/2608/2540 1788/2703/2543 1821/2760/2542
f 1802/2727/2544 1821/2760/2542 1788/2703/2543
f 1801/2726/2545 1821/2760/2542 1802/2727/2544
f 1874/2864/2546 1821/2760/2542 1801/2726/2545
f 1869/2849/2547 1821/2760/2542 1874/2864/2546
f 1820/2758/2548 1821/2760/2542 1869/2849/2547
f 1875/2866/2549 1876/2867/2550 1877/2868/2551
f 1875/2866/2549 1878/2869/2552 1876/2867/2550
f 1875/2866/2549 1879/2870/2553 1878/2869/2552
f 1875/2866/2549 1880/2871/2554 1879/2870/2553
f 1875/2866/2549 1881/2872/2555 1880/2871/2554
f 1875/2866/2549 1882/2873/2556 1881/2872/2555
f 1875/2866/2549 1883/2874/2557 1882/2873/2556
f 1875/2866/2549 1884/2875/2558 1883/2874/2557
f 1875/2866/2549 1885/2876/2559 1884/2875/2558
f 1875/2866/2549 1886/2877/2560 1885/2876/2559
f 1875/2866/2549 1887/2878/2561 1886/2877/2560
f 1259/2879/2562 1881/2872/2555 1882/2873/2556
f 1259/2879/2562 1256/2880/2563 1881/2872/2555
f 1256/2880/2563 1880/2871/2554 1881/2872/2555
f 1256/2880/2563 1260/2881/2564 1880/2871/2554
f 1260/2881/2564 1879/2870/2553 1880/2871/2554
f 1260/2881/2564 1262/2882/2565 1879/2870/2553
f 1262/2882/2565 1878/2869/2552 1879/2870/2553
f 1262/2882/2565 1264/2883/2566 1878/2869/2552
f 1264/2883/2566 1876/2867/2550 1878/2869/2552
f 1264/2883/2566 1266/2884/2567 1876/2867/2550
f 1266/2884/2567 1877/2868/2551 1876/2867/2550
f 1266/2884/2567 1268/2885/2568 1877/2868/2551
f 1273/2886/2569 1887/2878/2561 1875/2866/2549
f 1273/2886/2569 1270/2887/2570 1887/2878/2561
f 1270/2887/2570 1886/2877/2560 1887/2878/2561
f 1270/2887/2570 1274/2888/2571 1886/2877/2560
f 1274/2888/2571 1885/2876/2559 1886/2877/2560
f 1274/2888/2571 1276/2889/2572 1885/2876/2559
f 1276/2889/2572 1884/2875/2558 1885/2876/2559
f 1276/2889/2572 1278/2890/2573 1884/2875/2558
f 1278/2890/2573 1883/2874/2557 1884/2875/2558
f 1278/2890/2573 1280/2891/2574 1883/2874/2557
f 1280/2891/2574 1882/2873/2556 1883/2874/2557
f 1280/2891/2574 1259/2879/2562 1882/2873/2556
f 1888/2892/2575 1877/2868/2551 1889/2893/2576
f 1890/2894/2577 1877/2868/2551 1888/2892/2575
f 1891/2895/2578 1877/2868/2551 1890/2894/2577
f 1892/2896/2579 1877/2868/2551 1891/2895/2578
f 1893/2897/2580 1877/2868/2551 1892/2896/2579
f 1894/2898/2581 1877/2868/2551 1893/2897/2580
f 1895/2899/2582 1877/2868/2551 1894/2898/2581
f 1896/2900/2583 1877/2868/2551 1895/2899/2582
f 1897/2901/2584 1877/2868/2551 1896/2900/2583
f 1898/2902/2585 1877/2868/2551 1897/2901/2584
f 1875/2866/2549 1877/2868/2551 1898/2902/2585
f 1282/2903/2586 1892/2896/2579 1285/2904/2587
f 1282/2903/2586 1893/2897/2580 1892/2896/2579
f 1285/2904/2587 1891/2895/2578 1287/2905/2588
f 1285/2904/2587 1892/2896/2579 1891/2895/2578
f 1287/2905/2588 1890/2894/2577 1289/2906/2589
f 1287/2905/2588 1891/2895/2578 1890/2894/2577
f 1289/2906/2589 1888/2892/2575 1291/2907/2590
f 1289/2906/2589 1890/2894/2577 1888/2892/2575
f 1291/2907/2590 1889/2893/2576 1293/2908/2591
f 1291/2907/2590 1888/2892/2575 1889/2893/2576
f 1293/2908/2591 1877/2868/2551 1268/2885/2568
f 1293/2908/2591 1889/2893/2576 1877/2868/2551
f 1273/2886/2569 1898/2902/2585 1295/2909/2592
f 1273/2886/2569 1875/2866/2549 1898/2902/2585
f 1295/2909/2592 1897/2901/2584 1297/2910/2593
f 1295/2909/2592 1898/2902/2585 1897/2901/2584
f 1297/2910/2593 1896/2900/2583 1299/2911/2594
f 1297/2910/2593 1897/2901/2584 1896/2900/2583
f 1299/2911/2594 1895/2899/2582 1301/2912/2595
f 1299/2911/2594 1896/2900/2583 1895/2899/2582
f 1301/2912/2595 1894/2898/2581 1303/2913/2596
f 1301/2912/2595 1895/2899/2582 1894/2898/2581
f 1303/2913/2596 1893/2897/2580 1282/2903/2586
f 1303/2913/2596 1894/2898/2581 1893/2897/2580
f 1899/2914/2597 1900/2915/2598 1901/2916/2599
f 1901/2916/2599 1902/2917/2600 1899/2914/2597
f 1900/2915/2598 1903/2918/2601 1901/2916/2599
f 1904/2919/2602 1905/2920/2603 1901/2916/2599
f 1901/2916/2599 1903/2918/2601 1904/2919/2602
f 1906/2921/2604 1902/2917/2600 1901/2916/2599
f 1901/2916/2599 1905/2920/2603 1906/2921/2604
f 1907/2922/2605 1908/2923/2606 1909/2924/2607
f 1909/2924/2607 1910/2925/2608 1907/2922/2605
f 1911/2926/2609 1912/2927/2610 1909/2924/2607
f 1909/2924/2607 1908/2923/2606 1911/2926/2609
f 1913/2928/2611 1914/2929/2612 1909/2924/2607
f 1909/2924/2607 1912/2927/2610 1913/2928/2611
f 1914/2929/2612 1915/2930/2613 1910/2925/2608
f 1910/2925/2608 1909/2924/2607 1914/2929/2612
f 1913/2928/2611 1912/2927/2610 1916/2931/2614
f 1911/2926/2609 1917/2932/2615 1912/2927/2610
f 1918/2933/2616 1916/2931/2614 1912/2927/2610
f 1912/2927/2610 1917/2932/2615 1918/2933/2616
f 1919/2934/2617 1920/2935/2618 1921/2936/2619
f 1921/2936/2619 1922/2937/2620 1919/2934/2617
f 1923/2938/2621 1924/2939/2622 1921/2936/2619
f 1921/2936/2619 1920/2935/2618 1923/2938/2621
f 1925/2940/2623 1926/2941/2624 1921/2936/2619
f 1921/2936/2619 1924/2939/2622 1925/2940/2623
f 1927/2942/2625 1922/2937/2620 1921/2936/2619
f 1921/2936/2619 1926/2941/2624 1927/2942/2625
f 1928/2943/2626 1929/2944/2627 1930/2945/2628
f 1931/2946/2629 1930/2945/2628 1929/2944/2627
f 1932/2947/2630 1933/2948/2631 1934/2949/2632
f 1934/2949/2632 1935/2950/2633 1932/2947/2630
f 1936/2951/2634 1937/2952/2635 1934/2949/2632
f 1934/2949/2632 1933/2948/2631 1936/2951/2634
f 1899/2914/2597 1902/2917/2600 1934/2949/2632
f 1934/2949/2632 1937/2952/2635 1899/2914/2597
f 1906/2921/2604 1935/2950/2633 1934/2949/2632
f 1934/2949/2632 1902/2917/2600 1906/2921/2604
f 1927/2942/2625 1938/2953/2636 1939/2954/2637
f 1939/2954/2637 1922/2937/2620 1927/2942/2625
f 1936/2951/2634 1933/2948/2631 1939/2954/2637
f 1939/2954/2637 1938/2953/2636 1936/2951/2634
f 1932/2947/2630 1940/2955/2638 1939/2954/2637
f 1939/2954/2637 1933/2948/2631 1932/2947/2630
f 1919/2934/2617 1922/2937/2620 1939/2954/2637
f 1939/2954/2637 1940/2955/2638 1919/2934/2617
f 1918/2933/2616 1941/2956/2639 1942/2957/2640
f 1942/2957/2640 1943/2958/2641 1918/2933/2616
f 1944/2959/2642 1945/2960/2643 1942/2957/2640
f 1942/2957/2640 1941/2956/2639 1944/2959/2642
f 1946/2961/2644 1947/2962/2645 1942/2957/2640
f 1942/2957/2640 1945/2960/2643 1946/2961/2644
f 1948/2963/2646 1943/2958/2641 1942/2957/2640
f 1942/2957/2640 1947/2962/2645 1948/2963/2646
f 1944/2959/2642 1949/2964/2647 1950/2965/2648
f 1950/2965/2648 1945/2960/2643 1944/2959/2642
f 1951/2966/2649 1952/2967/2650 1950/2965/2648
f 1950/2965/2648 1949/2964/2647 1951/2966/2649
f 1953/2968/2651 1954/2969/2652 1950/2965/2648
f 1950/2965/2648 1952/2967/2650 1953/2968/2651
f 1946/2961/2644 1945/2960/2643 1950/2965/2648
f 1950/2965/2648 1954/2969/2652 1946/2961/2644
f 1907/2922/2605 1955/2970/2653 1956/2971/2654
f 1956/2971/2654 1908/2923/2606 1907/2922/2605
f 1957/2972/2655 1958/2973/2656 1956/2971/2654
f 1956/2971/2654 1955/2970/2653 1957/2972/2655
f 1959/2974/2657 1960/2975/2658 1956/2971/2654
f 1956/2971/2654 1958/2973/2656 1959/2974/2657
f 1911/2926/2609 1908/2923/2606 1956/2971/2654
f 1956/2971/2654 1960/2975/2658 1911/2926/2609
f 1961/2976/2659 1962/2977/2660 1963/2978/2661
f 1963/2978/2661 1964/2979/2662 1961/2976/2659
f 1965/2980/2663 1966/2981/2664 1963/2978/2661
f 1963/2978/2661 1962/2977/2660 1965/2980/2663
f 1959/2974/2657 1958/2973/2656 1963/2978/2661
f 1963/2978/2661 1966/2981/2664 1959/2974/2657
f 1957/2972/2655 1964/2979/2662 1963/2978/2661
f 1963/2978/2661 1958/2973/2656 1957/2972/2655
f 1951/2966/2649 1949/2964/2647 1967/2982/2665
f 1967/2982/2665 1968/2983/2666 1951/2966/2649
f 1944/2959/2642 1969/2984/2667 1967/2982/2665
f 1967/2982/2665 1949/2964/2647 1944/2959/2642
f 1959/2974/2657 1966/2981/2664 1967/2982/2665
f 1967/2982/2665 1969/2984/2667 1959/2974/2657
f 1965/2980/2663 1968/2983/2666 1967/2982/2665
f 1967/2982/2665 1966/2981/2664 1965/2980/2663
f 1918/2933/2616 1917/2932/2615 1970/2985/2668
f 1970/2985/2668 1941/2956/2639 1918/2933/2616
f 1911/2926/2609 1960/2975/2658 1970/2985/2668
f 1970/2985/2668 1917/2932/2615 1911/2926/2609
f 1959/2974/2657 1969/2984/2667 1970/2985/2668
f 1970/2985/2668 1960/2975/2658 1959/2974/2657
f 1944/2959/2642 1941/2956/2639 1970/2985/2668
f 1970/2985/2668 1969/2984/2667 1944/2959/2642
f 1913/2928/2611 1916/2931/2614 1971/2986/2669
f 1918/2933/2616 1943/2958/2641 1971/2986/2669
f 1971/2986/2669 1916/2931/2614 1918/2933/2616
f 1948/2963/2646 1971/2986/2669 1943/2958/2641
f 1951/2966/2649 1968/2983/2666 1972/2987/2670
f 1972/2987/2670 1973/2988/2671 1951/2966/2649
f 1965/2980/2663 1974/2989/2672 1972/2987/2670
f 1972/2987/2670 1968/2983/2666 1965/2980/2663
f 1932/2947/2630 1935/2950/2633 1972/2987/2670
f 1972/2987/2670 1974/2989/2672 1932/2947/2630
f 1906/2921/2604 1973/2988/2671 1972/2987/2670
f 1972/2987/2670 1935/2950/2633 1906/2921/2604
f 1961/2976/2659 1975/2990/2673 1976/2991/2674
f 1976/2991/2674 1962/2977/2660 1961/2976/2659
f 1919/2934/2617 1940/2955/2638 1976/2991/2674
f 1976/2991/2674 1975/2990/2673 1919/2934/2617
f 1932/2947/2630 1974/2989/2672 1976/2991/2674
f 1976/2991/2674 1940/2955/2638 1932/2947/2630
f 1965/2980/2663 1962/2977/2660 1976/2991/2674
f 1976/2991/2674 1974/2989/2672 1965/2980/2663
f 1907/2922/2605 1910/2925/2608 1977/2992/2675
f 1977/2992/2675 1978/2993/2676 1907/2922/2605
f 1910/2925/2608 1915/2930/2613 1979/2994/2677
f 1979/2994/2677 1977/2992/2675 1910/2925/2608
f 1979/2994/2677 1980/2995/2678 1981/2996/2679
f 1981/2996/2679 1977/2992/2675 1979/2994/2677
f 1982/2997/2680 1978/2993/2676 1977/2992/2675
f 1977/2992/2675 1981/2996/2679 1982/2997/2680
f 1961/2976/2659 1983/2998/2681 1984/2999/2682
f 1984/2999/2682 1975/2990/2673 1961/2976/2659
f 1985/3000/2683 1986/3001/2684 1984/2999/2682
f 1984/2999/2682 1983/2998/2681 1985/3000/2683
f 1923/2938/2621 1920/2935/2618 1984/2999/2682
f 1984/2999/2682 1986/3001/2684 1923/2938/2621
f 1919/2934/2617 1975/2990/2673 1984/2999/2682
f 1984/2999/2682 1920/2935/2618 1919/2934/2617
f 1961/2976/2659 1964/2979/2662 1987/3002/2685
f 1987/3002/2685 1983/2998/2681 1961/2976/2659
f 1957/2972/2655 1988/3003/2686 1987/3002/2685
f 1987/3002/2685 1964/2979/2662 1957/2972/2655
f 1989/3004/2687 1990/3005/2688 1987/3002/2685
f 1987/3002/2685 1988/3003/2686 1989/3004/2687
f 1985/3000/2683 1983/2998/2681 1987/3002/2685
f 1987/3002/2685 1990/3005/2688 1985/3000/2683
f 1907/2922/2605 1978/2993/2676 1991/3006/2689
f 1991/3006/2689 1955/2970/2653 1907/2922/2605
f 1982/2997/2680 1992/3007/2690 1991/3006/2689
f 1991/3006/2689 1978/2993/2676 1982/2997/2680
f 1989/3004/2687 1988/3003/2686 1991/3006/2689
f 1991/3006/2689 1992/3007/2690 1989/3004/2687
f 1957/2972/2655 1955/2970/2653 1991/3006/2689
f 1991/3006/2689 1988/3003/2686 1957/2972/2655
f 1930/2945/2628 1993/3008/2691 1928/2943/2626
f 1994/3009/2692 1995/3010/2693 1996/3011/2694
f 1996/3011/2694 1997/3012/2695 1994/3009/2692
f 1931/2946/2629 1995/3010/2693 1994/3009/2692
f 1994/3009/2692 1930/2945/2628 1931/2946/2629
f 1997/3012/2695 1996/3011/2694 1998/3013/2696
f 1998/3013/2696 1999/3014/2697 1997/3012/2695
f 2000/3015/2698 1999/3014/2697 1998/3013/2696
f 1998/3013/2696 2001/3016/2699 2000/3015/2698
f 1951/2966/2649 1973/2988/2671 2002/3017/2700
f 2002/3017/2700 1952/2967/2650 1951/2966/2649
f 1906/2921/2604 1905/2920/2603 2002/3017/2700
f 2002/3017/2700 1973/2988/2671 1906/2921/2604
f 1904/2919/2602 2003/3018/2701 2002/3017/2700
f 2002/3017/2700 1905/2920/2603 1904/2919/2602
f 1953/2968/2651 1952/2967/2650 2002/3017/2700
f 2002/3017/2700 2003/3018/2701 1953/2968/2651
f 2004/3019/2702 2005/3020/2703 2006/3021/2704
f 2006/3021/2704 2007/3022/2705 2004/3019/2702
f 2007/3022/2705 2006/3021/2704 2008/3023/2706
f 2009/3024/2707 2008/3023/2706 2006/3021/2704
f 2006/3021/2704 2010/3025/2708 2009/3024/2707
f 2011/3026/2709 2010/3025/2708 2006/3021/2704
f 2006/3021/2704 2005/3020/2703 2011/3026/2709
f 2012/3027/2710 2013/3028/2711 2014/3029/2712
f 2014/3029/2712 2015/3030/2713 2012/3027/2710
f 2016/3031/2714 2015/3030/2713 2014/3029/2712
f 2014/3029/2712 2017/3032/2715 2016/3031/2714
f 2018/3033/2716 2017/3032/2715 2014/3029/2712
f 2014/3029/2712 2019/3034/2717 2018/3033/2716
f 2019/3034/2717 2014/3029/2712 2013/3028/2711
f 2013/3028/2711 2020/3035/2718 2019/3034/2717
f 2018/3033/2716 2021/3036/2719 2017/3032/2715
f 2016/3031/2714 2017/3032/2715 2022/3037/2720
f 2023/3038/2721 2022/3037/2720 2017/3032/2715
f 2017/3032/2715 2021/3036/2719 2023/3038/2721
f 2024/3039/2722 2025/3040/2723 2026/3041/2724
f 2026/3041/2724 2027/3042/2725 2024/3039/2722
f 1923/2938/2621 2027/3042/2725 2026/3041/2724
f 2026/3041/2724 1924/2939/2622 1923/2938/2621
f 1925/2940/2623 1924/2939/2622 2026/3041/2724
f 2026/3041/2724 2028/3043/2726 1925/2940/2623
f 2029/3044/2727 2028/3043/2726 2026/3041/2724
f 2026/3041/2724 2025/3040/2723 2029/3044/2727
f 2030/3045/2728 2031/3046/2729 2032/3047/2730
f 2033/3048/2731 2032/3047/2730 2031/3046/2729
f 2034/3049/2732 2035/3050/2733 2036/3051/2734
f 2036/3051/2734 2037/3052/2735 2034/3049/2732
f 2038/3053/2736 2037/3052/2735 2036/3051/2734
f 2036/3051/2734 2039/3054/2737 2038/3053/2736
f 2004/3019/2702 2039/3054/2737 2036/3051/2734
f 2036/3051/2734 2005/3020/2703 2004/3019/2702
f 2011/3026/2709 2005/3020/2703 2036/3051/2734
f 2036/3051/2734 2035/3050/2733 2011/3026/2709
f 2029/3044/2727 2025/3040/2723 2040/3055/2738
f 2040/3055/2738 2041/3056/2739 2029/3044/2727
f 2038/3053/2736 2041/3056/2739 2040/3055/2738
f 2040/3055/2738 2037/3052/2735 2038/3053/2736
f 2034/3049/2732 2037/3052/2735 2040/3055/2738
f 2040/3055/2738 2042/3057/2740 2034/3049/2732
f 2024/3039/2722 2042/3057/2740 2040/3055/2738
f 2040/3055/2738 2025/3040/2723 2024/3039/2722
f 2023/3038/2721 2043/3058/2741 2044/3059/2742
f 2044/3059/2742 2045/3060/2743 2023/3038/2721
f 2046/3061/2744 2045/3060/2743 2044/3059/2742
f 2044/3059/2742 2047/3062/2745 2046/3061/2744
f 2048/3063/2746 2047/3062/2745 2044/3059/2742
f 2044/3059/2742 2049/3064/2747 2048/3063/2746
f 2050/3065/2748 2049/3064/2747 2044/3059/2742
f 2044/3059/2742 2043/3058/2741 2050/3065/2748
f 2046/3061/2744 2047/3062/2745 2051/3066/2749
f 2051/3066/2749 2052/3067/2750 2046/3061/2744
f 2053/3068/2751 2052/3067/2750 2051/3066/2749
f 2051/3066/2749 2054/3069/2752 2053/3068/2751
f 2055/3070/2753 2054/3069/2752 2051/3066/2749
f 2051/3066/2749 2056/3071/2754 2055/3070/2753
f 2048/3063/2746 2056/3071/2754 2051/3066/2749
f 2051/3066/2749 2047/3062/2745 2048/3063/2746
f 2012/3027/2710 2015/3030/2713 2057/3072/2755
f 2057/3072/2755 2058/3073/2756 2012/3027/2710
f 2059/3074/2757 2058/3073/2756 2057/3072/2755
f 2057/3072/2755 2060/3075/2758 2059/3074/2757
f 2061/3076/2759 2060/3075/2758 2057/3072/2755
f 2057/3072/2755 2062/3077/2760 2061/3076/2759
f 2016/3031/2714 2062/3077/2760 2057/3072/2755
f 2057/3072/2755 2015/3030/2713 2016/3031/2714
f 2063/3078/2761 2064/3079/2762 2065/3080/2763
f 2065/3080/2763 2066/3081/2764 2063/3078/2761
f 2067/3082/2765 2066/3081/2764 2065/3080/2763
f 2065/3080/2763 2068/3083/2766 2067/3082/2765
f 2061/3076/2759 2068/3083/2766 2065/3080/2763
f 2065/3080/2763 2060/3075/2758 2061/3076/2759
f 2059/3074/2757 2060/3075/2758 2065/3080/2763
f 2065/3080/2763 2064/3079/2762 2059/3074/2757
f 2053/3068/2751 2069/3084/2767 2070/3085/2768
f 2070/3085/2768 2052/3067/2750 2053/3068/2751
f 2046/3061/2744 2052/3067/2750 2070/3085/2768
f 2070/3085/2768 2071/3086/2769 2046/3061/2744
f 2061/3076/2759 2071/3086/2769 2070/3085/2768
f 2070/3085/2768 2068/3083/2766 2061/3076/2759
f 2067/3082/2765 2068/3083/2766 2070/3085/2768
f 2070/3085/2768 2069/3084/2767 2067/3082/2765
f 2023/3038/2721 2045/3060/2743 2072/3087/2770
f 2072/3087/2770 2022/3037/2720 2023/3038/2721
f 2016/3031/2714 2022/3037/2720 2072/3087/2770
f 2072/3087/2770 2062/3077/2760 2016/3031/2714
f 2061/3076/2759 2062/3077/2760 2072/3087/2770
f 2072/3087/2770 2071/3086/2769 2061/3076/2759
f 2046/3061/2744 2071/3086/2769 2072/3087/2770
f 2072/3087/2770 2045/3060/2743 2046/3061/2744
f 2018/3033/2716 2073/3088/2771 2021/3036/2719
f 2023/3038/2721 2021/3036/2719 2073/3088/2771
f 2073/3088/2771 2043/3058/2741 2023/3038/2721
f 2050/3065/2748 2043/3058/2741 2073/3088/2771
f 2053/3068/2751 2074/3089/2772 2075/3090/2773
f 2075/3090/2773 2069/3084/2767 2053/3068/2751
f 2067/3082/2765 2069/3084/2767 2075/3090/2773
f 2075/3090/2773 2076/3091/2774 2067/3082/2765
f 2034/3049/2732 2076/3091/2774 2075/3090/2773
f 2075/3090/2773 2035/3050/2733 2034/3049/2732
f 2011/3026/2709 2035/3050/2733 2075/3090/2773
f 2075/3090/2773 2074/3089/2772 2011/3026/2709
f 2063/3078/2761 2066/3081/2764 2077/3092/2775
f 2077/3092/2775 2078/3093/2776 2063/3078/2761
f 2024/3039/2722 2078/3093/2776 2077/3092/2775
f 2077/3092/2775 2042/3057/2740 2024/3039/2722
f 2034/3049/2732 2042/3057/2740 2077/3092/2775
f 2077/3092/2775 2076/3091/2774 2034/3049/2732
f 2067/3082/2765 2076/3091/2774 2077/3092/2775
f 2077/3092/2775 2066/3081/2764 2067/3082/2765
f 2012/3027/2710 2079/3094/2777 2080/3095/2778
f 2080/3095/2778 2013/3028/2711 2012/3027/2710
f 2013/3028/2711 2080/3095/2778 2081/3096/2779
f 2081/3096/2779 2020/3035/2718 2013/3028/2711
f 2081/3096/2779 2080/3095/2778 1981/2996/2679
f 1981/2996/2679 1980/2995/2678 2081/3096/2779
f 1982/2997/2680 1981/2996/2679 2080/3095/2778
f 2080/3095/2778 2079/3094/2777 1982/2997/2680
f 2063/3078/2761 2078/3093/2776 2082/3097/2780
f 2082/3097/2780 2083/3098/2781 2063/3078/2761
f 1985/3000/2683 2083/3098/2781 2082/3097/2780
f 2082/3097/2780 1986/3001/2684 1985/3000/2683
f 1923/2938/2621 1986/3001/2684 2082/3097/2780
f 2082/3097/2780 2027/3042/2725 1923/2938/2621
f 2024/3039/2722 2027/3042/2725 2082/3097/2780
f 2082/3097/2780 2078/3093/2776 2024/3039/2722
f 2063/3078/2761 2083/3098/2781 2084/3099/2782
f 2084/3099/2782 2064/3079/2762 2063/3078/2761
f 2059/3074/2757 2064/3079/2762 2084/3099/2782
f 2084/3099/2782 2085/3100/2783 2059/3074/2757
f 1989/3004/2687 2085/3100/2783 2084/3099/2782
f 2084/3099/2782 1990/3005/2688 1989/3004/2687
f 1985/3000/2683 1990/3005/2688 2084/3099/2782
f 2084/3099/2782 2083/3098/2781 1985/3000/2683
f 2012/3027/2710 2058/3073/2756 2086/3101/2784
f 2086/3101/2784 2079/3094/2777 2012/3027/2710
f 1982/2997/2680 2079/3094/2777 2086/3101/2784
f 2086/3101/2784 1992/3007/2690 1982/2997/2680
f 1989/3004/2687 1992/3007/2690 2086/3101/2784
f 2086/3101/2784 2085/3100/2783 1989/3004/2687
f 2059/3074/2757 2085/3100/2783 2086/3101/2784
f 2086/3101/2784 2058/3073/2756 2059/3074/2757
f 2031/3046/2729 2030/3045/2728 2087/3102/2785
f 2088/3103/2786 2089/3104/2787 2090/3105/2788
f 2090/3105/2788 2091/3106/2789 2088/3103/2786
f 2033/3048/2731 2031/3046/2729 2088/3103/2786
f 2088/3103/2786 2091/3106/2789 2033/3048/2731
f 2089/3104/2787 2092/3107/2790 2093/3108/2791
f 2093/3108/2791 2090/3105/2788 2089/3104/2787
f 2000/3015/2698 2001/3016/2699 2093/3108/2791
f 2093/3108/2791 2092/3107/2790 2000/3015/2698
f 2053/3068/2751 2054/3069/2752 2094/3109/2792
f 2094/3109/2792 2074/3089/2772 2053/3068/2751
f 2011/3026/2709 2074/3089/2772 2094/3109/2792
f 2094/3109/2792 2010/3025/2708 2011/3026/2709
f 2009/3024/2707 2010/3025/2708 2094/3109/2792
f 2094/3109/2792 2095/3110/2793 2009/3024/2707
f 2055/3070/2753 2095/3110/2793 2094/3109/2792
f 2094/3109/2792 2054/3069/2752 2055/3070/2753
f 2090/3111/2794 2093/3112/2795 2028/3113/2796
f 2028/3113/2796 2029/3114/2797 2090/3111/2794
f 2091/3115/2798 2090/3111/2794 2029/3114/2797
f 2029/3114/2797 2041/3116/2799 2091/3115/2798
f 2033/3117/2800 2091/3115/2798 2041/3116/2799
f 2041/3116/2799 2038/3118/2801 2033/3117/2800
f 2032/3119/2802 2033/3117/2800 2038/3118/2801
f 2038/3118/2801 2039/3120/2803 2032/3119/2802
f 2030/3121/2804 2032/3119/2802 2039/3120/2803
f 2039/3120/2803 2004/3122/2805 2030/3121/2804
f 2087/3123/2806 2030/3121/2804 2004/3122/2805
f 2004/3122/2807 2007/3124/2808 2087/3123/2806
f 1928/3125/2809 1993/3126/2810 1900/3127/2811
f 1900/3127/2811 1899/3128/2812 1928/3125/2809
f 1929/3129/2813 1928/3125/2809 1899/3128/2812
f 1899/3128/2812 1937/3130/2814 1929/3129/2813
f 1931/3131/2815 1929/3129/2813 1937/3130/2814
f 1937/3130/2814 1936/3132/2816 1931/3131/2815
f 1995/3133/2817 1931/3131/2815 1936/3132/2816
f 1936/3132/2816 1938/3134/2818 1995/3133/2817
f 1996/3135/2819 1995/3133/2817 1938/3134/2818
f 1938/3134/2818 1927/3136/2820 1996/3135/2819
f 1998/3137/2821 1996/3135/2819 1927/3136/2820
f 1927/3136/2820 1926/3138/2822 1998/3137/2821
f 2001/3139/2823 1998/3137/2821 1926/3138/2822
f 1926/3138/2822 1925/3140/2824 2001/3139/2823
f 2093/3112/2795 2001/3139/2823 1925/3140/2824
f 1925/3140/2824 2028/3113/2796 2093/3112/2795
